15767106
15747869
15744853
15744949
15725615
15723082
15763527
15745744
15719799
15742262
15745811
15714872
15745652
15745597
15725467
15745861
15736811
15736805
15737775
15724469
15727452
15714232
15745842
15721187
15682763
15726114
15729713
15725512
15726280
15714253
15652504
15668857
15676980
15721366
15671272
15760205
15749060
15736586
15672329
15671039
15701124
15627966
15609980
15734084
15696818
15627718
15590192
15634258
15701342
15590437
15761352
15629523
15604951
15585760
15579097
15746880
15623435
15579185
15679437
15734476
15584205
15736540
15590990
15559438
15618859
15583615
15563100
15691506
15534172
15555943
15557156
15714930
15763363
15518592
15662660
15691429
15691458
15691510
15691494
15549404
15504222
15504218
15653923
15656858
15517484
15653932
15655388
15691499
15691590
15473787
15473208
15691471
15468475
15494192
15493684
15658304
15479661
15412412
15570753
15470884
15470164
15658303
15656873
96364737
15691476
15402573
15413634
15437800
15491393
96364736
15442229
15679393
15655373
15563712
15593084
15678208
15412988
15734417
15495264
15393091
15393089
15393061
15443173
15495204
15392452
15376256
15393096
15376384
96381172
15553151
96381169
96381171
96381173
15678045
15378781
15393088
15442220
96364735
15495203
15557927
15368933
15339151
96364770
15310899
15305094
15393059
15373804
15393083
15557945
15337493
15444263
15362449
15350050
96350951
15318083
15393068
15493525
15310918
15393070
15339388
15372692
15340640
15393084
15364295
15302562
15323892
15312671
15372668
15312712
15497285
15393090
15290039
15325918
15495209
15679442
15393062
15393082
15249247
15221110
15221119
15393092
15284778
15323880
15284779
15393075
15393058
96365256
15298434
15335323
96300953
15374681
15325353
15497262
15225888
15226366
15226367
15361281
15218082
15325261
15361275
15495210
15374684
15201146
15228481
15204471
15256581
15273107
15300340
15326407
15296491
15326406
96317046
96317054
15326430
15374706
15393081
15374680
15201135
15374791
15133377
15133378
15393067
15212003
15393066
15237347
15374782
15151855
15236407
15236406
15358560
15137819
15374850
15199279
15300331
15253692
15300354
15179082
15209942
15272737
15235970
15284622
15118722
15283221
15283218
15283220
15283217
15283219
15271264
15147426
15123540
15192454
15238081
15151851
15105782
15611014
15272753
15140254
15271284
15201186
96285229
15121554
15121553
15121552
15374689
15096364
15208933
15104237
15126874
15186964
96285202
15395995
15076990
15076603
15076689
15230616
15226210
15100287
15140529
15184499
15006767
15021642
15184502
15085712
15184544
15057045
15001885
15207683
15184493
15300368
96271437
15184492
15024272
15300330
15374686
15064904
15076688
15024879
96281331
15184545
15076982
14971111
96281328
15157489
15011619
15006637
15157491
96281326
96281329
96281327
15035626
15006649
15001755
15184500
15009742
15157484
15157490
15026056
15005795
15374682
15705631
96274429
15157505
15157494
15002085
15002008
14996461
14994927
14995060
14979215
15374839
15666604
15006736
15374685
15006735
15031799
15102746
14996338
15009753
14990986
15002021
15166663
15008942
14967359
14945959
15001610
14961040
14964927
15184550
14961256
14961237
14977017
14961247
96280941
96280942
96280943
96280935
15001561
15009669
14863701
14930697
96388466
96388582
14879731
14979214
14867053
14961259
14961252
14961041
14939860
14867196
14961255
14979218
14967710
96257787
14961127
14884308
14879728
14917942
14880398
14874663
14874687
14880370
14874626
96237217
96237311
14879733
14879734
14884374
14870494
14879739
14874670
14831958
14870493
14833680
96237870
14961143
14880462
14879742
14884357
14874683
14747619
14880499
14786028
96326645
14880463
14856198
14961037
14860340
14874682
14816321
14874562
14895408
14874641
14880415
14874505
14874693
14870424
14874564
14870467
14870427
14880379
15379630
15379631
15379632
15379633
15379634
15379635
15379649
15379650
96307373
14854201
14879738
96237315
14715343
14870459
96235406
96237216
14872864
14884380
14880395
96229433
14874625
14870411
14731409
14917930
14874622
14870506
14880460
14870497
14870457
14803543
14880414
14884330
14803504
14880474
14721219
14874631
14711340
14715110
14717485
14717377
14717488
14717506
14879730
14713533
14717411
14721619
14711646
14717531
14715259
14664772
14717538
14710136
14722637
14722629
14717322
96235407
14638087
14662441
14645221
15659896
14662442
14699844
14918822
14643429
14643360
14635085
14651480
14599950
14633055
14698098
14711126
14600035
14698080
14699919
14731804
14699839
14585147
96203967
14699867
14587896
14699856
14713542
14713543
14627836
14545136
14715265
14713547
14731803
14593297
14793656
14584859
14701621
14593530
14699925
14699835
14593479
14584895
14699948
14699949
14683612
14604392
14880486
14699840
14699817
14621346
14621347
14699853
14616452
14472803
96203426
14825575
14727835
96193763
14416525
14612799
14612648
14488129
14641247
14644096
15006747
14472535
14399171
14463735
14471760
14472517
14471630
14503623
14825644
14382201
14423123
14399059
14731836
14731837
14731840
14731833
14731834
14731835
14731838
14731839
14345537
14347311
14427209
14407424
14472545
14471438
14347009
14345481
14348343
14347085
14674570
96183456
14347100
14729650
14879732
96186931
14347399
14347285
14347313
15362711
14347398
14348383
14345483
14348487
14472844
14472516
14699930
14347268
14421266
14347284
96305255
14729668
14347062
15374790
14427163
14427148
14879740
14347346
14376402
14329244
14503620
14324823
14427233
14251293
14253957
14274216
14268480
14348923
14348924
14348925
14348926
14348927
14348928
14348929
14348930
14348931
14348932
14503622
14276838
14268429
96213742
14252123
14424976
14424977
15696025
14348302
14251130
14276856
96192271
14276996
14676281
14676273
14254077
14236387
96192680
14251303
14277190
14276983
14268607
14268620
14345535
96192216
14172692
14183765
14254087
14183555
14252105
14264935
14268705
14316536
14396713
14376406
14314165
14276872
14182598
14320454
14183623
14274246
15086324
14262165
14262164
14322476
14183435
14473319
14473321
14473320
14473325
14473326
14473323
14183299
14473322
14473324
14317061
14169992
14160349
14153055
96166206
14155215
14155214
14156959
14169994
14166004
14274328
14278357
14262156
14268657
14331571
14274123
14137249
14137223
14143187
14143316
96137763
14137213
14277121
14137385
14137321
14183393
14317121
14149522
14277148
14145555
14154622
14145815
14128616
14187695
14252090
14136970
14140999
14268447
14140992
14152175
14268455
14141010
96269150
14187917
14187918
14187919
14187920
14187921
14100256
14100504
14100413
14317183
14125942
14151255
14137215
14153517
14079476
14184913
14056770
14317063
13984216
14137460
14322573
14038781
14323054
14010770
14053947
14026774
14155602
14053948
14155549
14149567
14183761
14036392
14038850
14322568
14053658
14166489
14205309
14213049
14322788
14053663
13940182
14503639
14503621
13927629
13932356
96117373
96117126
96117374
96117125
14024924
13997747
14160446
14277205
13922512
13931124
13922514
14155503
14140966
14028865
14036284
14155529
14028870
14053721
14028869
14187675
14708189
14317219
14053739
14053681
14155521
14053679
14331558
14001193
13971979
96227289
13924533
14169732
14153428
13993693
14332874
14054094
14153265
14155588
14158628
14155821
14155822
14155702
14155823
14153499
14054042
13871703
14155756
14041323
13911240
13946548
14155499
14155546
14155797
13821817
13814868
14374462
96081260
13806115
13767331
13814946
13831340
14155796
14187705
13856453
13828482
13831477
13831467
14184998
13767167
13706227
13846046
13729158
14155539
14155565
14155621
14252108
13761565
96138200
96138183
96138184
13764725
14155781
13764669
13761555
13850158
13711178
13850300
96269129
96269126
96269128
13806137
14153380
13806124
13767333
13806149
13767332
14158588
14331539
13806046
13767320
13706249
13773433
13694194
13865744
13872673
13922563
14317217
13731779
13651673
13768216
14155545
13676463
13676462
14268709
13738075
13767500
13682427
13773554
96040640
15753953
14332894
14332893
14332895
14332896
14332897
14332898
14332891
14332892
14184738
13658383
13642609
13650618
14317221
13654039
14155574
13770833
13770813
13673271
14151465
14331478
13658382
13665352
13665780
13616739
13616690
13664352
13626121
13541091
13614543
13587788
13586356
13522471
13569047
13605579
13587785
13665779
13596345
14332951
14332952
14332948
14332949
14332950
14332953
13541090
14332932
13535584
13640050
96031222
13568464
13511083
13650611
13449327
13452354
13627781
13627789
13660660
13505929
13499967
13949813
15692733
13658525
13499983
13487716
13452315
13449445
13452393
13452388
13449450
13446840
13449442
13890341
14332889
14332890
13487748
13446809
13427385
13890342
13452383
13407938
13413645
13416135
13408972
13527037
13406006
14155860
14155861
14155862
13416845
13376610
13455072
13922565
13361990
13376553
13376621
13376557
13361739
13596553
13376607
14187644
13767499
13376624
13376592
13416998
13376597
13656065
13368938
13626133
13383662
13667233
14155592
14332924
14332925
14332926
14332927
14332928
13664317
13324432
13300244
13276422
13376625
13190215
13166983
13324508
13324425
13324418
13275765
13627779
13320284
13378406
13279583
13627822
13571209
14256712
14256713
14256714
14256715
13241344
13376719
13320279
13320283
13884820
13884819
13274158
13257669
13297059
13320237
13334108
13632675
13284788
13297283
13345059
13922561
13274179
13182404
15086323
13284799
13296770
13063553
13310100
13274109
13922562
13922567
13274110
14155519
13257637
14040883
13041002
13257674
13444234
13257746
13444286
13257672
13279738
13094652
13094546
13279829
13279655
13297293
14155725
13274156
12992202
13008165
13257670
13054147
13027524
13054144
13376601
12990684
13185030
13296782
12937878
13505955
13142683
12992215
12992217
12941679
13629507
12941646
13297290
12939969
12922607
12990699
12944830
12939829
12940037
13050276
13007896
14388004
12994445
13257619
13010131
13013262
12997206
13007898
13007895
13922564
12928634
13007897
13274138
12992177
13279753
12936271
12992207
12960229
13922566
13010098
12946825
13010130
13005714
12992216
12992303
12954845
12990691
12917395
12946793
12979480
12974853
12954851
12949778
15642316
15642317
15642318
15642319
15642320
15642321
15642322
15642323
13019200
12965656
12960260
12990683
12996463
12973077
12782252
12808492
12810103
13024224
12966331
13013229
13027562
12768064
12998483
12992265
13005704
13374927
12779069
12807982
12732611
12763137
12994571
13375186
12859904
12769388
12762746
12879158
12879157
12791978
12802859
12725055
12760337
12871343
12873279
14141200
14169763
12674885
12689126
12796560
12748037
12774403
12774404
12774405
12966379
12748038
12801489
14158595
12859922
12617881
12998554
12992205
12619220
12735974
12607674
12593734
12603360
12607731
96001041
12599108
12735976
12734607
12631829
12605798
12515559
12632165
12599230
12605443
14198692
12599322
13013088
13013109
12638704
12578814
12666646
12593502
12979411
13024310
12996552
12599504
12735959
12603570
12734161
12599494
15373532
12774291
12373787
12461570
12431507
12735960
12487926
12992246
14187927
13019215
13021653
13019205
13021663
13019195
12452709
12452710
12452708
12466177
12432927
12452720
12391376
12419884
12428575
12424906
12373494
12393554
12385494
12441988
12307983
96113647
12457621
12428636
12457620
12457616
12457614
12457618
12386125
12457615
12428645
14155633
12457619
12457622
12457617
12299365
12420951
13232921
14812022
13008030
12442656
12948294
13048745
12275883
12652709
12990688
12948152
12554819
12990687
12990689
12990732
12979496
12225670
12225856
12225671
12225669
12225668
12283252
12554820
12734141
12264876
12550244
12261896
12354303
12404512
12186423
12404498
12218723
12233304
12235181
12286716
12232853
12275459
12161928
12112365
12144428
12165432
12205428
12648273
12150682
12249127
12164206
12142756
12307986
12264371
12120107
12233249
13462138
13444293
13459319
13459170
13444292
13444235
13444236
12233281
13504585
13444214
13444213
12155404
13444232
12161924
12091379
12113778
12212503
12295639
12139322
12648281
12122374
12122373
12186418
12068465
12992218
12122380
12094773
12125317
12093196
12407703
12062084
12068279
12121966
12121962
12005446
12118951
12068308
12033945
12028955
12557313
12735956
12006743
12124998
12037153
12087363
12404497
12120441
11959068
12029616
12029364
12095874
12028313
11978103
11978815
11960817
11951771
13024352
11963306
11962649
11962317
12619042
12618990
12618991
12619035
12619040
11979430
11969507
12619031
12619032
12619033
12619034
12619038
12619039
11951307
11971235
11970986
12619036
12619037
12619041
11928439
11951699
11937229
11905376
11974660
11965109
11896250
11906854
11907748
11913684
11928828
11973212
11973213
11858126
11927202
11914130
12618941
12618942
12618943
12618944
12618945
11901308
11927209
11855187
11925062
11915055
11857969
11944450
11862002
11925854
11885002
11919795
11919794
11899417
11808066
11898998
11876248
11876245
11818448
11899005
11821327
11822397
11810650
11877079
11925736
11925244
11901136
11797542
11783498
11797621
11766179
11766176
11765284
11766182
11783492
11872826
11857883
11717136
11857885
11717174
11860140
96116012
11685191
11692454
11682704
11716826
11632791
11656160
11713114
11716309
11669450
12698372
11752707
11857881
11848056
11857813
11686541
15395795
11713134
11696537
11614868
11815299
11859994
11751307
11709957
96114273
11677676
11602246
11496678
11856645
40185528
11496651
13008164
11490365
11533033
11534289
11533039
11452911
12056298
12056381
12648274
11656185
11821719
12042369
11856643
11394849
11650000
12042365
11369010
11789829
11590244
11352369
11352366
11355210
11534288
11503353
11401732
12649341
12649339
12649340
12055865
11859419
11313445
11642513
11642512
11343302
11545142
11272584
11289379
11341130
11645337
11645211
12042401
12055852
11279597
11308806
11443519
11443524
12648717
11279697
14213113
12577441
11544911
11316790
11316789
11182917
11293466
12404499
11280205
12056256
11930428
11280159
11208961
12058130
11645343
12656388
12654431
12656387
12654432
12654433
11316802
11272576
11272575
11280229
12059058
11500563
11279673
12914939
11316150
11814321
11031184
11280158
10949979
10949976
11280128
11160509
11114316
13376709
12058683
10906011
11224631
10884840
10881360
12130094
12130098
12130092
12130099
12130093
11160482
12130095
12130097
12130096
11154956
12593122
12945620
11160430
11112183
90120667
10421884
11743333
10422066
10424193
10424058
10421579
10457084
10424192
10390638
10457037
12990682
10390334
10456817
11500600
12566610
12042299
10390586
12593264
10297892
11160823
13629531
11743581
11160711
10387361
12056317
10297658
13375212
10265689
11743583
10387089
10388208
10387379
14365974
10386899
10387086
10896820
10461098
10456698
13376759
10387413
12059056
10386886
13444237
13444238
10388047
11280259
10226428
10387431
10226418
12955778
10226126
10225533
10225409
10225555
10705932
10225156
11160605
10390609
10225534
10778929
10226131
11280208
10718360
10225535
10807534
10226133
10734943
10225556
12734548
10225536
10226128
10226123
10456582
11500497
10456831
10387841
10739440
10297882
12130700
10297891
10226555
12624003
12624004
12624005
12624006
12624007
12624008
12624009
12624010
12624011
12624012
12624013
12624014
12624299
12624300
12624301
12624302
12624303
12624304
12624305
12624306
10264827
10748027
10740891
10731398
10712582
10812133
10776498
10502348
12648894
10783970
10226427
10811640
10792464
10225403
10721288
13668868
10530706
10226129
10226173
10461850
10772299
10225448
10771181
10225459
10795546
10265687
12042312
10764538
10781393
10225164
10225550
10225460
12056341
10059011
10225893
10225215
10225169
13024190
11822137
10735534
10225388
10226442
10225213
10225214
10225183
10683057
10225406
10805446
10711326
10225894
10736757
10225532
10691749
10297649
10225554
10699606
13891610
12042368
10225390
10225542
13013094
10225543
10225892
10387762
10755723
10031484
10779703
10226132
10265648
10225901
10034245
10702915
10225908
10783284
10225398
10226445
10788056
10712914
10225200
10225412
10744171
10225897
10225402
10681187
10225541
10225208
10226453
10225698
10265675
11046684
10225171
10225453
10225321
10226454
14169499
10388036
10802050
11500543
10225447
10387723
10783499
10815769
10387643
10387642
11189185
10225110
10227787
10297660
14172419
10387640
12404899
12947573
10225389
12548309
12624297
12624298
12051929
11500786
10225104
14364048
10797830
10093681
10225058
12042390
10387112
13823876
10225054
10225457
13024217
12058492
10093680
10093669
10093668
10225060
10225391
10225456
10264828
10797335
10265644
10225399
10225199
10297888
10225907
10225646
10225187
10226452
11646187
10225317
10225203
10093665
12482931
10225396
10297890
10387644
10225408
10225082
10225318
10226260
10388005
10225107
10225059
11047388
11046694
11046127
10225319
10226144
80406804
10225163
10093675
10225209
10093672
10225197
10387489
10297650
10225327
10481348
10225056
10225639
10225205
10224932
10225392
10225201
10386736
10225162
10225161
10093679
10225320
10225397
10690422
10225098
12482927
10225386
10687930
10093682
10225096
10225094
10225055
10225896
10225454
10225268
10225905
10225053
10225093
13359061
13359063
13359062
13359064
10225160
10225172
10225206
10225909
10225405
10225538
10225052
10225185
80406806
10225413
10340682
10225211
10226174
12624378
12624379
12624380
12624381
12624382
12624383
10225540
10225672
10225109
10799392
10226541
12042381
13024220
15552999
12057049
10226439
10225182
10225410
10225192
11040008
10226252
10227839
10225165
10226419
10225313
10226430
10226436
11500558
10524161
10225269
10225159
11489985
11191749
10225315
11769180
10226437
10225257
10711940
10225198
10225184
10226421
10226559
10225394
10225552
10226816
10226525
10227509
10225087
10225551
12057142
10226539
10226422
10225312
12057036
13024365
13025875
11782611
10225553
10226434
12057039
10225084
13066364
10225091
10226424
10225090
10226835
10225063
10225401
10225112
10225051
12338678
10093674
10225065
10225064
10226425
10225101
10225393
15770383
10226543
10226524
10225346
15637883
10226420
10226725
14515728
10225158
10226544
10225338
10226440
10226542
11318741
10225191
10226819
10387433
10387457
10387436
10225342
12342162
14908333
10225195
10225314
10225343
11242613
13359171
13359168
13359169
13359170
13359172
10225345
13025870
10225645
10226817
10226191
11789136
10226531
10225404
10225194
10297654
10226818
10226125
11789601
10226441
10225341
10225339
10225340
11788419
10226450
10225275
10226429
10225089
10225048
10226142
10225049
10225078
10225249
10225111
10387455
10387469
11788102
10226438
10226527
10225061
10226529
10226528
11789406
10225079
15004888
11307962
10226449
10225395
13505505
13505506
10225188
10094587
13466713
13025899
13359055
13359054
13359053
13359048
13359049
13359050
13359051
13359052
10225050
13359154
13359106
13359057
13359058
13359056
13376283
13376284
13376282
13376286
13376285
13376287
13376290
13214616
10225899
12687918
13342085
14044924
10225316
10225210
10226538
13359145
13359146
13010162
13363856
13359094
15642416
15642417
15642405
15642406
15642415
15642418
15642410
15642407
15642408
15642413
15642409
15642414
15642411
15642412
12152546
13359068
13359067
13359066
13358989
13358990
13358987
13358988
13359095
13359096
13634221
13634220
13634222
13634223
13359060
13359059
13359083
13359082
13359085
13359086
12999437
12999435
12999436
12999438
12999439
12999441
12999442
12999440
13348025
13359153
13376388
13376389
13376390
13376379
13376383
13376382
13376381
13376380
13376384
13376385
13376386
13376387
13359109
13359115
13359117
13359044
13359045
13359114
13359118
13359047
13359116
13359119
13359120
13359121
13359046
13359113
13367060
13359112
13359111
13614992
13614991
13614994
13614993
13505525
13505526
13359174
13505527
13359176
13611218
13611220
13611219
15032324
13359105
13359091
13359080
13359078
13359081
13359079
13615187
13617971
13615185
13615183
13615186
13615184
13358977
15032310
15032316
15032313
13358976
15032315
15032314
15032312
15032309
15032311
13376409
13376412
13376411
13376408
13376414
13376410
13376406
13376413
12999576
12999577
12999578
12999579
15032292
15032293
15543482
15543484
15543483
13359099
13359103
13359104
13359098
13359097
13359100
13359101
13359102
13366989
15032286
15032287
15032282
15032284
15032283
15032285
15032278
15032281
15032279
15032280
15543182
15543193
13359087
13359088
13359090
13359089
15543148
15543149
15543160
15543171
15543557
15543558
15543559
13376443
13376440
13376444
13376442
13359165
14403144
13359166
13359167
13359159
13359157
13359164
13359156
13359160
13359161
13359163
13359158
13359043
13359032
13359033
13359034
13359035
13359036
13359037
13359038
13359039
13359040
13359041
13359042
15543141
15543145
15543142
15543143
15543144
15543441
13367082
13367075
13367080
13367083
13367076
13367074
13367081
13367077
13367078
13367079
13359093
15032409
15032411
15032412
15032410
13367014
13367018
13367015
13367017
13367020
13367016
13367019
13367021
13366984
13366987
13366983
13366985
13366988
15543529
15543530
15543531
15543533
15543525
15543523
15543524
15543526
15543527
15543528
96323683
14096224
15543423
15543462
15543463
15543493
15543501
15543540
15543551
15541694
13208247
15032288
15543549
15543513
15543814
15543381
15543392
15543438
15543399
15543432
15543439
15543443
15543461
15543507
15543413
15543480
15543500
15543442
15543450
15543472
15543485
15543504
15543445
15543467
15543395
13366980
13366981
12498092
12498132
12498134
13010205
13142975
12331619
12331622
12331621
14096226
13230643
12498103
12498456
12497701
15032297
12368515
15544186
15543567
15543495
15543514
15544184
15543497
15543815
15542603
15543434
15543416
15543428
15543451
15543459
15543534
15543398
15543415
15543446
15543386
15543410
13359143
10225204
15543382
15543387
15543449
15543474
15543541
15543379
15543384
15543402
15543405
15543424
15543430
15543457
15543454
15543464
15543515
15543397
15543429
15543518
15543390
13359149
15543436
15543393
14096223
13609746
13609747
13609748
13609745
12398693
12398690
12498131
12498136
12498386
12498089
12498043
12398689
12398688
15032300
15543547
13613329
14184995
14178092
15032295
15032291
15032323
15543520
15543535
15543536
15543537
15543539
15543542
15543544
15543545
15543548
15543553
15543555
15543556
15543561
15543562
15543563
15543564
15543569
13359133
13359139
13359126
13359138
13359152
12498088
12498102
12498104
12498155
12498281
12499404
12499383
12499384
13230640
13613318
14178093
15544349
12498122
12498106
12498090
12498135
12498138
12497257
12497630
12497724
13010204
13359136
13359125
13359023
13359024
13359025
13359026
13359030
13359031
13359123
12497677
12497698
12498452
12497626
13230644
15544185
15544183
15543568
15542100
15542101
15542102
15542103
15542104
15032289
15032290
13613316
13359132
13359140
13359134
13359142
13359131
13359137
15543447
15543517
15543427
15543478
15543414
15543421
15543496
13010150
12497259
12497310
12498453
12497258
12498137
12498415
12497665
13142701
14317218
14301109
15543419
11188933
13366982
11188932
12398692
12498592
12498385
12498455
15543512
15543519
15543492
15543479
15543409
15543385
15543383
15543469
15543417
15543440
15542436
15542438
15542439
15542440
15542444
15542447
15542448
15542449
15542450
15543437
15543435
15543389
15542429
15543494
14096225
12398691
13359150
10225196
12497676
12498093
13142973
13208246
13230645
13359072
15543489
13592615
13465027
15032298
15032302
13613317
12498105
12498108
13142974
12368526
13359122
13359016
12498150
15032301
15543420
15543425
15543509
15543516
15542433
13230642
12331620
13592613
15543550
12368528
15543426
15543452
15543401
15543407
15543448
15543460
15543471
15543404
15543475
15543465
13142977
13359135
13359151
13359069
13359070
13359071
13359013
13359014
13359015
15032296
13613319
13592614
13592612
12497627
12497253
15543546
15543817
12498454
12498457
12498416
15210712
13359129
13359144
13230641
12498563
12497292
12497254
12497700
15543476
15541692
15541695
15032294
14910078
13142972
13366977
13366978
13366979
13383363
13383364
15543473
15543816
15544181
15542437
15542430
15543394
15543388
15544180
15543552
15543560
12497702
14178091
13208248
12498520
12497255
12497297
12499939
12499940
14886187
15032299
13359073
13359110
13359005
13359006
13359012
14301108
12405554
15543431
15543456
15543468
15543470
15543503
15543481
15543486
15543487
15543491
15543498
15543502
15543505
15543506
15543508
12497298
12497296
12497256
12498387
14403140
12498413
12498412
12497727
12497664
12497725
10226121
12498139
13359007
13359008
13359009
13359130
13359141
13359010
13359011
13359124
13381274
13142976
13142971
13381273
13359092
13359074
12498091
12498133
14886186
12368529
12368527
15543538
15543566
15543406
15543408
15541693
15543146
15543147
15543403
15543412
15543418
15543453
15543458
15543490
15543396
15543511
15542505
15542506
15542507
15542509
15542514
15542434
12624193
12624057
12624051
12628028
12628176
12624195
12624025
12624194
12624187
12624021
12624165
12624173
12624181
12628179
12624119
15769939
15768194
15753853
15772513
15772514
15745550
15745551
15736796
15736797
15745540
15745554
15745536
15736791
15722752
15745854
15759418
15745639
15721666
15745640
15714236
15689787
15713409
15734375
15714954
15668355
15668643
15761237
15666322
15667022
15704733
15761280
15734395
15651834
15648796
15647455
15766445
15648810
15627733
15590145
15596711
15631323
15605042
15696639
15590371
15708230
15585648
15596633
15596087
15607068
15734442
15705629
15631092
15632588
15609975
15560294
15577143
15730358
15730359
15730357
15730360
15631547
15731696
15751573
15580047
15580046
15600490
15573775
15693521
15693522
15693523
15693524
15731669
15751575
15517232
15731676
15549490
15549512
15494612
15504416
15705637
15470253
15455943
15731680
15494138
15619336
15468746
15731707
15751578
15586632
15583711
15459093
15570752
15468235
15468237
15468236
15468238
15476256
15575811
15549397
15436490
15497335
15751568
15497336
15751567
15751566
15468610
15678223
15395598
15372910
15376275
15371792
15751572
15442447
15495214
15531597
15393069
15538747
15393056
15378118
15335287
15361330
15314903
15315263
15360251
15318286
15363113
15363123
15277419
15297125
15336007
15273431
15273430
15273432
96347024
15255085
15245647
15245492
15256548
15262605
15247685
15284783
15362508
15393063
15298436
15308904
15393051
15213604
15282677
15225610
15239497
15255000
15198967
96300893
15374770
15261501
15292532
15282373
15296490
15374834
15335305
15335306
15209978
15140146
15190833
15159515
15196288
15208872
15374817
15159011
15273161
15731688
15325302
15325322
15325303
15325323
15325313
15326412
96305263
96305252
15209919
15204005
15147425
15082634
15114492
15114491
15374690
15279695
15106969
15592878
15123536
15105868
15057366
15094530
15057367
15208932
96324809
96324808
15059361
15054810
15208847
15081861
15126775
15073733
15099747
15186122
15063572
15144524
15043533
15326422
15485268
15026890
15155190
15184445
15076906
15184476
15184656
15002057
15068774
15001887
15001889
96280776
15051578
15049283
15143494
15186045
15026368
15009730
15010095
15031095
15005197
15002056
15662528
15021771
15009157
15031219
15012125
15006743
15006744
15226063
15209876
15005862
14985155
15186132
15186118
15184441
15034276
14980961
15006745
15006746
15166639
15374691
15238225
15078508
14971106
14962868
15037766
15037765
15078475
96281115
15157493
14993144
15037767
14961165
15374688
14945981
14960269
15019368
14960270
14932542
14934736
14934737
14934738
15399832
96279524
14951675
14961153
15001962
15006797
96280940
96280930
96280931
15731702
96248368
14961184
14863634
15374777
15374779
14961254
15374774
15374775
15374776
15374778
14961167
14870201
14971091
14870209
14769954
15751576
14833192
14874669
15001867
14874586
96237306
14979166
14979262
14884372
14979217
14979179
14898662
14884303
14880408
14747614
14884363
14931508
15772321
15772323
15772322
15772324
14795673
15751571
14777923
14783765
14879581
14870475
14874501
14793155
14870377
15731681
14721854
14716675
14803581
14874635
14848247
14870456
14834185
14851868
14880425
96237313
96231692
14851867
14884325
14884420
14884422
14884421
14917215
14717544
14715214
14704718
14854259
14717482
14719830
14815402
14917202
14917208
14711264
14649019
14717321
14713462
14717310
14722658
14713536
14699885
14698077
14635218
14635219
14651479
14727868
14604217
14633958
14699947
14698134
15185769
15186102
15185914
15185797
15185915
15186005
14610763
14713579
14713587
14713568
14713569
14713572
14713573
14611639
14713571
14713574
14713575
14713576
14713577
14713578
14713580
14713581
14713582
14713583
14713584
14713585
14713586
14713567
14713570
14518809
14600885
14699857
14793648
14699920
14605082
14713534
14699893
14608353
14553240
14556726
14531512
14528911
14559645
14621345
15179611
14699814
14729672
14891845
14698093
14755930
14472615
14779062
96304967
14727900
14729718
14729719
14498178
14533503
14713494
14729726
96193754
14615261
14533179
14729598
14729558
14870441
14870432
14729589
14870461
96221409
14471376
14432375
14471465
14503641
96243497
14528898
14554350
14727738
14452472
14459878
14383679
14816557
14427301
14348403
14347301
14874493
14347309
14407429
14471692
14420022
14346862
14472843
14917228
14917209
14917221
14348606
14345503
14472490
14347286
14471722
14348428
14347220
14417955
14347223
14417954
14419654
15751565
14347302
14910283
14473273
14361117
14473274
14365610
14396362
14727796
14891840
14891838
14418030
14444069
14427171
14427162
14318451
14345171
14467977
14348402
14471715
14347421
14346867
14219788
14473936
14274217
14367421
14346998
14367440
14625543
14268479
14253991
14276816
14254086
14277102
14268615
14623199
14623200
14623207
14623208
14473327
14276802
14268612
14276812
14274022
14345382
14251171
14251150
14727731
14278493
14268650
14741058
14471586
14215813
14253969
14276900
14372099
14262169
14262168
14264213
14264104
14262157
14276790
14268723
14516101
14516102
14516103
14516104
14277122
14277155
14683607
14347439
14278946
14472635
96192681
14277223
14276536
14283321
14331552
14331551
14265050
14183818
14183819
14269945
14472549
14332735
14332736
14755977
14809030
14170253
14280672
14242981
14322812
14183459
14416616
14177505
14252131
14153035
14212238
14278431
14212110
15751563
96149153
14281567
14332860
14332862
14276528
14183424
14315014
14281568
14332861
14183308
96150378
96150376
14209860
14331550
14170821
14322846
14192060
14208219
14225954
14263991
14121266
14168648
14322898
14278937
14278938
14278939
14278940
14331597
14128632
15271315
14322899
14070992
14070410
14152617
14138268
14277044
14312110
14128607
14128647
14322586
14254036
14138235
14322627
14322628
14140948
14322616
14140939
14268476
14091261
14262092
15731703
14322958
14147519
14160437
14332718
14252088
14314665
15002456
13940300
14140938
96137881
14140928
14149884
14152492
14149737
14317151
14252078
14153394
14051690
14090443
14314666
14314667
14586763
14586760
14586756
14586757
14586758
14586759
14586761
14586762
14043337
14322731
14322783
14147530
14126207
14155736
14067740
14098765
14067739
14187689
14155783
13986663
13984420
14046449
14169574
14376187
14188059
14155827
14503630
14372250
14372251
14372252
14155826
13993712
14155829
14155833
14155828
14317141
14051818
15325270
14250158
14250159
14250160
14250165
14250166
14250167
14250168
14250169
14250170
14250175
14250176
14155528
14155825
13960077
14155769
14054063
13912919
14332866
14187804
14499920
14153527
13924487
14102153
14207119
14153404
14155520
14503628
14503629
14503635
14379496
14013354
14153476
14503642
13946551
13946550
14152644
13946549
14153411
14098580
13857234
13753495
14155504
13792889
14327697
13975804
14375060
14891831
14153451
14322686
14322692
13779457
13777664
13799701
14155580
14155786
14250180
14250181
14250182
14250183
14250184
14250185
14250186
14250187
14250188
13773553
14202916
14155603
96057063
14169528
13742610
13828430
14155623
13761589
14187674
14155740
14331593
13767367
14169776
13773571
13748080
14331556
14314639
13924291
14276850
14274131
14274132
14274133
14274205
14032352
14187787
96092147
13700578
13742576
14166588
14166589
14151216
13662484
14051867
13771272
14253905
13872571
14308090
14308483
14308484
14149734
13694104
14155581
13650545
14149864
14503636
13872567
13642613
13925778
13729167
13728283
13631377
14187729
13654044
13685042
13658211
13631161
14122046
13704488
13631163
13651890
13628450
13630900
13658420
14169647
13704487
13654017
13667758
13651999
13658539
96266078
14882181
14882184
14882182
13883189
13656188
13889645
13601142
14152289
14882183
13882361
14272554
14272555
14272556
14272557
14272558
14272553
13838728
13640665
96047767
13628921
13627765
13552234
13577957
13553023
13568557
15731666
13541200
13627770
13591910
13562286
13665690
13665379
13628939
15731677
13665816
13857020
13944488
13481755
13562293
14984286
13552124
13640045
13653939
13656164
13626100
13773578
13629524
13656011
13629618
13944369
13662348
13653923
14118022
13664282
13656000
13656244
13483718
13451696
13518511
13458313
13553020
13656001
13660652
13665388
13664296
13498591
13505995
13505886
13433317
13944665
13446839
13459333
13446832
13461646
13487696
13505916
13650590
13947661
13592521
13433574
14276483
14051866
14120270
13403771
13504166
13396949
13594444
14260729
13452289
13662342
13390530
13382925
15086345
13376849
13296092
13596605
14314609
14314630
14314709
13508525
13883297
14314669
13338714
13510853
13417021
13276028
13664304
13664305
13372712
13660688
13376594
13654034
13307055
13650488
13800987
13372615
14674527
13596546
13281795
13296086
13662389
13872561
14155723
13383013
13320297
13241587
13210313
13210311
13709979
13259882
13264926
13330291
13376628
13350388
13284795
13350380
13320293
13376705
13279741
13444294
13320273
15731698
13126280
13390491
13916790
13916791
13916792
13483960
13944368
13626135
13665675
13916789
14256723
14256724
14256725
14256726
14256727
13151728
13947576
96056021
13629510
13275859
13235557
13521340
13884822
13376588
13279595
15731670
13279686
13248423
13307876
13180014
13297152
14516664
13563367
13563368
14153492
13274111
13274113
96055944
96055943
96055942
96055945
13058222
13370278
13376813
13632666
13301922
13533558
96130367
13626123
14259853
13341813
14153491
13370279
13301921
14137463
14153493
14153494
13355747
13779382
14732537
13095229
13552967
13750375
14187826
13296532
13182280
15692773
13182309
13059204
14213101
14213102
14213103
14213104
14213106
14213107
14213108
14213109
14213110
13571210
14213105
13022899
12992257
12944690
13444290
13022883
12924693
12998542
13279828
13952793
13952790
13952791
13952792
12918984
13042705
12932286
12997023
12941711
13092447
13092448
12944860
13015553
12974720
12990753
12997168
12998646
14499903
13284692
12935232
14984285
13024173
12934628
13016438
13027754
12940095
13002188
13015029
12992266
12948172
12960362
13733374
12949904
12962825
15642344
15642345
15642346
15642347
15642348
15642349
13553022
13337237
12979437
13341825
13592525
12954976
13008057
12998453
14073698
12885163
12949856
12965682
12994371
13005697
13015866
12810578
12812794
14131933
14158657
14158658
14158656
12994370
12822898
12840144
13375064
13010022
12788277
12788291
12755967
12743401
12783795
12779037
12782367
13144008
13013177
12773785
12745059
12996573
12997191
13010108
96010143
12751188
12807830
12808876
12762563
12769541
12807829
12816703
12860008
12749542
12762647
12762626
13347411
12756541
12769323
12772209
12769223
12871498
12765250
12764722
12730610
15731682
12725555
12820764
12782922
12782923
12782924
12782925
12782920
12782921
15637647
15637648
15637649
15637650
12728376
14153228
12796021
12717586
12689127
12710000
12733962
12997197
12725712
12796257
12801307
12800904
12795976
12674882
12808516
12713573
12665254
96024333
12615218
12667752
13627746
12667751
12744659
12744660
12744669
12744670
12639006
12639002
12639004
96134761
12639008
13002406
12621874
12616736
12620942
96055950
13010109
12601394
12650221
12992163
12512588
13886183
12686043
13886185
12542579
13886184
13889682
13889681
13889680
13886186
12593868
13886171
12596149
12599132
12596698
13182375
14155837
13010072
12643543
12615717
12734551
12612710
12601564
12631986
14073740
12760633
12598928
12737822
12539628
12605659
12596866
12542209
12556559
14730872
12542208
12542206
12527263
12593826
13331503
12710025
96055991
12556447
12859921
12638890
12735897
12916516
12440128
12465661
15373541
13676933
12448810
12734539
12613036
12994560
13707836
12488625
13005663
12412432
13707820
13676939
13676938
12452749
12423837
14197658
12807959
13676937
96024332
12512469
12734194
12523018
12457833
12448812
12373788
12432140
13279648
12967834
13008162
13836157
12998497
12337245
12357317
12371615
12710035
12351062
12371651
12390421
13002375
12451844
12998455
12438682
15731678
12590843
15731679
12347908
12351085
12354417
12372047
12363548
12302576
12373482
12329748
12273945
12997195
12818522
12273971
15751581
12263683
12263612
12263481
12710033
12289323
12263575
12438683
12283572
12243720
12239641
12201777
12243498
13227729
13227731
13227732
12198321
13227730
13019253
12438642
12164350
12167020
12172111
12249091
12181383
12249119
12249099
12173619
12249100
12124101
12533561
12174667
12142986
12112690
12198348
12283361
12249112
12351216
12139181
12994458
12543571
12214473
12094325
12120104
12533469
12209836
12307910
12115641
12341451
12341452
12341450
12108312
12089423
12097463
12081122
12081123
12121005
12557310
12070422
12734522
12407702
12121978
12404511
12083465
12023790
12127004
11996240
12103216
96368434
12067471
12068903
12067474
12377885
12295638
12377886
12007856
12557311
12648719
12124999
12035788
12005392
14206020
11883888
11981041
12098092
11951752
12313515
11974561
13786868
11970989
11969506
11969061
12480268
12084957
12480270
12480267
12480269
11976872
11915069
11925039
12042434
15731671
11925878
11925267
11927327
12058998
11971106
11944292
11932454
12392594
11846185
11885091
13040697
11917865
12026562
12042346
11927284
11843710
11883842
11876860
11822432
11818394
11871867
11923672
15731690
11927575
11766507
11871861
11871862
11871863
11871864
15731700
96262716
11767202
11764916
11857882
11857884
15731686
11791728
11712646
11811604
11711784
11685145
11692455
11857830
11716840
11764988
11741310
11765701
11718460
11700261
12648289
11689640
13452082
11785597
11764868
11587437
11636487
11815974
11813162
11620528
11647687
12514507
11676982
12998629
12619000
12619001
12618996
12618997
12618998
12618999
12710026
11544465
11960818
11960819
11534304
11452908
12736134
11454602
11856040
12042285
11452909
11544648
11836094
11836093
11856644
11855991
12055639
11649978
11645347
11359930
15731694
11371421
12752660
11340099
11340100
11545818
11545817
12649308
12649338
12649337
12649343
12654422
12654423
12654424
12654425
12654421
12055775
12042433
11298270
11846181
11785544
11289380
12059052
11645468
12648713
11645187
11238736
11544640
11279605
11646928
13174322
11469684
11646929
11544639
13632672
11813973
11316799
11822001
12648250
11544649
15731683
12204167
11413585
11822140
11280216
11279669
11272577
11314902
12055862
11544645
11280147
11049579
12057148
12057147
11500569
11170646
12204199
12204198
11280244
10678324
11189212
10949978
11189211
11148237
11991170
11991171
11316248
11316247
12042284
12058359
12042367
12042344
12055349
10959691
11314903
10862101
11154955
12404508
11279570
11279756
11279758
11160793
11155009
11160593
10872129
80403671
12055231
12042318
12042347
10456461
10388048
10390604
10387698
10387883
10387699
10387716
10387717
10387697
10387884
10387700
13174272
10387928
40562874
13040570
10387693
10387604
15731695
10423894
11152124
11160713
80411094
80411095
80411096
80411097
10387849
11743582
10386893
12055685
10387081
10457146
10386889
12056385
10387416
13451964
12648266
12533642
11734916
10811688
12569058
10226730
10226719
10226708
10226710
10226727
11189169
10796458
10226729
10226721
10226707
10226728
10228832
10226718
10226537
12648513
10387394
10743257
80408218
10226536
10226532
10297627
10810480
10787310
10297629
80406824
80406825
10226700
10456241
10748674
10226534
10226533
10226514
11500499
12056318
10853142
10433671
10264820
80407137
12055280
10754627
11500500
10752684
10759366
10787531
12313514
10387967
10742909
10297615
10226713
10226716
10688684
10226722
10693273
12648253
10225461
10226387
10786655
10780819
10774282
10225776
10226714
10225565
10225031
10226712
10225573
10225043
13037774
10226365
10163917
10297701
10225574
80407122
10297618
10297617
15731709
10226380
10226456
10226717
10224973
10225032
10226738
10683609
11646932
11544908
10224974
10226458
10225041
13484175
10226255
10226530
10225037
10225044
10225102
10226431
10225570
10227187
10226386
10225564
10225959
12953057
13542573
12152521
10444070
11601561
10225029
10297694
10225242
10387110
10225563
10225557
10225941
10225046
10387125
12059211
12056732
10226379
10225576
10226571
11200223
10225579
10225558
15751580
10443910
12508339
10224965
12550569
10811591
11045828
11046994
11046993
11791624
10225036
10387126
10226104
10226082
10386741
10226068
10387563
10225030
10225562
10226066
10811164
10225571
10224986
10226372
10225262
10094782
10226373
10225572
10297625
80407123
10226369
10225581
10225263
13037759
14260640
14260641
14260644
10226570
10772660
10226371
10225567
10226432
10225083
10093710
13063165
14368307
80406805
10225261
10225260
14368306
10225174
10225034
11774497
10226368
10226256
13024349
10297619
10226726
10225179
10226723
10225193
10225181
10226376
15751579
10226375
11040011
10225035
10225515
14211072
12057038
10224983
10225258
15731714
10225569
10226366
10225568
12345906
10226426
10224988
10225259
10225255
10225190
10225578
10226364
12163393
10226433
11318792
10226384
11327305
15553737
10226711
10387462
10226235
13466796
13466793
13003706
13003704
13003702
13003703
13003705
10225252
13003708
13466805
13466792
13466800
13466801
13466806
13003712
13003709
13003713
13003707
13466803
13003711
13003701
13003699
13003710
13003714
13003700
13466797
11327616
14515720
14515721
10225577
12637484
13351629
13351628
13351627
13351630
13351631
15543151
13351511
13351509
13351507
13351512
13351506
13351510
13351508
13351513
13347956
13351518
80406803
10225033
10225922
13505539
13505537
13505538
13381164
13381167
13381170
13381166
13381171
13381165
13381169
13381168
13381163
13351633
13351639
13351638
13351634
13351632
13351637
13351636
13351635
13351485
13351484
13351483
13351481
13510427
13351482
13351486
13351570
13351569
13351479
13351574
13351571
13351572
13351573
13351603
13351534
13351542
13351535
13351541
13351537
13351543
13351605
13351536
13351538
13351530
13351608
13351529
13351607
13351528
13351532
13351604
13351539
13351606
13351531
13351533
13351496
13351498
13351503
13351497
13351540
13351500
13351504
13351499
13351502
15543306
15543305
13056826
13351566
13505698
13351568
13351567
13056825
13056824
13837277
13351547
13351553
13351549
13351546
13351551
13351550
13351552
13351548
13351545
13351558
13351559
13351562
13351563
12340622
12340620
12340623
12340618
13351555
13351565
13351564
12340619
13351561
13351556
15543914
13351557
13351554
12340624
12340621
13381042
13376481
13376489
13376479
13376485
13376486
13376487
13376488
13376482
13376484
13376480
13376483
13381040
13381041
13381043
13366953
13366952
13366954
13366955
15542931
15542932
15542921
15542922
15542923
15542924
15542925
15542927
15542928
15542929
15542930
15542933
13351515
13351514
15543044
15543045
15543046
15543048
15543049
15543050
15543051
15543052
15543053
15543054
15543055
15543056
15543057
15543059
15543060
15543061
15032275
15032274
15032273
13351625
13351623
13351624
13351626
15032261
15032258
15032256
15032264
15032259
15032260
15032257
15032263
15032262
96305293
14301091
10023461
10226381
14096218
10023452
15543244
15543302
15543296
15543798
15544060
15544071
13351588
12498686
12497937
12498147
12498681
12508347
15032400
10023265
14153468
12972293
12498682
12497303
12498639
12398679
15543803
15544159
15544082
15544104
15544105
15543245
15543298
15543304
13351618
13351621
13351645
13351622
13351576
13351584
13351646
13351602
14301092
15542457
13376325
15544161
15544165
15544166
15543718
15543801
15543297
15543301
15543300
15543243
15544093
15542951
14178059
14178061
14178058
12313516
12498635
12498637
12498562
12498640
12498685
12498126
12497306
15032395
14301099
14178078
14178077
15032391
15032396
13351594
13351590
13351593
13351644
13351620
13351613
13351615
12498679
12498613
12498683
12497603
12499407
15032404
12497300
15032388
15544168
12497934
12498619
12497245
12498599
12498684
12498621
12498647
14301100
12972294
12972291
13351523
13351647
14178064
14178060
14178065
14178062
15032384
15032394
12497604
12498624
12498641
12498643
12498649
12498680
12497271
12497631
12498623
12498604
14403139
15543805
15543715
15032390
13351649
13351522
13351544
13351643
13351525
13351648
13351578
13351577
14178063
12972295
12498929
12498930
12498931
12498932
12497334
12497274
12498656
12497936
15542957
12498591
12498558
10023430
13463806
12398683
12497265
12497288
12498594
12497252
12497291
12497302
12498648
12497266
12497246
12497272
12497286
15544170
15544162
15543724
15542944
15542945
15542946
15542947
15542949
15542952
15542954
15542958
15542960
15542961
15542962
15542963
15542964
15542965
15542966
15542967
15542968
15542969
15542971
15542972
15542973
15542974
15542975
15542976
15542977
15542978
15542979
15542980
15542982
15542983
15542984
15542985
15542986
15542987
15542988
15542989
15542990
15544106
15542955
15542950
15543714
15542953
14096219
12398687
12498561
12498626
12497938
12972296
13351650
13347890
13351614
15032385
12340611
12497337
12497251
12497273
12498650
12498654
13464934
15544157
15544169
15543009
15543010
15543011
15543012
15543013
15543015
15543016
15543017
15543018
15543019
15543020
15543021
15543022
15543023
15543024
15543026
15543027
15543028
15543029
15543030
15543031
15543032
15543033
15543034
15541702
15541703
15541705
15541706
15032403
15032386
12498646
12497935
15543709
15543710
15543711
15543716
15543717
15543721
15543722
15543725
15542935
15542936
15542938
15542939
15542940
15542941
15542942
15542943
15542991
15542993
15542994
15542995
15542996
15542997
15542998
15542999
15543000
15543001
15543002
15543004
15543005
15543006
15543007
15543008
13463514
13465044
13351616
13351586
13351527
13351589
15032387
15032389
15032398
15543799
15543726
15543800
12398680
15541701
13351612
15032401
15032397
15542956
15543713
12498622
12497247
12498620
12498638
12498600
12398685
12398682
15543804
15543712
12498631
12498608
12497336
12497242
12497282
12497277
12497295
12497284
12497281
12497244
12497261
12497276
12498634
12497262
13351601
13463713
13388014
15032402
12497301
12498625
12498652
12498602
12498676
12497289
12497307
12498597
12498630
12498653
12497312
12497287
12497279
12497280
12497249
12398681
12398686
15544027
15541699
15541700
15541704
15543035
15543037
15543038
15543039
15543040
15543041
15543042
15543043
15543062
15543063
15543064
15543065
15543066
15543067
15543068
15543070
15032399
13351526
12972292
14515745
12498606
15543723
15543720
15544164
15544167
15544163
12340612
12497283
12497335
12648738
13010199
12497338
12498598
12498587
12497333
12497248
12498595
12497304
12498642
14367965
15032405
15032393
12253834
13351579
13351587
13351524
12398684
15542934
15544049
12497290
12497275
12497308
12497278
12497264
12497305
12497243
12497332
12497285
12497331
12498609
12497263
12498645
12498651
12498678
12498661
12498577
12498596
12498644
12498601
12498605
12498618
12498677
12498659
12498632
12497260
12318117
12340610
13463386
13463451
13351521
13351581
13351582
13351575
13351580
13464935
14044947
12497299
13351617
12498125
12498657
12498658
15032392
14403127
14403038
15544158
15543299
15543802
15544038
15543246
12498660
11200222
15724196
15747041
15691072
15718714
15734474
96383659
15672417
15723158
15652090
15652467
15624043
15690363
96395460
15760131
15701178
15664252
15628609
15598082
15649330
15622164
15579065
15587093
15559740
15584248
15588411
15614118
15580062
15522283
15555653
15691500
15489975
15583966
15517465
15678275
15479977
15546756
15468452
15500536
15678063
15468029
15393073
15393071
15393074
15411819
15378158
15365762
15731687
15393086
15360209
15365493
15512934
15372686
15393100
15293909
15350581
15444235
15296840
15277490
15296920
15444402
15279834
15226033
96296253
15225988
15300369
15136731
15209894
15361284
15374671
15238084
15201179
15374675
15180819
15250880
96297929
15456808
15204006
15147424
15155952
15372840
15162250
15374714
15090943
15118610
15374670
15059294
15186144
15374705
15097970
15059710
15292891
15077019
15705623
15292894
15030464
96286564
14971099
14971100
15081883
15010394
15001744
15030463
15009309
14994936
14994369
15009693
15006762
15193331
15166656
14985205
15078568
15157679
14979247
96263836
14979248
14961216
14867208
14996330
14867052
14932055
14824730
15078546
14809043
14870165
15086326
14879572
14809090
14809130
14809266
14932776
14874520
14870437
15005295
14874552
14809048
14809079
14793217
96243589
14809149
14870445
14747627
14874666
14713791
14717217
14717462
14717581
14805437
14715337
14758941
14717314
14653233
14719943
15374794
14646670
14646669
14583691
14638147
14809150
14590630
14638192
14698010
14575380
14727884
14717602
96233535
96237165
14727733
14471655
14648366
14727838
14471675
14472669
15300337
14471529
14519153
14825542
14708349
14729667
14755988
14727732
14929164
14499359
14427132
14435329
14809144
15004655
14471542
14724225
14579189
14498164
14809042
14463879
14471555
14471548
14472542
14425031
14727734
14347068
14407389
14399062
14399058
14595696
14471588
14472770
14809319
14416617
14348361
96179901
14346933
14387669
14472864
14345457
14363458
14427317
14427319
14427316
14427318
14346942
14349852
14387747
14346961
14346953
14345347
14346995
14341969
14416591
96227675
14395656
14348632
14348642
14341968
14347449
14555365
15305110
14347156
14348711
14348611
14348612
14289091
14348622
14251246
14348708
14672065
14316762
14347388
14809082
14251218
14253941
14302756
14276928
14273537
14346256
14276654
14213663
14251305
14295720
14262093
14255516
14251127
14183371
14361696
14361652
14361692
14361682
14252157
14361684
14183480
14222498
15445487
14917973
14166417
14161098
14161097
14163282
14274283
14421338
14322951
14105972
14253909
14147910
14276986
14149279
14152660
14149259
14108320
14137341
14253887
14322959
14274008
14025452
14128544
14276493
14104165
14149384
14140969
14262167
14010519
96137860
14276582
14144513
14152306
14183644
14117433
14104483
14104514
14145500
14008938
14152795
14322878
14104505
14145498
14145499
14088809
14222476
14179049
96197811
14503637
13940263
14268606
14149878
14166580
14152826
14202341
14259865
14026810
14151610
14322877
14317165
14317166
14041704
14503649
14053655
14041379
14153548
96117111
14187707
14151212
14153512
14170674
13997749
13944101
14699934
13901110
14322654
14025059
14025060
14070591
13919761
14155555
14151339
14322674
13900823
13986526
14322895
14322947
14089954
14322649
14322948
14332875
14322644
14023285
14089955
14155770
14089952
14332764
14322668
14089953
14322658
14000565
13860963
14982239
14187667
14187904
14153202
13864843
13864858
14155777
13842407
14503626
13801369
14155607
14153526
13859324
13859263
14169719
13873183
96117474
14187848
14151607
13839792
14155719
14153391
96117544
14503627
13760383
13850460
13917674
13761522
14155804
14187902
13756780
14153514
96092059
14089852
13821672
14151623
14080998
14153487
14153337
13764706
14151392
13784000
13807257
14051943
13811254
14187905
13872663
14503624
13756335
13716992
13658325
13847779
14080891
14187706
13650494
13917583
14158647
13660629
13734062
13660524
13883238
14421324
13546700
13612757
13612756
14183511
13706163
14421314
13653907
13554388
13664355
13767673
14503625
14982276
13660632
13623395
14201199
13618626
13842406
13606882
13640032
13525634
13541088
13655477
13587791
13650574
13586197
13537799
13619411
13535600
13664263
13656043
13627753
13627810
14152808
13591894
13561001
13504265
13504274
13463844
14095704
13591913
13848273
13665383
13658418
13662489
13605526
13762823
14155609
96070811
13645911
13664162
13452199
13847763
13658353
13605571
13455059
13665377
13653898
13416892
13419745
13452392
96116529
13417001
13656237
13429352
13596604
13664309
13416926
13650500
13546239
96046900
13627764
13376587
13376671
13406326
13947579
13431579
13413667
13317552
13466169
13510967
13413591
13386622
13386989
13416946
13383684
13416175
13944346
13365206
13372664
13594410
13376865
13313281
13382892
13474172
13390548
13666533
13837069
13319754
13209781
13325711
13300432
13376711
13632661
13303928
13229996
13471554
13260391
13295967
14268477
13771028
13404116
13370282
13200578
13279732
13279625
13320281
13155726
13186002
96011604
13331494
13318317
13626159
14187735
14170867
13097640
13997716
13182304
14073713
13279567
13279619
96055931
15692719
13325674
14169570
13594868
13296780
13022694
14332919
14332920
14332921
14332922
14332923
96118865
12942086
13709975
13015820
13182311
13184969
13279578
13296802
13334095
13540294
13971430
13182232
12944901
13013198
12944619
13137704
12996386
13021641
13182233
12941450
12937220
12998644
12998645
12960134
12992342
12960305
12974741
12965625
12960375
12960145
12949925
12992339
12992336
12946757
12962890
14169775
12974750
12960374
13013100
13007951
13008063
12931591
12992314
13019423
13019421
12952172
13005656
12962735
13083934
12894105
12998493
13010080
96115766
13009971
12974880
12979435
40562900
12827587
13016149
12979539
13925965
12974755
14151483
14158600
13078832
12810749
12966394
12998460
12954974
12808355
12975601
12975602
12975667
13085082
12810661
12788951
12812331
12969746
12768062
12794023
12979515
12768095
13013190
12975611
12741831
12998495
12966392
12789108
12762819
12749808
12728440
12859891
12714057
12765405
15718359
12772336
12725514
12764757
12974865
13195945
12762368
12788047
12764797
13002317
12997221
12725438
12738835
12725437
12817518
12804614
12795787
12738864
12734605
13341652
12801306
12670612
12613296
12613295
12992233
12674891
12631664
12682960
12631711
12616738
14592022
12596641
12738846
12795997
12646023
13182234
12701008
96082896
12650167
12599436
13883292
12636302
13227393
12599437
12556344
12596976
12638601
12551591
12515625
12555876
12807981
13021592
12470216
12470442
12447938
12487976
12493050
12470592
12492806
13002329
12448927
12470160
12448967
12447723
12485693
12373481
12456579
13019262
12997087
12434108
12373571
12386453
12399996
96113208
12998498
12613254
12373480
12384363
12998514
12317238
14368213
12390470
14368216
12427130
14368215
12350501
14368214
12393106
12332087
12354524
12354891
40281105
40281104
40281102
96120057
12420021
12307923
12373755
12302577
12411410
12269522
12286191
12203381
12307998
12303630
12455752
12249110
12218828
12245990
12194276
12264558
12404971
12205790
12166160
12225111
12153313
12301398
12295367
12113776
12178619
12172070
12199769
12164348
12168390
12139456
12114152
12820143
12110151
12064614
12212494
13054910
12115637
12185303
12186749
12678905
12734544
12077702
12122382
96115006
12122012
40262403
12075624
12071120
12056240
12121974
11978848
40262455
12023729
12021764
11959100
12037342
11978831
11951282
11951280
11899054
11959166
11898960
11962405
11967871
11953952
11899051
11899063
12015658
11928360
11970678
11972334
11925731
11904925
11929013
12056538
11936549
11927401
11931925
11944449
11927355
11946261
11945349
11938333
11861998
12997149
11934880
11928138
11842830
11857005
11877241
11914152
11842848
11884750
11944073
11865618
11865619
11865617
11843470
11741646
11765493
11883139
11797552
11783808
11783510
11765687
11700713
12508351
11729324
11767477
11723129
12056397
11733475
12820246
11885272
11611403
11629816
13404450
11624825
11860060
11629995
11538967
96046318
12404674
11731321
11590271
11648711
11508944
12820262
11508959
11461902
12734626
12059168
11452901
11452905
11915436
11369016
11450359
12055350
11322987
11417374
11322988
11465221
11343173
11355546
11785587
11645336
12056508
11266413
11682892
13008177
12648232
11308958
11384315
13784001
13784002
11856661
11280324
11279713
14193814
12842275
11384313
11128859
12055871
11645450
11280135
11160830
13021675
11500504
11500505
11051561
10875147
10949766
10942527
10881373
12058993
15552591
11856008
10842040
10822262
10954455
11340185
11262651
13444233
13471816
10457306
10421921
13024130
10387856
11253691
10443861
10390537
10387906
10387213
10387380
10387387
10387393
10423210
10297711
10422896
10386923
13024244
10386892
10730644
10225521
14169497
10741021
10388053
12758821
40644204
12059175
10225523
10225522
10058271
10766511
10058145
10225524
10225175
10226110
10226051
12752668
10226720
10297742
12734543
10225444
10297518
10226135
10423796
10297720
10421906
10225445
11645926
11645927
10226657
10297721
10297717
10297722
10718519
11500512
10297848
10225443
10700784
10457183
10023636
10814381
13024311
10225124
11543825
14368220
10226097
10226090
10759683
14172424
10226094
10297723
10723088
10949767
10226101
10226034
10812817
10787807
10225127
12546398
10226056
12056731
13181148
10225180
10226098
10297865
10225145
12555404
12546397
10422295
10800547
11500506
10226905
11189186
10225116
10812459
11675569
12781045
12059292
12555401
10225898
10297872
10058270
12944117
10226055
10297730
10226040
11308946
10023628
10226035
13444230
10226902
10226050
10226629
11185738
10691455
13056748
10023621
12058494
10794913
12055165
11150496
10023620
12566007
10023619
10791905
10093686
12055164
10058070
12055139
10949768
12055140
12055141
12510390
10225117
10226046
10023615
12508306
10739780
10225119
10094797
10265000
10226910
10226047
10297724
10226052
13024131
12508340
10226048
10225114
10226909
10226731
10023596
10023610
15553682
10237944
10226911
10225133
10265814
10340707
10297728
12055142
10225130
10225442
10226103
10226021
10226903
11316844
10226024
10226036
10226044
10226041
10058343
10226042
15483669
11316939
10023601
12510656
10226028
12342175
10387468
10225441
10226049
10226037
13381093
10225173
13388081
10023981
10023606
10023622
12497348
12497350
10023984
10023986
10058227
96115624
10023605
10023634
12508349
14403147
10023609
10023976
12497347
12497346
12497351
12497349
10023978
14368217
10023604
90113779
90116815
12658983
12658985
15692943
15692940
15692938
15741975
15721255
15629275
15601562
15655335
15438368
15482164
96322066
15393076
15470781
15273073
15232716
15184574
15076890
15184575
15017385
15166659
96274391
96280960
14961164
14830853
14800108
14791504
14884284
14803523
14717528
14717526
14717539
14717215
14593423
14593422
14809323
14471374
14731754
14399152
14471575
14473299
14473300
14473301
14473302
14473303
14473304
14427238
14322696
14152970
14152239
14187778
13976671
14151624
14266966
14153313
13922511
13931125
14121250
13919727
13891238
96117353
13922756
13771152
14927173
13764715
96138130
13838753
13659202
13591786
13457190
13416814
13452202
13469069
13376599
13198064
13094359
13296792
12996525
12996475
14322619
12859974
12713912
12879086
13182206
12636025
12214472
12214474
12113775
12407192
12110759
12121002
11971784
11948629
11605704
11723092
11500572
11212148
12654438
12654439
12654440
12654441
12654442
12654443
12654444
12654445
12654446
12654447
12654448
12654449
12654450
12654451
11855986
11160727
11152008
12733609
10390613
10461501
10423478
10540748
10390391
10297738
10297740
10297739
10456642
10232806
10226071
10226072
10265514
10297741
10225303
10729293
10687958
10265515
10265516
10225212
10228644
14364027
10226099
10709180
10226093
10031475
10225511
10297769
80407125
10297744
12057132
10527455
10225494
11646934
10225491
10225682
10059533
12042384
11150330
10785013
10225486
10297713
10387560
10226089
10225497
10225499
10228012
80406808
10226096
14260637
12944094
80407942
10732168
10225496
10297743
10226085
10094785
12057045
10226378
10059355
10226078
11451190
10225387
10226076
10226088
13351465
13351495
13351494
12498887
12498888
12498889
12498890
12498891
12499017
12498983
12498984
12498985
12498986
12498987
12507924
12497357
12497353
12497323
12497356
14096227
12498920
12498921
12497311
12497355
12499072
12497358
12497354
12497328
12497352
12497324
12498540
12499386
12497322
12499015
12499016
15689784
15668364
15682764
15667099
15597962
15629525
15609976
15655311
15691585
15691545
15678278
15245880
15225882
15374718
15197533
15273109
15151199
15374717
96381501
15106967
15379651
15379652
15379653
15379654
15001641
15052996
96263826
15008730
96280946
96271395
14879729
14717486
14715252
14729590
14713522
14713525
14713523
14713526
14713527
14713528
14713529
14713530
14713544
14713545
14713546
14713521
14713524
14584731
15005692
14471452
15374749
14245766
14183518
14322715
14026881
14332867
13900308
14331588
14155732
14023197
14155595
13688890
14040865
13623392
13623415
13628940
13660669
13459334
13629591
13372660
13376739
13527036
13275767
13767662
13629501
14256716
14256717
14256718
13279717
12939988
13027502
12998482
13027792
12788536
12784761
13257653
12774379
12774380
12650086
12994561
12532527
14368236
12992344
12728118
12591712
12511639
15374716
12283298
12094322
12067472
13009999
12077245
12029607
11951770
11906911
11885093
11544440
11266529
12042366
11033577
10422023
10226709
10456799
10386918
11461355
10387504
11189213
10225253
10225241
10444107
11046453
11046452
10387759
10387985
10225251
10386735
10225254
10225240
10226253
10225244
10225246
10225245
10225247
13025894
10226448
10387447
11789134
10226447
10226446
14515724
13351642
11545799
13351517
13351609
13351610
13381189
13381188
13376399
15543738
12498291
12498292
12368523
15543286
15543291
15543295
15543737
12498130
12498094
15542582
12498101
14178193
14178192
12498917
12498918
12497309
15543739
15543290
12368522
12499060
13351516
15543740
15543748
15543293
15543287
12497340
12498304
12497344
15543747
12497341
15543746
15543289
15543294
15721533
15679182
15677596
15671059
15626880
15508133
15656571
15721012
15500557
15393116
15292558
15393099
15282555
15393072
15393064
15301715
15249068
15361282
15284794
15249360
15358542
15225927
15199261
15150089
15150119
15098645
15094863
15144426
15127092
15100280
15001695
14980874
15002053
14961193
14961192
14961194
14880480
14805826
14726236
14805827
14717543
14717415
14662504
14662444
14612779
14643420
14582390
14582407
14641250
14612729
14641218
14645887
14729723
14471371
14509059
14376362
15374666
14347276
14415851
14348416
14345484
14322290
14276912
14409616
14424955
14302787
14780895
14251313
96150675
14236379
14251136
14276914
14164768
14473305
14473279
14473280
14278378
14208216
15374660
14152182
14149492
14117468
14314670
14070653
14043256
14187777
13909233
14317132
14317133
14317134
14322693
14153310
14153288
14151420
13691279
14040868
13591896
13477049
13248185
14503634
13043929
13021326
13089699
14805839
12996389
12751005
12755761
12731755
12532992
12533309
12583983
12423774
12350885
12998441
12318945
12735958
12208373
12274907
12069958
12196408
12021751
12028314
11906851
11917739
11692285
12058251
11881474
11443416
11658037
11313971
11370985
11532994
11160555
10422667
12058968
10443885
14503613
10423135
10225526
10758817
10799187
10058752
12555403
10297736
13534398
10227191
10814278
10709296
10226080
10226069
10226070
10225518
10093621
10226084
10094783
11771461
10225513
10226079
10225514
12497318
12497320
12497319
15542445
15543706
15543707
12498316
15772206
15687903
15538748
15593192
15380524
15376315
15340734
15302286
15147471
15208888
15184466
15006073
15166660
15166661
15001813
15393080
15001782
14979246
14885649
14938309
14471257
14471490
14276949
96209875
14274275
14183350
14137274
14061378
14927114
13966479
14152299
14153349
14153350
14001195
14169488
13828540
13748127
13771281
13767506
13659118
14910010
13655445
13733951
14223276
13571936
13421183
13495988
13419747
13357204
13110699
13274186
96130389
12932291
13024219
13768209
13768208
14169756
12966391
12762627
12736333
12966417
14169758
12794508
12734547
12350863
12206651
11978105
11821330
11454610
11561032
11474050
11289153
11279544
11280679
11279743
11074641
11316089
11152296
11155025
11032510
10390641
10443805
12055859
10387386
10225891
10264793
10765582
10785156
10225168
10806963
10697455
10225501
10031526
10225525
10779202
11500568
10228380
12944140
11152343
10225504
10226287
10225077
10225527
10228384
10794682
10227492
10225500
10225528
10228411
10297852
10225529
10228362
10387561
10297845
10228378
12300494
10297870
11150802
11500542
10225439
10225427
11245919
10225085
10227114
10226083
10225446
10225086
10228376
10225777
10225502
10225530
13123576
12497523
12497521
12497315
12499214
12497314
12497345
12497313
12497522
12497499
13257648
15672302
15668253
15714918
15772344
15658319
15338940
15393179
15249678
15318896
15215115
15271265
15032535
15390228
15099728
15006152
15300372
15292550
15014574
15023845
15018724
15157503
14956381
14906822
14748106
14755774
15006150
14708206
14710223
14651461
96196832
14396691
14168734
14146451
14023343
13919755
96154749
13662503
13324408
13527034
13261955
13320258
12934863
12968533
12599373
12198896
12678917
12135436
12290156
12324481
11970584
12014814
12007150
11931089
11662996
12535867
15395937
11279761
11280284
11149609
11856012
11211663
11150793
12103956
10881679
10881680
10881678
10881675
10881676
10508995
11160485
10789195
10225510
10880326
10444108
10387226
10225493
10541448
12955785
10228705
10228706
10227466
10225488
10225489
10754249
10227460
10227436
10225492
10225495
10227421
10227427
10227426
10340860
10228802
10228745
10725428
10227470
10228664
15750075
15722839
15742234
15742235
15733949
15689749
15715103
15687648
15670604
15715054
15715094
15652089
15749015
15678674
15620608
15623719
15715626
15628015
15648778
15718554
15678202
15669684
15669685
15669686
15669687
15669688
15669689
15589392
15593922
15690421
15691540
15587113
15560306
15579290
15594636
15707850
15668560
15726896
15705608
15663778
15562363
15680250
96357899
15631217
15631218
15562444
15746886
15746887
15518427
15564368
15506295
15690148
15494123
15503106
15503198
15691684
15471925
15496749
15577196
15544880
15544920
15544980
15544999
15545009
15561777
15562352
15641751
15547225
15547235
15547255
15547265
15561564
15571121
15571132
15571141
15544870
15562382
15544910
15561695
15561706
15561716
15561726
15561736
15561746
15561756
15561767
15544989
15544950
15544860
15544940
15544970
15544930
15544960
15572613
15572623
15572633
15572763
15572773
15572793
15572783
15544890
96354837
15470181
15485324
15485325
15480199
15441000
15441332
96364754
96357876
96366435
96366458
15400755
15469039
15469962
15563774
15563866
15628624
15678324
15495251
15380537
15376927
96329329
15371608
15714162
15395537
15371253
15371254
15371252
15767810
15767811
15369963
15376386
15368188
15705660
15392969
15402902
15338805
15383438
15383448
15383418
15383428
15402963
15402962
15265457
15495195
15392966
15250681
96401052
15302273
15310945
15310946
15310947
15310948
15392967
15245451
15298435
15300939
15343768
15259540
15264156
15403625
15534036
15593058
15404130
15408164
15213533
15289879
15392968
15204490
15488330
15228521
15261117
15213601
15264330
15188139
96312172
15238987
15239377
96312165
15239617
15284860
15338696
15338746
15338756
15326162
15210571
15592953
15592954
15593133
15593134
15593135
96310168
15207381
15336699
15444390
15164281
15255703
15238079
15264296
15264295
96317615
15225789
15225786
15225788
15225787
15252487
15290125
15290122
15290123
15290120
15290121
15290124
15364133
15228028
15370894
15325241
15136709
15607518
15392983
15392982
15178242
15147123
15147124
15147442
15247266
15253795
15265484
15147441
15336714
15336712
15336713
15325344
15327463
15326353
15325274
15327464
15326374
15327460
15327465
15325335
15324897
15327459
15326354
15325284
15325294
15325254
15325305
15325264
15325214
15325324
15325334
15325314
15326363
15325345
15100604
15075491
15717026
15717036
15176471
15497359
15090752
15271360
15370889
15648364
15648358
15648359
15374557
96324797
15160143
15054927
15054882
15054941
15336696
15153190
15336697
15223324
15044902
15444255
15370885
15408254
15444276
15225206
15404095
15444241
15444240
15223314
15444256
15223311
15444296
15444266
15094789
15239152
15370884
96296319
15006626
15714995
15034031
15080464
15059423
15715015
15715005
15715025
14992025
15370876
15370873
15006086
15006087
15006088
15010266
15057391
15057387
15057389
15057390
15057388
15168913
14991036
15013164
15018389
15001941
15013147
14991037
14992862
15370893
96332607
15226421
15020877
15034196
15005947
96272140
96272138
96272139
15010719
15265234
15168796
15364134
15006800
14996935
15018023
15017950
15184570
15374571
14962237
15002070
15018706
15142377
15075227
14959890
15239107
15284859
15239632
15239392
15239407
96312173
14979189
15239422
14938514
14961144
15137335
15005621
15005256
14954660
14954661
15009652
96280928
15478721
15008976
14870045
96264742
15327937
14931051
14942884
15370891
96336403
96336402
14863680
15374451
15374452
15374450
15374449
15157498
14979226
14870025
15081915
15455570
15081935
15081995
15081910
15081936
15081916
15081917
15081937
14944537
14979210
14866785
14995446
14780896
15005263
14809225
14809217
14874585
14809224
14874607
14874604
14889254
14979188
14808892
14808913
14780915
14851784
14961218
14961109
14884377
14808962
14979233
14864285
14809218
14903257
14903258
14832982
14832983
14809160
14823548
14809203
14706518
14885900
14880504
14854238
14877497
14884418
15374856
15374855
96235420
14733047
14733027
14733038
14733037
14733028
14870384
14809147
14854237
14819396
14727632
14874592
15233111
15233112
15233113
14873216
14649033
14717545
14717497
14717505
15151201
14706758
14711262
14735413
14717309
14715180
96223207
14713513
14701512
14642366
14645243
14805797
14645072
14641215
14803559
14727712
14592500
14816711
14816691
14819376
14809120
14809140
14809100
14782987
14819356
14681396
14701570
14603418
14587787
14709955
15198610
15198604
15198606
15198611
15198609
15198605
15198607
14701619
14816671
15198608
15444275
15444286
15444285
15444295
14701605
14617213
15186958
15186959
14713557
14713554
14713555
14701629
14713553
14701627
14717608
14717609
14713556
14701628
14709991
14634296
14634306
14698050
14698051
14698052
14698053
14698054
14698055
14709989
14709990
14709992
14709993
14709994
14713558
96230493
14629345
14722517
14731077
14592584
14592544
14592564
14592574
14701506
14592554
14592594
14559637
14559647
14701600
96336990
14701571
15497298
15661311
14719987
14471741
14498214
96213268
14471519
14808891
96229608
14575377
14471668
96229606
14525387
14612622
14615182
14615282
14516917
14612638
14612759
14615323
14473331
14473329
14473330
14553212
14553232
14553222
14832593
14471672
14874496
14577888
14577899
14575775
14575786
14575745
14575330
14577878
14575785
14575765
14577848
14575735
14577838
14575776
14575755
14575715
14575725
14577868
14575329
14577858
14577909
14425041
14726006
14456332
14471486
14404589
14649439
14649440
14649438
14471357
14756180
14755966
14456355
14460022
14348519
14471268
14472690
14471756
14439879
14347274
14421323
96225485
14415932
14347205
14347078
96209864
14345475
14507032
14445750
14443928
14472607
14347239
14347329
14471728
14507189
14917250
14471417
14879658
14879660
14421350
14879661
14879659
14472499
14472507
14889251
14889253
14367286
14427396
14427397
14427398
14427399
15006633
14408354
14408362
14408363
14408364
14421365
14421374
14374686
14345261
14610816
14944028
96174478
12697113
14349532
14471509
14755948
14755995
14367480
14889252
14489844
14348147
14348412
14459840
14252083
14472865
14472866
14472867
14278422
14444418
14341909
14348424
14343232
14264143
14540212
15161119
14673021
14353832
14280605
14274033
14251169
15272256
14268507
14349483
14349484
14471761
14264415
15004645
14251307
14944048
14236947
14432359
14917931
14286701
14472496
96192647
14701536
14472613
14729685
14729686
14729687
14729688
96149259
14347271
14322353
14222481
96266074
14183349
14143748
14726090
14572660
14264297
14225859
14145297
14346405
14329996
14346416
14213882
14366100
14346385
14253923
14217418
15058668
14154283
14274101
14277240
96150379
14276800
14332748
14332749
14332738
14332740
14332741
14332739
14332742
14332744
14332752
14332745
14332746
14332750
14332751
14332753
14332747
14332743
14332754
14332755
14332756
14332757
14213837
14152664
14138522
14143188
14254001
14274304
14168713
96137776
14918663
14264260
14160603
96150361
14142537
14332700
14251065
14441411
14117531
14277222
14252113
14117540
14312103
14149443
14252138
14162691
14319050
14276906
14265186
14102435
14102506
14102453
14187861
14274018
14274271
14091507
14117538
14009073
14276647
14104458
14333820
14333819
14276622
14168630
14314972
14223373
14183293
14145528
14145529
14145530
14145538
14145539
14145540
14151282
14149628
14250189
14250190
14155596
14250191
14250192
14151146
14091266
14147941
14145376
14332763
14070692
14578481
14584595
14584591
14584593
14584592
14584594
14586740
14584596
14043262
14312109
14153351
14091276
14153321
14308390
13986423
14053648
14067653
14104459
14149901
14149972
14151311
14149973
14044541
14151075
14165839
14322592
13924287
14149962
14149840
14155845
14155846
14155847
14155848
14155849
13931107
13913965
13913966
13978485
14023335
13981819
96138011
13981827
14151313
14029046
13984428
14322849
14046533
14053722
14051796
14028880
14053812
14708191
13981831
14331493
14023179
14149682
14152965
14149979
13915796
13901509
14166546
13914020
14507184
14507185
14187912
14507030
14507031
14507211
14507212
14256657
14256658
14155853
13913970
14332876
13932350
14155854
14155855
14155856
14155857
14155859
14155850
14155851
14155852
14168331
14168330
14170843
14168329
14168328
14274189
14306793
14153398
96117368
96117321
14166592
14166593
14213028
14505019
14505020
14505021
14505022
13847294
14331514
13862391
14323078
14152947
14152948
14036021
14332725
13938166
13839798
13911320
14155525
14068159
14153263
13979674
14278465
14068158
14155753
14331568
13979626
14331567
14302380
14379497
14153538
14153546
14322597
14909162
14252097
14253849
96117542
13807121
13970843
14151368
13873263
14155788
14155789
13771354
13771351
13853833
14134481
14155790
14155791
13779458
14155582
13767577
13742636
96138142
13761554
14307994
13761578
13761584
96138141
13776198
14166565
96138216
96138181
14169542
13708602
13761595
14505026
14505034
14505035
14505025
13694270
13776219
13887072
13784003
13784004
14149590
13742589
14129118
14984379
14149954
13698753
14882954
14307978
14307979
14308496
14308497
14918711
14332640
14332641
14332642
14238301
13662481
13614065
13765125
13713015
13665680
13656181
13650633
13656030
14131279
13664295
14153412
14089443
15630612
15630613
15630614
14273995
15630615
15630616
13658522
13771347
13653873
13650581
13664294
13767570
13571127
96187826
13571060
13839003
13767572
13614219
13771349
13571068
13872528
13779430
13534709
13623408
13677924
15125234
15004664
13606770
13628941
13514765
13514615
13629502
13623489
14166526
13944179
13486128
13771348
13650490
96197765
13664297
13591900
13767400
13664401
14170855
13445525
13473009
13508560
13541309
13584085
13658512
96047703
13655451
13656003
13640705
13658442
13658226
13516403
13516404
13640725
13457938
13414735
13648964
14155468
13650615
13425433
14515770
13654028
13409136
13400080
13952840
14256692
14256693
14256694
14256695
14256696
14256697
14256698
14256699
14256700
14256701
14256702
14256703
14256704
14256705
14256706
14256707
14256708
14256709
14256710
14256681
14256682
14256683
14256684
14256685
14256686
14256687
14256688
14256689
14256690
14256691
13658425
13360207
13409562
13418333
13422429
14187638
14187635
14187636
13512990
14187637
14187639
14187640
14187641
13872605
13513009
13653919
14155863
14155868
14155865
14155866
14155867
14155869
14155864
13455887
14910076
13414592
15648477
15648476
15648478
15648479
13416877
13667272
13300569
13389369
13300160
13339340
13662440
13381338
13348555
13381407
13660606
13286228
13295457
13383656
13376543
13376544
13376542
13300781
13300413
13596656
13281578
13247816
13347157
13407928
13265416
13626126
13125874
13279621
13125886
13376670
13404332
13318335
13376717
13916784
13776216
13279837
13296872
13916783
13832484
13448733
13296832
13521299
13296871
13916781
13916782
13832483
13297073
13658484
13509217
13296941
13448726
13284760
13279711
13626141
13376738
14256647
14256648
14256649
14256650
14256711
13563557
13297287
14322571
13248439
13322137
13516964
13057971
13324407
13182455
13033071
13182300
96115796
13091358
13091026
14223360
13091646
13182245
13182354
13184994
13534374
13182244
13262579
12996447
12928349
13298293
13177380
12924926
13279773
12918975
13776220
13027750
13627743
12954807
14427796
14427797
13007611
13262459
13305422
13305423
13305424
13305425
12994453
13341737
12996194
12962931
12949796
13021661
12960230
14331483
14141121
12965594
12962930
12954902
13021687
12994519
14168334
14168336
14168335
12979554
14168332
14168333
12810348
12975664
12966385
12891019
13594463
12782068
12749843
12782067
12996210
12790359
12750555
12790033
13006067
12765218
12749406
12810473
12725342
12996192
12749458
12790328
12954935
12872949
12722625
12735372
12725052
12773705
12772420
12790316
12763037
12769382
12756532
96198773
12869789
12768294
12772226
12762634
96010951
14223267
12801193
12794485
12795772
12735978
12706063
12801427
12996234
12664827
12665265
12725864
12817489
12676395
13021613
12676280
13297097
12642895
13046487
12738816
12616729
12735967
13008069
12625271
12620006
12596178
12532866
12593413
12601626
96027840
12621898
12676166
13063985
12542207
12700743
12533230
12818016
14113046
12738820
12477708
12448957
15373527
12455809
12613035
12447767
12487813
96006004
12455799
14587076
13019210
14223280
12423769
12470035
14223310
12444132
12412430
12367205
12337122
13014966
12466174
12385347
12336344
12444131
12427403
12448786
12455393
12455302
12413171
12357535
12354688
12457611
12391306
12457612
12457613
12399965
13886169
14187806
14180499
12314302
12295141
12275312
12271961
12238485
12283248
13021654
12996980
12996979
12996981
12533435
13021656
13021657
12996978
12302718
12506840
12215975
12554817
12215972
12554816
12554815
12235308
12233121
13032007
13032008
13032010
12394669
13032009
12533434
12173839
13528298
13528300
13528299
13528297
12168420
12293104
12385753
12550261
12124303
12590718
12548326
12455751
12211929
12211930
12438687
12212728
12678322
12115909
12174498
12249113
12209443
12114806
12097458
12738844
12121959
14153387
12590460
12068278
12131310
12377887
12552713
12192474
12005546
12098095
12522045
12994537
12028092
12036543
12015293
12802933
14223278
12014433
12125913
12058462
12058351
12035741
11883986
11955004
12095966
12121973
12071580
12738028
12028632
11973135
13456911
13456898
13456954
13457156
11915065
11963047
12022700
11905199
11950556
12022701
13047197
11919625
13047506
13047713
11928821
11974239
13047698
12618938
11917752
11889540
11886906
11919623
12618939
11920044
11919626
11979148
12441159
11919341
12056517
11970464
13579280
13579281
11944288
11940660
13017450
11934784
12506842
11938088
11924998
12026528
11925016
11885094
12055651
11944047
11810411
11884987
11796137
11862009
11799297
11856030
11823035
11856025
11855980
15395818
12648969
12648970
12648971
11733230
11821607
11859552
11741435
11812640
11812644
96127901
11741103
90119995
90119996
11765688
11698609
11628383
11692606
13309432
11741574
11760556
11659583
11621054
11611477
11555647
11700971
11752545
11555648
11560499
11808931
11523700
11646416
11629904
11629905
11629906
11629907
11532399
11629902
11629903
14238377
11696846
11696849
11696847
11696848
11677852
11821500
11686704
11507782
11544361
11525879
11572606
14153147
11577989
11454611
11461541
11556050
11556049
11461571
11532985
11398749
11685175
11443503
11394720
11645330
11465096
11434560
11456881
96274945
14741508
12057131
11849562
11544119
11813449
11408329
11408334
11408330
11408333
11408332
11408331
11408328
12649300
11405272
12654452
13056344
12654453
12654454
12654455
12654456
12654457
12654458
12654459
12654460
12654461
12654462
12654463
12654464
12654465
12654466
12654467
12654468
12654469
12654470
12654471
12654472
12654473
12654474
12654475
12738788
11339984
11411623
11450352
11342382
12654476
11411622
12654498
12654477
12654507
12654506
12654485
12654493
12654487
12654483
12654495
12654503
12654497
12654504
12654501
12654502
12654499
12654500
12654496
12654484
12654481
12654482
12654478
12654505
12654494
12654491
12654492
12654488
12654489
12654490
12654486
12654479
12654480
11581891
11298204
13174354
12648567
11316784
12820332
11628641
11645280
11645293
11181981
11500830
14258960
14195969
11352924
11181984
11280322
11129226
11129227
12654426
12654427
12654428
12654429
12654430
11199265
12745871
12745929
12745930
12745931
11308964
11308963
11279591
11279768
11279590
11160393
11160399
11407897
12649054
11199185
40301670
11990906
11990907
11160636
11112597
11113071
40551485
40551471
40551472
40551484
40551473
40551483
11051524
12283514
12569943
90080703
90080701
90080702
90080704
12533433
12533431
12459135
12533432
12533430
12598157
14256776
14256777
14256778
14256779
14256780
14256781
14256783
14256784
14256785
14256786
14256787
14256788
14256789
14256790
14256791
14256792
14256793
14256794
14256795
14256796
14256797
14256798
14256799
14256800
14256801
14256802
14256803
14256804
14256805
14256806
14256807
14256808
14256809
14256810
14256811
14256782
10860461
10860456
11160434
10858503
10858502
10858504
15251423
12058352
11279778
11279777
10872135
80403629
12056131
10495643
10423084
13488100
11160473
80403566
15552543
80401750
80401842
10457154
10460846
12328283
12328282
12328286
12328289
12328285
12328284
12328288
12328287
10387082
10443976
10444350
10264821
10264818
90120037
11316106
10424424
12807822
12807813
12807817
12807810
12807818
12807819
12807809
12807808
12807816
12807812
12807805
12807811
12807807
12807815
12807806
12807821
12807814
12807804
12807820
11545417
11500834
11500835
11465371
11500836
10298083
10387915
10298067
12227414
11821971
11821972
10444276
10444382
10265099
10265100
10265094
10265095
10265096
10265098
11671908
11671907
10460532
11671906
10444379
15371142
11645328
10444286
80400452
10772363
10461196
10461383
10387911
10811652
10461689
10264960
10424154
10444322
10298094
80407129
10461979
11175412
12056325
10701041
10298093
10444563
10461889
10725891
10456626
10457207
10462021
10264819
10444137
10387912
14140171
14140172
14140173
14140169
14140170
12129644
12129645
12129576
12129577
10387914
10387913
10264595
10444140
10444138
10751670
10777686
10744932
10387922
10387920
10387923
10387400
10423763
10746553
10387822
10264840
10444355
10297929
10709346
10264614
10298252
14211208
14211209
10715999
10264835
10462684
12130585
10461910
10298041
10807051
12599734
11645359
11645358
11645357
10443950
10298246
12058361
12058454
10733577
10297920
10297924
10297922
10297919
12058619
12058324
10297921
10297923
10297926
10297925
10443676
13781821
10461330
14153180
90120259
12534930
13390370
10444586
10444571
10444574
10034236
10444481
10264839
10264624
10461988
10094194
10298090
10444356
10444247
80400449
11401158
10791667
10094064
10444352
10677689
10034235
10736528
10264711
10731339
10461465
14154185
10264972
11458841
10787576
10461303
12953048
10264962
10265109
10461618
10093953
10772530
10298088
10264610
10264587
14367984
13432016
10386976
10264842
10264834
10298091
14890870
14502070
14502069
13056814
13056811
13056810
13056812
80400035
10312831
10710777
10443905
10461832
10264710
10762618
10723999
13069914
10094774
10461424
10264613
10462101
10330591
10264616
10329785
10264762
10444566
10777736
10709717
12820103
10094777
10264611
10264467
10264619
12987300
11646863
12056600
10719057
10264612
80400450
12059364
10444267
10461787
10444275
10264462
10443791
10461020
10264836
10444320
12055945
10738117
10444502
14172429
10264957
10444094
10264395
12129593
12129594
12129525
12129521
12129519
12129522
12129523
12129527
12129528
12129531
12129517
12129524
12129520
12129529
12129532
12129518
12129526
12129530
13358993
13358992
10298045
10461506
12057027
11131766
10444280
10444381
10093847
12055718
10265111
12057047
10703079
10684880
11455261
10461231
10444086
10744321
10386946
10461236
10711722
80411231
80411230
80411229
10856822
15552525
10856855
10461883
10750667
10265112
10264590
10264588
10444083
11543575
10264585
80407135
12595994
40333130
10444357
14211211
10461061
10443797
10444095
11131770
10444351
10444504
14882948
10444493
10340749
10444496
11497229
11318951
12595993
10462327
10444085
10265104
10444348
10444500
10462131
11245929
10444089
10462189
11138645
12561812
11134335
10444505
10443796
10444366
11817022
15553687
10444380
10758232
12338677
10444370
10461237
10444489
10444484
11333198
11771236
10443783
10444096
10460838
10444285
10264459
11190894
11315505
11143435
10444100
10444490
10462404
13508376
10444221
11188957
11773472
10444313
13508377
10264620
10264463
10462040
10297928
10264970
12524248
11771306
11333182
10461842
10444365
10444093
10461721
10462216
10444353
10444084
10444492
10444087
10462055
12335611
12335613
12335614
12335612
10444101
14193910
10443794
10444315
10444346
10444307
10444091
14211210
10443793
13025859
12668869
11242666
10462249
10444314
12338732
10461765
10462031
10462428
10444099
10444369
10444097
10461426
10461888
10387401
10462160
10387402
10387403
12338688
10387975
12408997
10444312
12129556
12129561
12129563
12129559
12129565
12129557
12129566
12129564
12129558
12129560
12129567
12129562
14225355
14225357
14225368
14225369
14225370
14225371
10460814
10444319
10264622
80401901
10387582
10461632
10461590
10444377
10461724
12345926
12596117
12596116
10387114
10387113
10444310
13571151
13571223
13571213
12170497
12987151
12987152
12987153
12987154
10461573
13214689
13209360
11544513
12987149
13358995
14211183
14211177
13358997
11253621
10461829
12449270
10444316
12129586
12129591
12129587
12129589
12129590
12100838
12129588
12738257
10444308
13358843
13358859
13358863
13358862
13358860
13358845
13358842
13358858
13358844
13358861
12987028
12510537
10462230
10462150
10461309
10461777
10461985
10461541
10461681
10461467
10461657
10462171
10461967
10461386
10461460
10461652
10461586
10461662
10461365
10461901
10461603
10461242
10461580
12129583
12129582
11344235
13358950
13358951
13358955
13358956
13358954
13358953
13358952
13358949
12987071
12987072
12987073
12987074
10444318
12987309
12987150
12987141
12987142
12987143
12987144
12987145
13376395
12987599
12987600
12987601
12987602
12987603
12987604
12987605
12987606
12987607
12987608
12987209
12987210
13358840
13358841
13358836
13358837
13358839
13358838
15032172
15032173
12999507
12999508
12999509
12999510
12999511
15032096
15032097
13358996
15032174
15032175
13358981
13358979
13358980
13358982
13376417
15032149
15032150
15032148
15032169
15032167
15032146
15032168
15032170
15032144
15032145
15032147
15032143
15544351
15544350
15544352
15544353
13358900
13358912
13358918
13358890
15032222
15032160
15032252
15032162
13358907
13358929
15032236
13358921
13358887
13358914
13358897
13358883
13358913
13358889
13358892
13358910
15032158
15032239
15032243
13358924
13358906
13358902
15032159
15032161
15032157
13358888
13358915
13358905
15032235
15032241
13358916
13358917
13358901
13358920
13358922
13358923
13358893
13358895
13358909
13358928
15032240
13358891
13358896
13358894
13358898
13358904
13358886
13358927
13358884
13358882
13358903
13358911
13358899
15032217
15032223
13358919
13358885
13358908
13358926
13358925
15032216
13036288
13036289
13036290
13036291
13036292
13036293
13036294
13036295
13036296
13036297
13036298
13036299
13036300
13036301
13036302
13036303
13036304
13036305
13036306
13036307
13036308
13036309
13036310
13036311
13036312
13036313
13036315
13036316
13036317
13036318
13036319
13036320
13036321
13036327
13036322
13036323
13036324
13036325
13036326
13036328
13036329
13036330
13036331
13358960
13358961
13466726
13464913
13466720
13358937
13358938
13358939
13358934
13358935
13358936
13358947
13358948
13358813
13358818
13358823
13358790
13358802
13358817
13358822
13358816
13358809
13358808
13358814
13358791
13358815
13358810
13358792
13358811
13358820
13358795
13358821
13358819
13358793
13358807
13358803
13358794
13358801
13358796
13358804
13358964
13358965
13358963
13358962
13358966
13358971
13358970
13358969
13358968
13358967
13358972
13358973
13358983
13358984
14403134
15032164
15032166
15032165
15032163
13367053
13367054
13367055
13358930
13358931
13366945
13358851
13358850
13358848
13358852
13358847
13358855
13358854
13358857
13358846
13367045
13367046
13367044
13367041
13367043
13367042
13367047
13367048
13367050
13367049
13367051
13367023
13367022
13367010
13367011
13367012
13367007
13367009
13367008
13367006
15032203
15032202
15032183
15032197
15032212
15032199
15032196
15032194
15032192
15032201
15032182
15032207
15032191
15032193
15032189
15032186
15032205
15032209
15032198
15032184
15032181
15032190
15032206
15032210
15032211
15032188
15032204
15032200
15032208
15032195
15032156
13366937
13366926
13366943
13366944
13366918
13366922
13366923
13366934
15032155
13366917
13366936
13366927
13366920
13366928
13366921
13366925
13366924
13366935
13366938
15032154
15032151
13366919
13366930
13366939
15032153
15032152
13366940
13366941
13366931
13366942
13366933
13366929
13366932
14403665
14403161
13366957
13366999
13366992
13366959
13366969
13366994
13366998
13366970
13366961
13366995
13366962
13366966
13366960
13366968
13366958
13366965
13366967
13366963
13366964
13366971
13366956
13366996
12697259
10264822
96303857
12499670
11343771
11343804
11343770
11343812
11343796
11343756
11343784
11343773
11343841
11344174
11343755
11343767
11343794
11343821
12809332
12809333
12809334
12809335
12809338
12809339
12809340
12809341
12809342
12809343
12809344
12809345
12809349
12809350
12809351
12809352
12809353
12809355
12809356
12809357
12809358
12809359
12809360
12809361
12809362
12809363
12809364
12809365
12809366
12809367
12809368
12809369
12809370
12809371
15032122
13358957
12498146
12498879
12498880
12498881
12498882
12498976
12658033
13010143
11535082
11535083
11343775
11343837
11343815
11343820
12655992
11343791
11343805
11344010
11344168
13142734
12499555
12499585
12499588
12499589
12499591
12499592
12499593
12499594
12499595
12499596
12499569
12499598
12499599
12499600
12499552
12499553
12499554
12499557
12499558
12499597
12499563
12499564
12499565
12499566
12499567
12499568
12497687
12497682
12498282
12806086
12806087
12806088
12806089
12806091
12806092
12806093
12806094
12806096
12806097
12806098
12806099
12806100
12806102
12806103
12806104
12806107
12806108
12806109
12806110
12806112
12806113
12398696
13358944
10265097
10311710
11343769
11343801
11343814
11343848
11343825
11344011
11343828
11343838
11344170
11343768
11343800
11343779
11343799
11343851
11343787
11343780
11343852
11343790
11343797
11343788
11343823
11343850
11343807
11343786
11344166
11343808
11343778
11343834
11343822
11343793
13358943
12806128
12806133
12806134
12806138
12806139
12806156
12806160
12806115
12806116
12806117
12806118
12806119
12806124
12806125
12806126
12806127
12806130
12806131
12806135
12806136
12806137
12806140
12806141
12806147
12497480
12497489
14401900
15032140
15032132
12807730
12807733
12807734
12807735
12807736
11343844
11343842
11343781
11343761
11344169
11343830
11343843
11343827
11343792
11343774
11343810
11343846
11535080
11535086
12499562
12499907
12499684
15032120
15032128
15032137
13358945
12498867
12499826
12499790
12499791
12499827
12499828
12499850
12499851
12499852
12499853
12499854
12499857
12499858
12499860
12499841
12499842
12499864
12499865
12499866
12499867
12499868
12499848
12499911
12499912
12499878
12499879
12499881
12499882
12499855
12499829
12499830
12498278
12499861
12499880
11343817
11343819
11343831
11343798
11343802
11343847
11344012
11343832
15032138
12807786
12807787
12807788
12807789
12807790
12807791
12807792
12807793
12807794
12807795
12807797
12498144
12497485
12497487
12497686
13358940
13358874
14301181
12528087
12499064
12499063
12499061
12499859
12499835
12499856
12499834
12499833
13465081
13464991
13464933
15032136
15032125
14403122
12499718
12499719
12499720
12499721
12499750
12499751
12499724
12499725
12499726
12499727
12499728
12499757
12499758
12499731
12499732
12499733
12499734
12499735
12499792
12499822
12499824
12497696
12498394
12499793
12499823
12499825
12738852
12738853
12738854
12497509
12497518
12497488
14403133
14802376
12059324
13466719
13464914
11343782
11343813
11343759
11344172
11343809
11343803
13358833
13359002
13358828
14515748
15032118
13358946
12499656
12498873
12498874
12498875
12498876
12498877
12498906
12498907
12498908
12498909
12498910
12498911
12498912
12498878
12506839
11343806
11343758
11343816
11343811
11343840
11344178
11343757
11343835
11343849
11343818
12960310
13465080
11343783
11343833
12398706
12497490
12497491
12500072
12806162
12806163
12806164
12806166
12806167
12807738
12807739
12807740
12807742
12807743
12807744
12807745
12807746
12807747
12807748
12807749
12807751
12807752
12807753
12807754
12807755
12807756
12807757
12807758
12807759
12807760
12807761
12807762
12807763
12807765
12807766
12807767
12807768
12807769
12807770
12807771
12807773
12807776
12807778
12807779
12807781
12807783
12807785
12499722
12398698
14403153
13358873
13358866
13010135
13358942
12499658
15032127
15032121
11343763
11344171
11343760
11344173
12368524
12100837
15032142
12058948
12499650
15032179
12499704
12499705
12499706
12499694
12499695
12499662
12499663
12499665
12499702
12499668
12499669
12499671
12499672
12499723
12499745
12499746
12499747
12499748
12499749
12499729
12499730
12499752
12499753
12499754
12499755
12499756
12499062
12499248
13465324
13358878
13358867
12987161
13010132
12499689
12499683
12499661
12499664
12499659
12499655
12499701
12655993
12653225
10265093
15032134
15032126
15032139
15032135
14403123
11343789
13010141
12499071
12499212
12499213
12499242
12499243
12499244
12499245
12499246
12499247
12498145
13463371
13010133
12499624
12499625
12499647
12499649
12499687
12499657
12499652
12499653
12499682
12499685
12499686
12499660
12499690
12499692
12499693
12499666
12499667
12499696
12499697
12499698
12499699
12499700
12499673
12499674
12499703
12697292
13465325
13358835
10443787
11344179
11343754
11343753
11343762
11343826
15032131
12999428
12999420
12999423
12999427
12999430
13367013
13367034
12398697
12398702
12657904
13358869
13358881
13358864
11535081
11535085
11535052
10797603
14403135
15032171
15032180
15032123
15032133
15032130
15542638
15542637
13010142
12499736
12499929
12497514
12497517
12497510
12497508
12497484
12398704
12497511
12497516
12497466
12497434
12497436
12497481
12498493
12497465
12497435
12499862
12499840
12499869
12499846
12499847
12499908
12499917
12499890
12499891
12499921
12499922
12499924
12499897
12499898
12499927
12499928
12499885
12499886
12499887
12499888
12499889
12499870
12499831
12499832
12499837
12499838
12499839
12499843
12499844
12499845
12499909
12499910
12499883
12499884
12499913
12499914
12499915
12499916
12499920
12499923
12499930
12499931
12499904
12499905
12499934
12499935
12499936
12499918
12499919
12655996
13358872
13358868
13358829
13358827
13358870
13358876
13358875
13465024
12100836
12497507
12497513
12497486
12497492
12497512
12398701
12398699
12398700
15032124
15032129
13376401
13358871
13358879
13358831
13358830
13358826
13358824
13358832
14301182
14403132
15542635
15542639
15542641
15542642
15542643
15542644
15542645
15542646
12499906
12499691
14403150
14403120
12809372
12809373
12809374
12809375
12809376
12809377
12497467
12497493
12497519
12498490
12499925
12499926
12499892
12499893
12499894
12499895
12499896
12499932
12499933
12499899
12499900
12499901
12499902
12499903
11344175
15032119
15032141
15032117
13358865
13465079
13358834
13358877
13358825
13358941
12398703
12398705
14096220
12485969
12497520
12498491
12497482
12497479
12497483
12498492
14301180
14403121
11343772
13358880
13465255
13464969
13463372
14301102
14099832
12499688
11343839
11343766
11343785
11343795
11344177
11344176
12498404
12498395
13010139
12999421
12999426
12999425
12999422
12999424
12999429
12999419
13752788
12056383
12056382
14401901
12849963
12499561
12499560
12499559
12809331
12806105
14170719
14403119
12697176
12697179
12697323
12170395
12368525
12697140
12697236
12697244
12697245
10461582
15765840
15769899
15749986
15752557
15767253
15753998
15751682
15764910
15755069
15750669
15764660
15750898
15722007
15718694
15737781
15718274
15718379
15728800
15717075
15725979
15711526
15672444
15716628
15670735
15669038
15717197
15745612
15741375
15703145
15745539
15715688
96386973
15670444
15763048
15765289
15765269
15629472
15765270
15762958
15762978
15762096
15765290
15762086
15762056
15762988
15765279
15762998
15762968
15765280
15763008
15763018
15762097
15762106
15762087
96381288
15623386
15717056
15680207
15620713
15627636
15764543
15761450
15698564
15599558
15717207
15698510
15765299
15762026
15765300
15765310
15762008
15763028
15762076
15762027
15762037
15761997
15762067
15761989
15762066
15762047
15762057
15765320
15762046
15765309
15762017
15762036
15765319
15666098
15639755
15600367
15588291
15640202
15717237
15583031
15698690
15583124
15643053
15606844
15596012
15729927
15570767
15605016
96360085
96360080
15559980
15587008
15584388
15705598
15583647
15705600
15745560
15589381
15559930
15698517
15578916
15558576
96366384
15705544
15717264
15653921
15559449
15531052
15691582
15642710
15642717
15642711
15642712
15642709
15642713
15642715
15642714
15642718
15642708
15642716
15642707
15540394
15559968
15717195
15559967
15593635
15556912
15540391
15565856
15500530
15530818
15717256
15656921
15507676
15496837
15518456
15691583
15530811
15655420
15464340
15730300
96352951
15505885
15715097
15508382
15595245
15530806
15472165
15471236
15389831
15409760
15555817
15441317
15473756
96352899
96366457
15653907
15454078
15601118
96386650
15394627
15530800
15392291
15392278
15583904
15395538
15368273
15488225
96341805
96345465
15368277
15392215
15547548
15399487
15495144
15380373
15601006
15690139
15716637
15689012
15389998
15389988
96324417
96324416
96353808
15395573
96334133
96336353
15691433
96338199
96338200
15383458
15395531
15378890
15385805
15698467
15698487
15698506
15698477
15582686
15698496
15698476
15698507
15698497
15698486
15698466
15713405
15371694
15371693
15371499
15371498
15371453
15371977
15371485
15371978
15371559
15399645
15698500
15698537
96324885
15382982
15525617
15707860
15368268
15494659
15326195
15525543
15358765
96368243
96354778
15485153
15485152
15337400
15485154
15485155
15491077
15485157
15485156
15485158
15365323
15395546
15497312
15656219
96324918
96368334
15336768
15365880
15380371
15367171
15645423
15485173
15485172
15485174
15485171
96390478
15392986
15359845
15485166
15485167
15485165
15485170
15485169
15485163
15485168
15485164
15340998
96365112
15337041
15495233
15368198
15368208
15495188
96341736
15246854
15250996
15393002
15368218
15485159
15485160
15485161
15505875
15273217
15485162
15531091
15368228
15361265
15396470
96317654
15310728
15283214
15250177
15309003
15229047
15454173
96308166
15239201
15233270
15322877
15392965
15233680
15310445
15316430
15244178
15325231
15720941
15361264
15229275
15325273
15374445
15229025
96400681
96324425
96324365
96297940
96300908
15249272
15264130
15296852
15364619
15392729
15310848
15310863
15310879
15236782
96354752
96308180
96317679
15325215
15374568
15281515
15325272
15233000
15191173
96297203
15242617
15300336
96297775
15250110
15246693
15454350
15238078
15143625
15244158
15288135
96291378
15265894
15325210
15223167
15245079
15164357
15245089
15252287
15223247
15147597
15147125
15133488
15147519
15144174
15151869
15226262
15230613
15105979
15282280
15147133
15227543
15093344
15237325
15146993
15169822
15230838
96308199
15075767
15121580
15225245
15096311
96291275
96291286
15153140
15096081
15161786
96291363
15265182
15150255
15032517
15144512
15114165
15151263
15082073
15069012
15238220
15024392
15151685
15104414
15184573
15078227
15105865
15370883
15068430
15207479
96291311
96289063
96289082
15030421
15034889
96299048
15078384
15164626
15336728
15108656
15076899
15076840
15186945
15073703
15078395
15015453
96297298
15087474
15034715
15153222
15153221
15370887
15370861
15114168
15048231
15114252
15076907
15127553
15108090
96297306
96308207
15057560
15051070
15300373
15370880
15054475
15082811
15164705
15031617
15114348
96291236
15171177
15033285
15087467
15087473
15717016
15717017
15020788
15114169
15171131
15011928
15370860
14995214
15034890
96298888
15033284
15010110
15007254
15093971
15024367
15014366
14996459
15085584
15010881
15136465
14996328
15022467
15236186
96265837
96280867
15073706
15018750
15014471
14993503
15186135
15061067
15005306
15207480
96289733
15240478
15054333
15052402
15052472
15009762
15033072
15370853
15001881
15374446
14996480
15006131
14955622
14959741
14974602
14976929
15132535
14994918
15001633
15001634
15001635
15001636
14937223
14934377
96284070
14961075
14870064
14867184
15097937
15046545
14979299
15078612
14866827
15006090
14961060
14867020
15001994
15044700
15370862
14961125
96248375
96305869
14914270
15052461
15260171
14979291
15280453
15370865
96260514
15374636
15370863
15370864
96251998
15006781
15009727
14967591
14961038
14939795
14852326
14983089
15374572
14979221
14911847
14836336
14979297
15026659
14889243
15374566
15081835
14979319
14807546
15186949
14896475
14932056
14939870
14939871
14939872
14819816
14780913
14931944
14961160
14979306
14961058
15763381
14867085
14836352
14979283
14979304
14789554
14903494
14902681
14826881
14985727
14807520
14822182
14983091
14783150
14939963
14783149
14974407
14783188
14783148
14961258
14783168
14783189
14863838
14805802
14807519
14807518
14805803
96305876
96277919
15325224
14842968
14832506
14884285
14775190
14809055
96277930
96277929
96277920
14775208
14712841
14831989
14809181
14807549
14831990
14778841
14806064
14735660
14681510
14807521
14809091
14681513
14722588
14722589
14740980
14742876
14742877
14807550
14803744
96381607
14880423
14809152
14805874
14780953
15497313
96234422
14712815
14803535
14803524
96234451
14735657
14791433
14713016
14819500
14791461
14749835
14749695
14780875
14870471
14961034
14807548
15209697
14874537
14809179
14789637
14870413
14756383
14903179
14756261
14806078
15161878
14742738
14805774
14732820
14733571
14732821
14732822
14809281
14765104
14805283
96237950
14711397
14807514
14809029
14732602
14851789
14730612
14717562
14722715
14711327
14712817
14717468
14641894
14713463
14710890
14721270
14717557
14719908
14722641
14710100
14809240
14715192
14724086
14646704
14643900
14645174
14646784
14615264
14634977
14615342
14641299
14656607
14889244
14640412
14721624
14731870
14711412
15078675
14655255
14713498
14645054
96381732
14583078
14725730
14640398
14593485
14604379
14731029
15073798
14610895
14551884
14870472
14726013
14590751
14825629
15229441
15229443
14731431
14706502
15229442
14726063
14584717
14605512
14648108
14573663
14664781
14793546
14546467
14600888
14546716
14599861
14647406
14599871
14646667
14635153
14553929
14590375
14728577
14575537
14722695
14604713
14604469
14730949
14816253
96241081
96241098
96200684
14651885
14646422
14471561
14471453
14553694
96214139
14687516
14609974
14584885
15150321
14584704
96268669
96268670
96268671
96229633
14540214
14553900
14730281
14528987
14528988
14557299
14722736
14612146
14553755
14545028
14651603
14645841
14592718
14533389
96255180
96200657
15184669
14501790
14516841
14709895
14501760
96255247
14500172
14471359
14471606
14488061
14730260
14917932
14603412
14554072
14732599
14471740
14471541
14557291
96207668
14468435
14531550
14548167
14468472
14471457
14419574
14419554
14419565
14419518
14419584
14471492
14726052
14527448
14527474
96210120
14443767
14443768
14531575
14435365
14435347
14435364
14445499
14471617
14435348
14432301
14421954
96322785
14427141
14648538
14472792
14450083
14507197
14421358
14348312
14427210
14909330
14348658
14445464
14347298
14507193
14471694
14507208
14507027
14472825
14507192
14471691
14507198
14507209
14471748
14472587
14507180
14471522
14399155
96193647
14444048
14348645
14557293
14435279
14384040
14347082
14343212
14387725
14347405
14348398
14348317
14384047
14347142
14341861
14471472
14347283
14427232
14677087
14676149
14456354
14381534
14348346
14452458
14347382
96173755
14348547
14345482
14349758
14347026
14347032
14345378
14345464
14345474
14347014
14347017
14347202
14348511
14348513
14348515
14345383
14347460
14349728
14346850
14347166
14349738
14349748
14348587
14338972
14345401
14348555
14347241
14322477
14507200
14345125
14348605
14348713
14373972
14325005
14346270
14349668
14349678
14349688
14318947
14376377
14268579
96190577
14399188
14214208
14445844
14345447
14289127
14274117
14311840
14348933
14348934
14348935
14322258
14780833
14277083
14251281
14276526
96159128
14276543
14276525
14253915
14348210
14276927
14235938
14213670
14213679
14213650
14213660
14276665
14263743
14268496
14268446
14268487
14268497
14268457
14235958
14273292
14533315
14253823
14264060
14264173
96225539
14324893
14177638
14226014
14372173
14222209
14320534
14183365
14306463
14276783
14306461
14276841
14208203
14182080
14182074
14208129
14572662
14183572
14277077
14274221
14222462
14182168
14264024
14183461
14160578
14264189
14164563
14342270
14170197
14145486
14166274
14918785
14302308
14142483
14274195
14183423
96190554
14175110
14262178
14170118
14229351
14575449
14160789
14170138
14160713
14149513
14162444
14314786
14148041
14093021
14183621
14080232
14152287
14268597
14138263
14142543
14032837
14138228
14160375
14102136
14128656
14128635
14128605
14142530
14128579
14128663
14073118
14073191
14128558
14121426
96198056
96192391
14110421
14347436
14091477
14890751
14137035
14086106
14126555
14100545
14277892
14137236
14276775
14128633
14277891
14128550
14562230
14141038
14092886
14124296
14121486
14128657
14128604
14091665
14104518
14104461
14104071
96123314
14415038
14097444
14428724
14097391
14100450
14164290
14102320
96258414
14187690
13993269
14097494
14097493
14086223
14267871
14267861
14145519
14267881
14145520
14274134
14145518
14213710
14097495
14133730
14091480
14097318
96105298
14026896
14677097
14672639
14302607
14152932
14038500
13944730
14166547
14102334
13945074
14275761
13959668
13959683
13981783
13957024
14275781
96226369
14038807
13965431
96110661
14151077
14187708
13928673
14104451
13901097
13927002
13991199
13933893
14046508
13917457
14306322
13969645
14306318
13915627
13900101
13900119
13900107
13900102
13900120
13922336
13964420
14278377
14046467
13981828
13952217
14024928
14274300
13954336
14126194
14151134
14274243
14149581
14036340
14162122
13974265
14507024
14187795
14041303
14149453
14133931
13967225
13944087
14044585
96130626
13970829
13959770
14151305
14164241
13915816
13895868
13909236
15364136
13981713
13914019
13913949
13906162
96130609
13915747
13932326
13970874
14028818
14027130
14027140
13924217
14187709
14027079
13895932
13921604
13939764
14187718
13801933
13895828
13964701
96129026
13895865
14151026
96074221
13859283
13926179
13873258
13769260
13936482
14164271
14507202
14507203
14507201
13788031
13785111
96272104
14155561
13821800
13813590
96079862
13842436
13749614
14152967
14733709
13846775
13828579
14262194
14262204
13786512
14507181
13828578
13831402
13896077
14151165
13896091
13810784
13719731
13719740
13814984
13997754
13828519
13828529
13828509
13789137
13796699
13878876
14170857
13831580
13700880
14170856
13705438
96381657
13836714
13794923
13828290
13767141
13921084
13771336
14151064
14603121
96258841
13785046
13821721
13821734
13921484
13748098
13727428
13721112
13700916
13700963
13700910
13909068
13700911
13721166
14141199
14113043
13700906
14170858
96088681
13701803
13726119
13732503
14113148
14982183
13771403
14086490
14169571
14982184
14153316
13739439
13726139
96192776
14909125
13736511
13731188
13761539
13658245
13655922
13662175
13704975
13931131
14149882
14885902
13658347
13683445
13714186
13658423
13642827
13655455
13779309
13660772
13856382
13660973
13661100
13642701
13637679
13660960
96258839
13770717
13781699
13701784
14050703
14158677
13711188
13649562
13642830
13754419
13627001
96058321
13600826
14730977
14158635
14101464
13577379
13627048
13619457
13549656
13549598
13549866
13549676
13542859
13540705
13546670
13549655
13549599
13640629
13642700
13624837
13624359
13605541
13765275
13625613
13572261
13662372
13521123
13523416
13645866
13655467
13626131
13750223
13997743
13949926
13750188
14223334
13765150
13628898
14150115
13511933
14184963
13750221
13550348
13779275
13535719
14507186
14507187
13586078
15086426
13541162
13541175
13541163
96040586
13541176
13656033
13586423
13537713
13605631
13639042
13510898
13773566
13466426
13605632
13487749
13665828
13665829
13665830
13665831
13665832
13665833
13665834
13497563
13490406
13504241
13665835
13521232
13640026
13510897
14153131
13662320
13485490
13650478
13650469
13590256
96381744
13412286
13485419
13403701
13412697
13836020
13786972
13521343
13473698
13441542
14507177
13513656
13426349
13476911
13459509
13446833
13427329
96090314
13413711
13510880
13414864
13460253
13323469
13300418
13384497
13504291
13348608
96250232
13452420
13444085
13454588
13376745
13725332
96258961
13276036
13281575
13381393
13513041
13376656
13512982
13513010
13512991
13513060
13513030
13513051
13513020
13381382
13376866
13378361
13767549
13209892
13781729
13378305
13376775
13230335
13189788
13271022
13415387
13322176
13164450
13318326
13195158
13152216
13279846
13771386
13152217
13152215
13385227
13385226
13385256
13387802
13398546
13152214
13596641
13318390
13321199
13319674
13330275
13185334
13326474
13164286
13185692
13169182
13284685
13596644
13166897
13318327
13318350
13284780
13284781
13284782
13324433
14276915
14276943
14276923
13318333
13279680
96006014
13174759
13632626
13267253
13181069
13318334
14187717
13511356
14982185
13279703
13274115
13182418
13172992
13296997
13081437
13128663
13063421
13318382
13257679
14672421
13284763
14982209
13596642
13185078
13653920
13297189
13182417
13318328
13318329
13596657
96115946
13427221
13072210
13203732
13182312
13182207
13086161
13182450
13626119
12942087
13223039
13182438
96130388
13070243
13070240
13070241
13182213
13044049
13297130
13350344
13182322
14507204
14187725
13182211
13132767
13182324
13293864
13182323
13297142
13297143
13297133
13596645
13019247
13222983
14151470
14148552
13459968
96131603
96085909
13182208
13182209
12944710
13182460
13052441
96119278
13182277
12997901
12996437
13009887
13760775
13222982
13511084
13318325
13292345
14444060
13182297
13222981
14444061
12931604
12997032
12944782
14223370
13347145
14223265
12994468
13019395
12932244
13098438
13101004
12919387
13182260
13528600
12998668
12932235
13629630
13027660
14118679
13279716
12998667
12936209
12939856
13926183
12888596
13596638
12943307
12943308
12943309
13182364
12968515
13521369
13019403
12982182
13013162
12873072
12962819
13005643
12996485
12966373
13174426
15401052
15401053
15401051
12997978
12827840
12996367
14134518
13019204
12854431
12998359
13063922
12965587
13182424
12968512
12962794
12965586
12960242
12786933
13257795
12996511
13002405
12997094
13018354
13182451
12778864
12998584
12998468
12949792
13013151
12974890
14038731
14472703
12998583
12998585
13005576
12807720
12811647
96059075
12809253
12757650
12994586
13021604
13021614
13021594
13174414
12864035
13279690
12998669
12817558
12783601
12975684
12962787
12764765
12810373
13016167
12762260
12728358
12998533
12997882
12998473
14153133
96115743
12744025
12962922
12809391
40458223
13015965
12949962
12740273
12721091
12996490
12996372
12725461
12717790
12713991
12996352
12795921
12710042
12997017
14985543
12859993
13007952
12723331
12706016
12816259
12809403
12728550
12728551
12799438
12735910
12666516
12609621
12768228
12619355
12707315
13174410
14296990
12612980
12688575
13024306
12689692
12625639
12625581
12622002
12735942
12626556
12632169
12632115
12618199
12626563
12631575
12593646
12603719
12817477
12801518
12808026
12670980
12616241
12603398
12556443
12551619
12735946
12590847
12522883
13765140
12609526
12735981
12656231
12629008
12656235
12656234
12656232
12656233
12656230
12656236
12629010
12629009
12676487
13048644
12820313
12707336
12707547
12643001
12643000
12482600
13013071
12707313
12994475
12707317
12455170
12478193
12456631
12487924
12438862
13013066
14223350
12439705
12735971
13813188
12998522
13010079
12390247
12400137
12366341
12390178
12533500
12735983
12735938
12735928
12656237
12735920
12466162
12735937
13019191
12735919
12395748
12735930
12735929
12391371
12537347
12632170
12381178
12366503
12412643
12440552
14062491
13926180
12427320
12426552
12394948
12426551
12426553
12304099
12372314
12996998
12419888
12394667
12735902
12372315
12316376
12735912
12735992
12735972
12735982
12278185
12393237
12319090
12295054
12292623
12307148
12314303
12276091
12348057
12384745
12267659
12542920
12249122
13455234
13462276
12455802
12808014
12278982
12442871
12278984
12316378
12235321
12381197
13005566
13016180
12735954
12735893
13005536
12555923
12278978
12201805
12735955
12198837
12198510
12162179
12235178
12198498
12707442
12184767
12269707
12269709
12229346
12221529
12533441
12554822
12128501
12141513
12212546
12126178
12146489
12269488
12533503
12400522
12138050
12186222
12413043
12139659
12139660
12198582
12210124
40562933
12134470
12095395
12091337
12186702
12165331
12115911
12184567
13451689
12095825
12212488
14507182
12095480
12095114
12118961
12212712
12119431
12126995
13935132
12105855
12093193
12094777
12070229
12527965
12075460
12121554
12108191
12209499
12070293
12096359
12227336
12192473
12116183
12055988
12106084
12006873
12171660
12997005
12616692
12192493
12226517
12068206
12068207
12095734
12290970
13019385
13019355
13019365
12548296
12029615
12113862
12106230
12013414
12078682
12058589
12087576
12213120
12019300
12013604
12013603
12013602
12013601
12013600
12022207
11962271
11963271
12206322
12037157
12035746
12055980
12029871
12036545
11951566
11968295
12015827
11974227
12189552
12189551
12055806
12189550
12058600
11961809
12740562
11967478
11897685
12059400
12002807
12014300
11928558
13809955
11899172
11899170
12055986
12909456
11962119
13043101
11900746
11901798
11898072
11926960
11929188
11929011
12533442
12120463
12015657
11855902
40211861
11919624
11917753
12036887
12036886
12059019
11922304
12027419
11879583
11897879
11856492
12120443
11904354
12055908
12056473
11925272
11929010
11940732
11927300
12325163
11905203
11929012
11929009
11929008
11913834
14331803
11877584
11906575
11922427
13046485
11897788
11868290
12055654
12055655
11945546
11936462
12195540
11946538
12058416
11945545
11945547
11945542
11876989
11939316
11946276
11920632
12058855
11946275
11863423
11940075
11915020
11883848
11818226
11899218
12058418
11930768
11934430
11956086
11877199
11811742
11925737
11765887
11884912
11729513
11789809
11927400
11863444
11863391
11863546
11863562
11863390
11863395
11956937
11956302
11789804
11808668
90120179
11791810
13527655
11811547
90120182
90120178
90120181
90120180
11790051
11843566
11765599
12204206
11789837
11884133
12204054
12204205
12204055
11764696
11843698
11733244
11766489
11859371
11827926
11766059
40188123
11760248
11700819
11741384
11682008
11717041
11724774
11636205
11857814
11860032
11884102
11636215
12058355
11717291
11885269
11731168
11967159
11636488
11808672
11808673
11808674
11808675
11860012
11701255
11711312
11692152
11587436
11856073
11859293
11566899
11678177
11575086
11560430
11572594
11573067
11600331
11662945
11692033
11600625
11677691
11737515
11685739
11638544
11519738
11629867
11534284
11587439
11571507
11583025
11623574
11507810
11665676
11617761
11759887
11760249
11778104
11507760
11647985
11856021
11839711
11650026
11493720
11632672
11534300
11601036
11490665
11686569
11473311
11578172
12742176
13809926
11893200
12055917
11473240
11646355
11664640
12827219
11508955
11855994
11508919
12459534
11843509
11457542
11473273
11856075
11508886
11460400
11543588
11408312
11393931
11408382
11533013
11856074
11417848
12059232
12053393
11394280
11856556
12227337
11394278
11394282
11394281
12184436
11394279
11375738
11368909
11370919
11401740
11322641
11323199
12160361
11323200
11584212
11323201
11354122
11323202
11394845
11473267
11396436
11393555
11544598
12820377
11297922
12056592
90120150
11417823
11426761
12056673
11485329
90120152
90120151
90120153
90120149
11411734
11450361
11545076
11517519
11363082
11485330
11343284
11342565
12354143
11356893
90113840
11289363
12736000
11743168
12227390
12736131
11342742
12056352
12055913
11293441
12058469
11413658
13024240
11485328
12241313
12913528
12058942
11246557
11181980
11316803
11181978
11280168
12706264
12241353
11280169
11855996
11280167
11485331
11182991
11182992
11833926
12059283
15483476
12441073
12056067
11188084
12160366
11181983
12758820
11156588
11230388
12058143
11645329
12058145
12058144
12058146
11279686
11170774
11136460
90120156
11545508
11280395
13856680
11893169
15393687
12533439
90120155
90120154
90120157
11279694
11101888
11393533
11251654
11500894
11135769
11217130
14583531
11129251
11129261
11129222
11129232
11129241
11288895
11129220
11280134
11160433
11210110
11210107
11129223
11545509
11543586
11129224
11261021
11262662
12227332
11545512
12533505
11027518
11160610
13891643
11053265
11044338
11160442
11053264
11279689
11041946
11979659
11188136
12393278
11390889
12736670
11022115
11022125
10990168
11235813
11262661
12393254
11316774
11155223
11545507
11092769
12293729
10954288
11167357
11316777
11316737
10990181
11316736
11176591
11390095
11160819
11176581
12535851
12058047
11014729
10949974
11014722
10896721
11160534
11160564
11160561
11160563
11160752
10872412
10864716
10864713
10864714
11160552
10842381
10864715
11259452
14169596
11193864
11500854
90120249
11170534
90120248
13182203
11160744
13213044
14082456
10858509
10422671
10855343
11280181
11904646
13302668
11495035
10422706
11110976
10842471
10430623
10422060
10422329
11261023
10423810
12820383
11129032
11258472
11258473
11129040
11111775
10829310
10422974
11113437
10423243
10423205
10858501
10858505
10858512
11162047
10419953
12227412
10858511
11160543
11160406
10423054
11162048
10423757
10422684
10422764
11424339
11856027
12533465
10422404
10423984
11279745
11279744
11154987
11830967
10390543
11908409
11188137
10858507
10390519
11188138
10387579
10390640
10456846
11155345
12056727
10422624
10423699
10443807
10443801
10419060
10443802
11162046
11482661
10421710
11109742
10422655
10264445
10264813
10973356
10456199
13452108
10387144
11645361
10422019
10387142
11645360
11645362
10422716
11645363
10423576
90119976
12223199
11162045
10410616
11305881
11292384
10423961
11185686
10422888
11908299
10444530
11821625
10422556
10311900
13456885
11185677
12215202
11231109
40361831
12056188
10264446
12056728
11001176
10444112
10444443
10461755
11945548
14879610
10456753
11166295
10419203
10419471
10462328
10444461
10297883
10476438
10444454
10443744
10444459
10298225
10814774
12533447
10444455
11019938
10443975
11122807
11260070
10444444
10728332
10461408
10443821
10461981
10794753
10758199
10264816
10971015
10792156
10298418
11275974
10461623
10745879
10791475
10423771
11500855
11500826
10462022
10264472
10444465
12996530
10443974
10814292
10462267
10687895
10462061
12056565
11166801
10298222
10694429
10311629
10747302
10444407
10461953
10461877
10444411
10778984
10444408
11500883
10264761
10755957
10264444
10264656
10711352
10297824
10723377
10461675
12204014
10461564
10265231
10462799
10461084
10264648
11685715
10264636
12055638
10265102
10264443
10264432
10298198
10264366
10444582
10264838
10444541
10149437
10763120
10740607
10265106
12533436
10031667
10762242
10789176
10444142
10265371
11305879
10816539
10298264
11543584
10784460
12648699
10298265
80407131
10264437
10265056
13335971
10811268
10298227
10813998
11543587
10716161
11094944
10264654
11202448
13335974
11202447
11202449
10304959
10298262
10789876
10264646
10264629
10718416
10264393
10443748
10444198
10265114
10265113
10720261
10264442
10807075
10774954
10298226
10264638
10264641
10461969
10461977
10264870
10298042
11162044
13926155
10443817
13781999
12558763
10443659
10298266
10264837
14515763
10387799
10031663
12055943
10810930
10094622
12055985
10388009
10386942
11517823
10264652
10444524
10764534
10388224
10264742
10443732
10444131
10264661
10265051
13444221
10386908
10461561
90120886
10743586
10462329
10462096
10443734
10386982
10982098
10444573
10461124
10265238
10265122
10443694
10265375
10461744
10386970
10264471
10443759
10298219
10264662
10031666
10386985
10264797
10687391
10461759
10796928
10298261
10443760
10265060
10787132
10461725
10386950
10461574
10264653
10034234
10772793
11269023
10461600
10034233
10298213
13273717
10265036
10264751
10034238
10444248
10816129
10459963
10034225
10461432
10803334
10298263
10387586
10034227
10443662
10264438
11500885
10423823
10264360
10264660
10298216
10461723
10686337
10444155
10784000
10264356
10461853
10034230
10708974
12059233
10034237
11286891
10461871
10034226
10034231
10387309
10387310
11245920
10460828
11517822
10387619
10810661
10748134
10790107
14326199
10298040
10034229
10735858
10461543
10034311
10460662
10815892
10460877
10760611
10094114
10722721
10462408
10444358
10264447
10094463
10773241
10460226
10264750
10264354
10265120
10298224
10462356
10298258
10461898
10774989
10755676
10264757
10462064
11162049
10264431
12682132
12890426
13335978
10717107
10461749
10265239
11500828
10265108
12735924
10264352
13527560
10313053
10388228
10462019
10298207
10460842
10298212
12683544
10387064
10387063
10094618
13064930
10460487
10444243
10460396
10298037
10264434
10386967
13064931
13064933
10705251
10732363
10265668
10264368
10388223
10264771
10763803
10696937
13064932
10686327
10705419
10264754
10265119
10387069
10387075
10387068
10353388
10702712
10461904
10743976
10741961
10388221
10388222
10696346
10264357
10771412
10462466
10265232
80407142
10298215
10340758
10264749
10298218
10264745
10298220
10726745
10264844
11203876
10264753
10264756
10388216
10386955
10388210
11567648
10707884
10264744
10460412
10264367
10264769
11040046
11245981
11315508
10444349
10265101
10443756
11315507
10460954
11320557
10443755
10461786
10444478
11242646
10443757
10444479
11771716
11450762
11777379
10461090
10386978
13347898
13347899
13752863
13752864
12100468
10461674
13465185
96312575
96321554
11343776
12548394
11531884
13009862
14927175
12648693
12648692
12497734
12498997
11531890
12499938
15004906
15004939
15004940
12648694
12648695
90122242
15769865
15769717
15747011
15766262
15745665
15672325
15724455
15716625
15672370
15674215
15713380
15716626
15678692
15716653
15713427
15689959
15653000
15727019
96381184
15674771
15698557
15698536
15647512
15647513
15713457
15590915
15713455
15653906
15720227
15547574
15535406
15583629
15653935
96395443
15691551
15494158
15524563
15469590
15465509
96383955
15471096
15522429
15399619
15399676
15655390
15530306
15653922
15548717
15399588
15380774
15524641
15378187
15395576
15395584
15530268
15363599
15393000
15395586
15393026
15402947
15563818
15392995
15367152
15246906
15314383
15265699
15246888
15236883
15300335
96297942
96317738
96317739
15357235
96297753
96310182
15370892
96365274
15279080
15238007
15236564
15395579
15178228
15370882
15258313
15207446
15235320
15147431
15370875
15395577
15282286
15370854
15326414
15280461
15100146
15139881
15103736
15154839
15103748
15030428
15030426
15076958
15102726
15078396
15078386
96296305
96298903
15076820
15076662
15007243
15007227
96296344
15102724
15157683
14989284
15031802
15168798
15002109
96280281
15097535
15097754
15001619
15017977
15022479
14852272
15024832
15001965
15078610
14903302
15370858
14979293
14996344
15002060
14852269
14863797
15168892
14961035
14976624
14773382
14785255
14880488
14827052
15078671
14979294
14880485
14749716
15705601
14836456
14749722
14866850
14733809
14748021
14748080
14838361
14829342
14731076
14730071
14803549
96234461
14687096
14882788
14713691
15078594
14648222
14717493
14724110
14615252
14713590
96213468
14631931
14621292
14726238
14722698
14568468
96242533
14701522
14755987
14701574
14557616
14472769
14531612
14701624
14719008
14525248
14711306
14727873
14488101
14727872
14719115
14719116
14730874
14730875
14527473
15394154
15445482
14911848
15445470
14347440
14348520
14393094
14537475
14430060
14345524
15370857
14347092
14345302
14456351
14254101
14316747
14316588
14421265
14346939
96227253
14319017
14277024
14343276
15016968
14732598
96227263
14246451
14315002
14316918
14253888
14236282
14177600
14212047
14166309
14156940
14157016
15271351
15016967
96137747
14131003
96110873
14130993
14140972
14137216
14222310
14214326
96154800
14142456
14793545
14140940
14104292
14515765
14091666
14184781
14140950
14274007
14151303
14080284
14104271
96137884
14140909
13944835
96178968
96178844
14046574
96150700
14151143
14155832
14151144
14155830
14918743
13954329
13913976
13903781
13885336
96154755
13919657
15394157
15394158
15394156
13896079
14184805
14909109
14909110
13808165
96075410
13834818
96107279
13997752
13997753
13997755
13997756
13997757
14315292
13752278
96227265
13731189
13901896
13697458
96125465
14153161
13909185
13842311
13856476
13856486
13642642
96258835
13658428
13770716
13781707
13789518
15394159
13665772
13944194
13658547
15362744
13475501
13498618
13664412
13510935
13479033
14733587
13447904
14730876
13592188
13404469
14113119
13656066
13416955
13444014
13413649
13313306
13281612
13997732
13164325
13534400
13297178
13330069
96090330
96090331
13330064
15483527
13284755
13284737
13185841
13320246
13297188
13185048
13308515
13427220
15303035
13427222
13129860
13658528
13182433
96116189
13016283
13223062
14153164
13177359
13629627
13013142
12928628
12934597
13771072
13223063
12962855
12974795
13019248
13174352
13004044
12788130
13005647
12979407
13008168
12790144
14384197
12996515
12817540
12756309
14153163
12807847
12723281
12966346
13760776
12625541
12626544
12617800
12608290
12631779
13021615
12676872
12820354
12607770
12515592
12397149
12820365
12466161
12452725
12395256
12381500
12316377
14153170
12317321
12413743
12274202
12278977
12276144
12278979
12239229
12440392
12276116
12276107
12215973
12184226
12135431
12095394
12099768
12188539
12138923
12290152
12118955
14732601
13416823
12994465
12086785
12076472
12113839
12113832
12106391
12138894
12023675
12078684
12007457
12127020
11939176
12007792
12619030
12738833
11970844
12619028
12619029
11953867
11965288
13262561
96114279
11928630
12618946
12618947
12618949
12618950
12618951
12618948
11914080
11925875
11979877
11928571
11948621
11931924
11877141
11877405
11923961
11928783
11876848
11808265
11928879
11885918
11828018
11765495
15004635
11695526
11682702
11692453
11669491
11860055
11860063
11665667
11860058
11797652
11716683
11860067
11592723
11797676
11574914
11571506
11664501
11571527
11571488
11571496
11686755
11677900
11647851
11532989
11642470
12820355
11513093
11856579
14256632
14256633
14256634
14256642
11443526
11690493
11856612
11398747
11847865
11852149
11461104
11852142
12648688
11398251
11481646
12056641
11690492
11368957
11368956
12590511
11512828
11839317
11459560
11856578
11856576
11856580
12058488
11856581
11517521
11370585
12404576
11690357
11277799
11277802
11305939
12736085
11210108
12566547
11645947
11544199
11856577
12648230
12475791
11645405
11859493
11600330
11601132
15154245
13243499
11092768
11155227
12994469
11155226
11154999
11160769
11645404
10422777
12649053
11160789
13064837
10508987
10875145
11160521
14714826
10422357
12055319
10858508
11829403
10457003
10457234
10387356
11161889
11279766
12294579
11629678
15552547
10297999
10444401
10803850
10265213
10680370
10698494
10265065
10461067
10697477
10462215
10265205
11485290
10444327
10444326
10444332
10444328
10444329
10444330
10444406
10444325
10444331
10444324
10739416
10744525
10297993
10297994
10298036
10297991
10297948
10444373
10762557
10390324
12648899
10806500
10298150
10708250
10791333
10031668
10461619
10444294
10297983
10443692
10443928
10297997
10423344
11262416
10264555
10443735
10815409
10297984
10754447
10265063
10461412
10034321
10713181
10034529
10034319
10034322
10297996
10443812
13534371
10461523
10265057
10034320
11160679
10443827
10265214
10798703
10777320
10461793
10461924
10461822
13056763
14782616
11517804
10443810
10705656
10265204
10443823
10265216
10746460
10698350
10692936
10461411
10682432
13056732
10726670
11791623
10678728
10443806
13488098
10686031
10780774
10265206
10722184
10340754
10265201
10264812
10444494
10072812
10704663
10777061
10772400
10461878
10724548
10265209
10265059
10265055
13056733
10265047
10695000
10697884
10735054
10265052
10265207
10685266
10755506
10715741
10716485
10460497
10297985
10700194
10690923
10461295
14211152
10341050
10265212
14223653
10444305
10460983
10297986
13056813
10444498
10444295
12548297
10444298
10462002
10444374
13056705
10444203
10444204
14368018
10460498
10461528
10460957
10443825
13214694
10443828
13574511
13359001
10444210
12499408
10444206
10444214
10444207
12497662
10444209
12497321
12497782
12499225
12499226
11319699
10444212
10444208
10444215
12497928
15764369
15764624
15769223
15745689
15745688
15745690
15742243
15745693
15745848
15745621
15687203
15728834
15677067
15668334
15674731
15601415
15598405
15585904
15575296
15579253
15560389
96381316
15556040
15535654
15656904
15655413
15656905
15528227
15517334
15475964
15589581
15556940
15408899
15378149
15405906
96381489
15380787
15362701
15292085
96381315
15265103
15324450
15292306
15302228
96391541
15255462
15234887
15281734
15246801
15218437
15318911
15302269
96317746
96317741
15205007
15361269
15235197
96307170
15224686
15229276
96297941
15235344
15144236
15230671
15374511
15117147
15325265
15318874
15325260
15186150
15103749
15044634
96365284
15655866
15082004
15047709
15207740
15030584
15256189
15271363
15374491
15034801
15030605
15252240
15374509
15374510
15018793
14971096
15009256
15078549
15078505
15374643
15081892
15370881
15226462
14996644
15006097
14985726
15139471
14962951
15370859
14944808
96264788
14961053
15023985
14835120
96248478
15705597
14805892
14822226
15078652
14863648
96237307
14741741
14805893
14805891
14730155
15086205
14879676
15086208
15086209
15086211
14726230
14715098
14662531
14662532
14662541
14662542
14662550
14662514
14662523
14662512
14662511
14662513
14662501
14662502
14662522
14662503
14662524
14646745
14701617
14643801
14635168
14612019
14653526
14599850
14585994
14555663
14566478
14701484
14551421
14551400
14602867
14557295
14575489
14559510
14559699
14468445
14559509
14499686
14472815
14525289
14471386
14456372
14376361
14375676
96283871
14346931
14424954
14499681
14346964
14551878
14349707
15009182
15009181
15009185
15009183
14879684
14879683
15009184
15011335
96227261
14278381
14277012
14183315
14236402
14314653
14293329
14222487
14314654
14575409
14161286
14172983
14276934
14171042
14314655
96150363
15271350
14104493
14510408
14076475
14104123
14149868
13944833
14147911
14036283
14121162
13954880
14044537
14151178
13914001
13934387
14051819
14072778
96130538
13909208
13909224
13909225
13932463
13921688
13909238
13909186
13909237
13909258
13917655
13909187
13921684
13893121
14879678
15016963
13887125
13812141
14268591
13788347
14162138
13775844
13771388
13767373
13921689
13746809
13732492
13732481
13732494
13705261
13800402
13817791
13686113
13886203
13779029
14165902
13700349
13728286
14118999
13648683
13662492
14021927
13615721
14510388
14444410
14444411
14443871
13925883
13626277
96109295
13616710
13475488
13587629
13626097
13656035
13504240
13492356
13807912
13405791
13403543
13447875
13529265
13590354
13475064
13500090
14280200
13382619
13417026
13215468
13204954
14879677
13397091
13279862
13274153
13284773
13279579
13318353
13284754
13284677
13279576
13284758
13279693
13318354
13284703
13279628
13279603
13279761
13279768
13284674
13279577
13318355
13284770
13274150
13284752
13279723
13284759
13274136
13279687
13274139
13279766
13284675
13320265
13274127
13353876
13279725
13297132
13182262
13320317
13320341
13182223
13182437
13182326
96081253
13223066
13182261
13257741
13227550
12990633
13227554
13227552
13182400
13182401
13182399
13182350
12998517
13008134
13182242
13013253
13027559
12935261
12979403
12977014
12977015
13257779
12996470
12850381
12990638
12808477
14335416
12979401
12788385
12752065
12960225
12960209
12875603
12767635
12760024
12808684
12768900
12750612
13008046
14735500
12767665
12860041
12974889
12741343
13012089
12750715
12860042
13534455
12817469
12817427
12711770
13341801
13016095
12998558
13010061
12996481
12996478
13005624
13005621
13005626
13005625
12998557
13002401
13005563
13010060
12982175
12774717
13005622
13005623
13010059
15016955
12643614
12859912
12601491
12631772
12974767
12960293
12551550
12820345
12474248
12455230
13008155
12477688
12647322
12371882
13021589
12391375
12333388
12373743
12373746
12990714
12367396
12380188
15483267
14277167
12233746
12275704
14201471
14201472
12176776
12105383
12107487
12107482
12107486
12107469
12105382
12107468
12105387
12107472
12107476
12107477
12107484
12107483
12107479
12107490
12107467
12107474
12107489
12107475
12107473
12107471
12105384
12107491
12105385
12107478
12196982
12173531
12107470
12105386
12648937
12107488
12107481
12107485
12105667
12372548
12110751
12075140
12420465
12420463
12206074
12420464
12078692
12028748
12075650
12093198
12108319
12029160
12068463
12024299
12037340
11935701
11937589
11978180
11935249
11953769
11937513
11978828
11935251
12002856
11883983
11906475
11858043
11969917
11927424
11936585
11976090
11881402
11861654
11843620
11877010
11843623
12056524
11876192
11808010
11947282
11946101
11828015
11808916
11751143
11716711
11669476
11681895
11708218
11623417
11528872
11571289
11602087
11520707
11611436
11648618
11544458
11493728
11532982
11821795
11456910
11856551
11856550
11503376
11508925
11600676
11601673
11600191
12058463
11601791
11543601
11353048
11508908
11322649
11342348
11342344
11405287
11543599
11370506
11543585
11272572
11370516
11272573
11272570
11279545
11280223
15395740
14138729
11280243
11279667
11087329
12525973
11280224
11098754
12007639
11115013
11113329
10960068
15395841
10949993
12706267
11160778
11646931
11646930
10881356
11160675
11101219
10881447
11840144
11160447
10864889
11160757
11160588
10844311
11154927
10960054
11310178
10954293
11154934
10858629
10858633
12515103
11280366
11170302
11443411
10858630
11444083
11160853
10971021
10423496
10444417
10264512
11253897
12648902
10444542
10444539
10444447
10444535
10444536
10444534
11500779
10423108
10444441
10742453
10693992
10422672
10387295
10444451
10791238
10298242
10460803
10387746
10691006
11176596
10443962
10298063
10387735
10781403
10304970
10387745
10387740
10786705
12735973
10264495
10265311
10444565
10298243
10786990
10784363
10684415
10725313
10721225
10298235
80407130
10093864
11167355
10264810
10387877
10716038
10444532
10387949
10387323
10444528
10800141
14984333
10265757
10148798
10298236
10460234
10443680
10388126
13459796
12994390
10298244
10727826
10297982
10444499
10387811
10443684
10461648
10765193
11500819
10710361
10787054
10034442
10799331
10265758
10031313
10387807
10034449
10443943
10698686
10461463
10265661
10443733
10386928
10093935
10444488
11250594
10792185
10034451
10387738
13279198
10461902
10387725
10034452
10034436
10264492
10444475
10298229
10264807
10264815
10264498
10297753
10763563
10264502
40370836
10264496
10387737
10387727
12548328
10443901
11052477
10224995
10093937
10727095
10296590
10751058
12404627
15553764
10460223
10731046
10687801
10264490
10298238
10461771
10443937
10683584
10540459
10733124
10460562
10093936
10727139
10094811
10264809
10264808
10386968
10444474
14213145
10444471
11333163
11316041
11316042
11544520
10444458
10444467
15543687
10264806
15543685
12499769
12498786
12499401
15542891
15439280
15226278
15260236
15260237
15448318
15448317
15226475
15245104
15251931
15251791
15081660
15076955
15081661
15234292
15001801
15009759
15132536
15251748
15078643
15078636
14805838
14889245
14824305
14824304
14741790
14741789
14741791
15230632
14832598
14827076
14864055
14864053
14864054
14732878
14612472
14889256
14713629
14923072
14889255
14780754
14923135
14583723
14583775
14583774
15078646
14913668
14546046
14507190
14509046
14416602
14381544
14640178
14651702
14730959
14507188
14507025
14507026
14507178
14341981
14416624
14335458
14304471
14304470
14328414
14322613
14507023
14274247
14329838
14328059
14328050
14304551
14328255
14328261
14372922
14370735
14372855
14732721
14732877
14732720
14205308
14038928
14038898
14032561
14331513
13962616
14023301
14329524
14329585
14507029
15016950
14885907
14912923
96117088
14935471
14927168
96117491
96117486
13773504
13773503
13773505
14141134
14141136
13779431
13779432
13712974
14885885
13705516
13653916
13797093
13665758
13665687
13665686
13773294
13577525
13580127
96118101
13664371
13665761
13490696
13490695
13495859
13508042
13508085
13477015
13534382
13537292
13656060
13286270
96118737
96118732
96118736
13534383
13462227
13653894
13426620
96119166
96119168
96119165
13024303
13005709
13024294
13626122
13005699
13320347
12994585
12782626
12994422
12994550
12994551
12994552
12788742
12994553
12767552
12757555
12760554
12846948
12879262
14205401
12593649
13773297
12996428
13779438
12612821
13182285
13587641
12194919
12295778
12210054
12183407
12194840
12194842
12194841
96119890
96119891
12092097
12092087
12092094
12212818
12212817
12648714
12014708
12014707
12142651
12029218
12029609
12021944
12087715
12087713
12087721
12058481
12096134
11978838
12137477
12096161
12028310
11979423
11940494
11930701
11897551
11936743
13779437
11927179
11897548
11994467
12248199
11843563
11937798
11937328
11931175
11937801
11937796
11924933
12056363
12820368
11406299
11503371
12058277
11352793
11405236
12648542
12648543
11859420
12648234
12475811
10455933
10422758
10789808
10264871
10443866
10796497
10809367
10725080
10034209
10227163
10094614
96118139
14141135
96118304
15745822
15737798
15689748
15674216
15687178
15670435
15652032
15645855
15623483
15645952
15620314
15745624
15745623
15590433
15590198
15628642
15746889
15705599
15554562
15559455
15554561
15559999
15653946
15529434
15691577
15656901
15563794
15471379
15534007
15656733
96345446
15400816
15495172
15691578
15691580
15399587
15395582
15376917
15396091
15370042
15578194
96345963
15364487
15293952
15526358
15249218
15316370
15316389
15225992
15211513
15235323
15214474
15252333
15252335
15252433
15252334
15252332
15370868
15150275
15282283
15403782
15231277
15211439
15100459
15079227
15077139
15076109
15077109
15066557
15127052
15144499
15078377
15007223
15076896
15034024
15035631
15034352
15078368
15033428
14979224
15374648
15031975
15014467
15073544
14974386
15006748
14962503
14836425
14866845
14967736
14838370
15370869
14836363
14827090
14870158
14961217
14807497
14746231
14746232
15325268
14756285
14786302
14724491
14884352
14805812
14807499
14917946
14715475
96229634
14612572
14701518
14603026
14704789
14711157
14566540
14553864
14471637
14590635
14501783
14450168
14729514
14722705
14525311
14471348
14528892
14756186
14466058
14551834
14421278
14385872
14879680
14731816
14731815
14345493
14530605
14347203
14274158
14264124
14254055
14254111
14268482
14276917
14376416
14312797
14268758
14182079
14225979
14346395
14268525
14171050
14158257
14161313
14274023
14170019
14170018
14278453
14160754
14278352
14158381
14935461
14170205
14170073
14145742
14102513
14268437
14507183
14507199
14128662
14370733
14104288
14104050
14091546
14149656
15410371
13993773
13993772
14149657
14097514
14041256
13984167
14507028
13925360
13934540
14151017
14053723
14184778
14507205
14721572
14145373
14036285
13949691
13931153
13913961
13893119
96048590
13856551
13788309
13719016
96055802
13767555
13788029
15497348
13715287
13729163
13708597
13755930
13698756
13676423
13771408
13616664
13567882
13770749
13604054
13629585
13541226
14183380
13500869
13587787
13467790
13618426
13543635
13535691
13487730
13650630
14183829
13413716
13426557
13632693
96084236
13511119
13750219
13776107
13665775
13626105
13416905
13474320
13474321
13354152
13260039
13275788
13357166
13235959
13376825
13452055
13944567
13279832
13452107
14368235
13452106
13297185
13296925
13279647
13284735
13376567
13257722
13427219
13182252
13542587
13771411
13015118
13090864
13182258
13182288
13088639
13257809
13182253
13279585
12998670
13013112
13296812
13027504
12944795
12934691
13002334
13024313
13005721
12996996
12962788
12949986
12962943
12965613
12968543
12966370
14134464
14134463
12974897
13021623
12860049
12771970
12804335
12769049
12859944
12759855
12712886
13002246
12817542
12735952
12688942
12859973
12738862
12667535
12684545
12735979
12735933
12735969
12591659
12526858
12593638
12735964
12373943
12740426
12423975
12820356
12439516
12350988
12286165
12350487
12276093
12419215
12276122
12261632
12194816
12419218
12550260
13009921
12168309
12246530
12199126
12168264
12136744
40287054
12062096
12119785
12103129
12114065
12194759
12227334
12113785
13019375
12029208
11959165
11978541
11973108
11978724
11974837
11897744
11917754
11868574
11919106
11945816
11925054
11870494
11939458
11789826
11842806
11765276
11783781
11766921
11813270
11767426
11812458
11685417
11701281
11815264
11638275
11856022
11692461
11860037
11711507
11716838
11669473
11574864
11677680
11677694
11675998
11677695
11678375
11616572
11601732
11675997
11648724
11576554
11574895
13257728
11855993
11534328
11855992
11452928
12226516
11852143
13341757
11690313
11417389
11370986
11465418
11371010
11465455
11650121
11656213
11314754
11645340
11266538
11280335
12056573
11182823
12648231
11280392
11280393
14339604
11129033
11545418
11160782
12056038
11155222
11155221
10844263
12055313
10843987
11160489
10864442
10971018
10423535
12820358
10457082
10422266
13019203
12648582
10390452
11155013
10387576
10387308
11167359
10423303
10386888
11500816
10265306
12735985
10297927
10388201
10461315
10762627
10787817
10686835
10264625
10298248
10265307
10760477
10443814
10461625
10444199
11161893
10265308
10265312
12056087
10457094
11500818
11500817
10264623
10444225
10444223
11737420
10757459
10265309
10443813
10298039
10775966
10265310
10031672
10444561
10727918
10686316
10814878
10444403
10297884
10031670
10731846
10422639
10298169
10298175
10443946
10461717
10444519
10265303
10726394
10443677
10724752
10034363
10444509
11118576
80406709
13002258
10298168
10444200
10723223
10444516
10388118
10264626
10736114
10444522
10444521
10461695
11786283
10444205
10298167
10811386
14193919
10388016
10034246
10034364
10264795
10298228
10386676
13473837
10444222
10034228
10226248
11500815
10444507
10444513
10444512
10264615
10703687
13465219
10444585
10264633
10298174
10298185
12056791
15552554
10298170
10298176
10340681
10093620
10265210
10722503
10703760
10444514
10714364
10712619
10738611
13021690
10298145
10264634
10264631
13025878
11769420
10462354
10444537
12323211
10444515
10387730
12448046
11455190
10444480
10444220
12493994
10444128
11307959
10094595
11040045
10444129
14211172
14223598
10444517
10461797
12129688
15032100
13466733
13463804
13466732
13464010
12170237
12648871
12497806
13505485
13505484
12497625
12498844
12498845
12499821
12499787
12499788
12499789
12499874
12499338
12497598
15542109
15542110
12497805
12498309
12648965
10264533
12499227
12499256
12499257
13358999
13359004
13358998
14211151
15769146
15750803
15754616
15739203
15731091
15745792
15714425
15716627
15653515
15647539
15674991
15670407
15648771
15717073
15656683
15558458
15558477
15579223
15558584
15570879
15522294
15494588
15583915
15530261
15530308
15395587
15399661
15399677
15364628
15369916
15326153
15343787
15363586
15705618
15363585
15362450
15367150
15245050
15231288
15337050
15307139
15234619
96341764
15225596
15230714
15211370
15235321
15370867
15214525
15554536
15238021
15178227
15234620
15234621
15178252
15135041
96307551
15370877
15445476
15082175
15223471
15030927
15024320
15066392
14929093
15014516
15019665
15370866
15017377
14985267
14866849
14985611
15157477
15168940
15168939
15034160
15022124
15038452
15039074
14961117
14996339
15139465
15132272
14832496
14832495
15032943
14979296
14884286
14884287
14742766
14741716
14877462
14807498
14732681
14838339
14748022
14731023
14732787
14674308
96259816
14708211
14715176
14722626
14724190
14711201
14732786
14800073
14584972
14669964
14642080
15078529
14544962
14929119
14809167
14545846
14499264
14585121
14676962
14724091
14674228
14732785
14732784
14809153
14525379
14566725
14507314
14525371
15016966
14516913
14472862
14395668
14722735
15445472
14405559
14356545
14452465
14347131
14268750
14344948
14809182
96150420
14210423
96227395
14286460
14372334
14293023
14273123
14267525
14212822
14163403
14158270
14157017
14096921
14160765
14387616
14376388
14387626
14387636
14387646
14277082
14104162
14085967
14051508
13938289
14733953
14046548
14051504
14149627
13934582
14023367
13887607
13997724
14046456
13960063
13893028
13944218
13873221
13873181
14732607
13893873
13873182
14923048
13873163
14023940
13803467
14151312
13828354
14372758
13767542
13755711
13755743
13767352
13824834
13856421
13944217
13631081
13676537
96069795
13541076
13587604
13543974
13457192
13575971
13581525
13500937
13463677
13483940
14153135
13767543
13653925
14923084
13787732
14113121
13416108
13471461
13416862
13444042
13315417
14935485
13767544
13330201
13232810
15483528
13297145
13836013
13257744
13357159
13756276
13836014
13182342
14153134
96119286
13000853
13000864
13042523
13013090
13000865
12941628
13000863
13129837
13129835
13129836
13129834
13021591
12943640
13629626
12919408
13320346
13321946
12865677
13174390
13203975
12952181
12914084
12943616
13000185
13245047
13756277
13308086
12812538
14153166
12998656
12998657
12998655
12998654
12804197
12764995
12750514
12750524
12750534
12750544
12750574
12750459
12750460
12750465
12750475
12750485
12750494
12750504
12817545
12674892
12737998
12701248
12966340
12625567
13046495
12618171
12632215
12612150
12538361
12627559
12538299
12652790
13339865
12455396
12820344
12512718
12458084
12304100
12536969
12408611
12307127
12286659
12331975
12278980
12261814
12267742
12264352
12264354
12563113
12167025
12095071
12095488
12212552
12082785
12133931
12142655
12106076
13257803
12107419
12106072
12106390
12185641
12013713
12078681
12113165
11966306
11978512
11937237
12058147
11922306
11922223
11919571
11925067
11891305
11842762
11791663
11710388
11716715
11716679
11885326
11751309
11592716
11638386
11638708
11571505
11602055
11663965
11994479
11737481
12226513
14258964
11456966
11852145
13341503
11454608
11394846
11348660
11435627
11821922
11401767
11341126
11339949
11309030
11343486
11411662
11287380
11293326
11994488
11288908
11645341
11405237
11254225
11305878
11136602
11226600
11305880
11129214
11242374
11123258
11041787
11092402
11859928
12821951
11092767
11927398
12535860
10868000
12736073
11485291
80404838
11141404
10844111
11160750
10455859
10457052
11239569
12475779
13341617
13245266
10298022
10444466
10689840
11821871
10791382
10227307
10775907
10265296
10508978
10444412
10509026
10265301
10298034
10031669
10680685
12648901
10809801
10298035
10802084
10786149
10298255
10444372
10806433
10298223
10739279
10443736
10298247
10783902
10686172
14211264
13462228
12944112
10298171
10444216
10804816
10678792
10444523
10696024
10094593
10265304
10265302
10112017
10461679
10298250
10461553
10265300
10149453
10298032
10444506
10340750
15720280
12648900
15594478
15557948
15517297
15655426
15361311
15361312
15088838
96266532
14722714
14711185
14711182
14274258
96269171
13587272
13660657
12400018
12225759
11859332
11859961
11692080
12056474
11355147
11280348
11280364
12682459
12682460
12682461
12682458
12706257
10506105
10714262
11500778
10264672
10264666
10810714
10264669
10508967
10228336
10228331
10777499
10264688
10264800
15402530
15467865
15302281
15354655
15282282
15260221
15374514
15374504
15237546
96298934
15374518
14961054
14731920
14614732
14711078
96230161
14641853
14262176
13964786
13909042
13943873
13944607
14187687
13788045
13814957
13722910
13997725
14107736
13729152
13696486
13662371
13400101
13318344
13459805
13320318
12994406
12752122
12715372
12781357
12638991
12432885
12396910
12212714
12007206
12003007
12058092
11856607
11791863
11717321
11696293
11696284
11710670
11544265
11493724
11574909
11600360
11493719
11490468
11272567
11272569
11272571
11272566
11316771
11280279
11279569
11280166
11212946
11279773
11162041
11160612
10863202
11160694
11162042
11162043
10422056
12525909
11500805
10387853
11821805
10443978
11306030
10298066
10387594
90120220
10423371
10443952
10443956
10779697
10461589
10811014
10443919
10773244
10444159
10031644
10034523
10031572
10265719
10297877
10387739
10461954
10094573
10714566
10538569
10264706
10094879
80408344
10312273
10298217
13024138
10461730
12960289
15144817
15022002
15076692
14925051
14809258
15030455
14646838
14472715
14348596
14268506
14152650
13960437
14264020
14510397
14039088
13984137
13984147
13962561
13905115
14169547
13736574
13685102
13642770
13627745
13483667
13510936
96155628
13320327
13227551
13174424
14169578
40562920
14146581
13459794
12411716
12350870
12175031
12188273
11924316
96116072
11573071
15636021
11821258
12533483
11349282
11306371
12056054
11279715
11279714
10684347
10387732
11543888
10444525
10034360
10753488
11450735
10443944
10386949
10341056
10444526
10386979
10386971
15531146
14575482
14557686
14557689
14276942
14102326
13966543
13660551
13660544
12283516
11883891
11872721
11701243
11638228
11569778
11569777
13308247
80411967
11155220
80411308
10390518
10387318
10444359
10460597
11242499
10265233
10264440
10388010
10443963
10444219
10460272
10443679
10444572
10298259
10444580
10386972
12650938
10265363
11924717
11924718
10444570
12421969
11832564
12400928
13347982
13571236
13571235
12057053
13752732
13752709
13347959
11856613
13752341
14169569
13513671
12616576
12118976
12005099
11943064
11325560
13335977
10461548
10461828
10443752
10444560
10265129
10444414
10265173
10264644
10264400
10265174
10387392
10727446
10265194
11831145
11040047
15764461
15767588
15744855
15750133
15750134
15768517
15728565
15750846
15754048
15753984
15747468
15744583
15754488
15747339
15766972
15764465
15722885
15768335
15768336
15768338
15768337
15768334
15744784
15722227
15728833
15728560
15728803
15721435
15670768
15677257
15674640
15705870
15704949
15719849
15677353
15674561
15699079
15686890
15705992
15648787
15587940
15590377
15734373
15707827
15590761
15734444
15619212
15601582
15713440
15531736
96386673
15586973
15584349
15586705
96386865
15678246
15610620
15705543
15691468
15705902
15664388
15582565
15691501
15531719
15716623
15555304
15518133
15711520
15704128
15563705
15705541
96380288
15507819
15496937
15544988
15653936
15557880
15506179
15661328
15410296
15656920
15473194
15493565
15493315
15412296
15600975
15471682
15436477
15691485
15656953
15450433
15440923
15443182
15667888
15395552
15395545
15471806
15736583
15563894
15441021
15395556
15653963
15395551
15395557
96341705
15395555
96346113
15395553
15395554
15395558
15691633
15375658
15393006
15306336
15352729
15350175
15393024
15273410
15406723
15277484
15361310
15296822
15393025
15444302
15275402
96313971
96317635
15336847
15392993
15249002
15249223
15261581
15259324
15239197
15374610
15240741
15242605
15393007
15393008
15324108
15259186
15217668
15296584
15374487
15264417
15270232
15444300
15361266
15264358
15374623
15279853
15233372
15374604
15325211
15255618
15213311
15232551
15495135
15374486
15282285
15361315
15374630
15220398
15336695
15374629
15374609
15282288
15282284
15444365
15325269
15280455
15280460
15280454
15147113
15374499
15374626
15144408
15280456
15149986
15147327
15231495
15374625
15300344
15154236
96291281
15144668
15106651
15150361
15117249
15374617
15374490
15104412
15142120
15184144
96401023
15238164
15100667
15153683
15083614
15049224
15658274
15127080
15103716
15374621
15100638
96281343
15154806
15164612
15087701
15087543
15184485
15374620
15207578
15271354
15658273
15225928
15374624
15186936
15374618
15207577
15374492
15374622
15088675
15059031
15043526
15064346
15024629
15034621
15059837
15064054
15002092
15085659
15057328
15057327
15055023
15049234
15031791
15001855
15031960
15098823
14990944
14995065
14995115
14998263
14992847
14974319
14974317
14996776
14974318
14991012
14974320
14974316
15011938
14974331
15000024
15002029
15002033
15078559
15006655
15002009
14996844
15008944
14998222
14997162
14973368
15017855
15517429
14945986
14944532
14962259
14930994
14864139
14983679
96263880
14980666
15001857
96280939
14986518
15233563
14908170
14932732
14863926
14870044
14870042
14870041
14870043
14867217
14867218
96242322
14899624
14809037
14829750
15168914
14870062
14770890
14827522
14770891
14961085
14961056
14809200
14928236
14744172
14807529
15005818
14805843
14809094
14805807
14780873
14807527
14747971
14809050
14874660
14809164
14798187
14747970
14747969
14809186
14807540
14832510
14807490
14809185
14809016
14800011
96259825
14805901
14880424
14880477
14733198
14812047
96284092
14741715
14874553
14809096
14809015
15009764
14807528
14870401
14722392
96248435
14734859
14809097
14807539
14716651
14717476
14717474
14807536
14715342
14731079
14717549
14715467
14710048
14710049
14710232
14642042
14653394
14717370
14717402
96321266
14715108
14648753
14655318
14715138
14874716
14780687
14809216
14800106
14880490
14917968
14805850
14800068
14874713
14805849
14874576
14870439
14809018
14807571
14807566
14646825
14643793
14646824
14643792
14645225
14698130
14642041
14701614
14643430
14643440
14643821
14642024
14655286
14592842
14653500
14653501
14659469
14635137
14592847
14623061
14622790
14624573
14701672
14610131
14621387
14610135
96196390
14653497
14593424
14701603
14837367
14729711
15651585
96233536
14612063
96233113
14557352
14701519
14720195
14727717
15271348
14548035
14727716
14729523
14568403
14471636
14701520
14727715
14725935
14674534
14516687
14509321
96193732
14471607
14561325
96233383
14642201
14717255
14727741
14471463
14755971
14488080
14472652
14488108
14596982
14471456
14469528
14547992
14598137
14472790
14456394
14500165
14463724
14405514
14725950
14424642
14421327
96206402
14348512
14471266
14396749
14347020
14383981
14499929
14348635
14421321
14421352
96179904
14348546
14348320
14421342
14427218
14443913
14415838
14387203
14348354
14347389
14471727
14363565
14348353
14472644
14347409
14444685
14361093
14347289
14347041
14755929
14471752
14348604
14347353
14755960
14445648
14347281
14347291
14471720
14496436
14418040
14557435
14557454
14557434
14557432
14417971
14381507
14381379
14429538
14347242
14347426
14348352
14347395
14347464
14345157
14486871
14421317
14345449
14345409
96159126
14348414
14510418
14321550
14672126
14364177
14347321
14276971
14471354
14472552
14276997
14961051
14471739
14335506
14471684
14471732
14471580
14251350
14251181
96155316
14885897
14251277
14182281
96209751
14269762
14251057
14251046
14269764
14251086
14251018
14303660
14251064
14251028
14251097
14217429
14269752
14251037
14251098
14277169
15009725
14236858
14225880
14145222
14347141
14183726
14183611
14510425
14183685
14183599
14331521
14145235
14183828
14183699
14155213
14146369
14156950
14155316
14156952
14166213
14156951
14473294
14473295
14155318
14156953
14164753
14276976
14161590
96225157
14161602
14161589
14161303
14161601
14161597
14158370
14161599
14276970
96209710
14277112
14161591
14173242
14183379
14205299
14161603
14158263
14155041
96129044
14372813
14183517
14183646
14121380
14073000
14128655
14145744
14121248
96137794
14183533
14137214
14918686
14025531
14145440
14152631
14138248
14510437
14306792
14104504
14091509
14166006
14510445
14238341
14307996
13984747
14092885
14187678
14092887
14092891
14674536
14164335
14510453
14510446
14187874
96180611
96180610
14072695
14145508
14145509
14166554
14145510
13942371
14126202
14051476
14051475
14151009
14053673
15184515
14166555
96150665
14937749
14510461
14918751
96159087
14510448
14510452
14151326
13976957
14510439
13956680
14094733
14091610
14414886
14731016
14370732
14072697
14151088
13914619
14053716
14034217
96154804
14053644
14053717
14053684
13901317
14082075
13900127
14149555
96104461
14024961
14164531
14028887
14165718
96269138
14149948
14510463
14024891
14317201
14077545
14510447
96117123
14152943
14510462
14151148
13901156
14028876
13929378
14149986
14510441
14503722
14510442
14028872
14510443
14421361
14510426
96117188
96117139
13913819
13913810
14169567
14879679
13913998
14151013
14879682
13909175
13895869
14187871
13913340
13919649
14151097
13931290
13878109
14169670
14169664
14152804
14152802
13919731
14149867
14152806
14510464
96125720
13909230
14097481
13908140
13909044
14510438
13799464
13941908
13927352
14141146
14149944
13788212
13794574
14151232
14170614
14001190
14510434
96093155
96117389
96117390
14312156
13794575
13854458
13820251
13854509
96117393
14149881
13856458
14510428
14169675
14510427
13883726
13881281
13881282
13792890
13883724
13883727
13883760
13773165
13883735
13883759
13883749
13881280
13883761
14053274
13888927
13769335
14510444
13883737
13831572
13749906
13883762
96083804
14879675
14170689
14017868
13856570
14510456
13765216
13773527
13781682
13781698
13779447
13745859
13786828
13979032
14510455
96227436
14169661
13761547
13722791
14935481
13824283
13828384
13828404
13828375
13828413
13723216
13828374
13828393
13828350
13828394
13828383
13828351
14152854
13828403
14170625
13725991
13773402
13761566
13810831
13758761
13767383
13761585
13765221
14201239
13771040
13767474
14166556
13976023
13661279
13843269
13723132
13769947
13778803
14169564
14149946
13767403
13837091
14510459
96138165
13775982
13729174
14510465
14510460
13925964
96237785
14927194
14143986
14375067
14051950
14927124
13663152
14126091
14152946
13765286
13748095
13748186
14503697
13729157
13758745
13731091
96153531
13742567
14510417
96047287
14148553
14375070
13700475
13690438
13715342
96083747
13927915
14149552
14143949
13685103
13970765
13645401
14153191
13675376
13675131
14927120
14510457
13773526
13688809
14202262
13963000
13704361
13767471
13872655
13680973
13803190
96377432
13713136
96377433
14040879
13660327
13658348
96046920
13765273
13773409
13640199
13602551
13773408
13682365
13773522
13658388
13645506
14144009
13765177
13650582
13779435
13665386
13620722
13631764
13653862
13944436
13944435
13612008
13767377
13554565
13606874
14043170
13571842
13628238
13653874
13664340
13765220
13543783
13771067
13660550
13944551
13944434
13637168
14098299
13631196
13514940
13653977
13514866
13514999
13511831
13506993
96047704
13571541
13872582
14148526
13511782
96047705
13734049
13586379
13507059
13543826
13587776
13662431
13509342
13771410
13569015
13467875
13556632
13627806
13541165
13662505
13543846
13656015
13504169
13656087
13455053
13653858
13650614
13540389
13665351
13658422
13542880
13489729
13489716
13944439
13483657
13490877
13510878
13626167
13532918
96085682
13510877
13658387
13537474
13489701
13505903
13452267
13482125
13477137
13511037
13510823
13483666
13662475
13541255
96084283
13531765
13510882
13534713
13540414
13530860
13483636
13537793
13531214
13542881
13492219
13485528
13531208
13586168
13586340
96084275
96084266
96084224
96084284
96084310
96084203
13416836
13483996
13586173
13404010
13452394
13658501
13477006
13518324
13459327
13413573
13662405
13413561
13407929
14080909
13455061
13446891
13416816
13453032
13457237
13626165
13404464
13416937
13416907
13413696
13416805
13422395
13416981
13416782
13413697
13413574
13416780
13416802
13352730
13713802
13416794
13399820
13376812
13511106
13881130
14510458
13411729
13417024
13510959
13452288
13416875
13416798
13399936
13603943
13474221
13416936
13376673
13313175
13413560
13383680
13313169
13376649
13394145
13660575
13306971
13324997
14187643
13281974
13279651
13264976
13265760
14080914
13281991
13653899
13376643
13209986
13516109
13390485
13658446
13381334
13290916
13225764
13300815
13324377
13884844
13276102
13265412
13290917
13275748
96021617
13275753
13253717
14510433
13189613
13274121
14507146
13376714
13662315
13594478
13413669
13248376
13357273
13324495
13324486
13324552
96084213
13328991
13122132
13375952
13376803
13447694
14730282
13521336
13321802
13324561
13324403
13279561
13376847
13325688
96114674
13458531
13447722
13370297
13296748
13296749
13296771
13296778
13325676
13110721
13279679
13274129
13321830
13321831
13296772
13066488
13279781
13207935
13063389
13110820
13274180
13584474
13279627
13336463
13279677
13638623
13151785
13674316
13274183
13279774
13674349
15637606
13584471
13584473
13584472
13279719
13279597
13279568
13279709
13324591
96055940
13321824
13321823
13376798
13388317
13296929
13070279
13046215
13334121
13046828
13043576
13279564
13182422
13046827
13185068
14183730
96047112
13494334
13034052
13767444
13043724
13279757
13284736
13274107
13838927
13297140
13094391
13297172
13043873
14169662
13182246
13274164
13279818
13521421
13091027
13182373
14365983
14504674
13091556
14169663
13390559
13279845
13321813
14169699
12992304
12944691
13297241
13279581
12962562
13279798
13182301
12937791
12994482
13054108
13182249
13182337
12996538
12994388
12998641
12924685
13010091
13375173
13000726
12996474
12937877
12994441
12998537
12974854
12996480
14151460
13182292
12928322
12954965
12974674
13019202
12931593
13002435
12931592
12934701
13181033
13836128
13836129
12935190
12998612
13027613
12996365
12973306
12994385
12952210
13008009
12994426
12939373
12996430
12996479
12949793
12960302
12960217
13535465
12998475
13098749
12946777
12962870
12943349
12945141
12974805
12979500
12946806
12968511
12998616
96126223
12965611
12962904
12960178
96124281
12960175
12962896
12954833
12827577
12974681
12965612
12996966
12962902
12946759
12994545
12996517
12968530
13016194
12977024
12946808
12996960
12954908
14510413
14510414
13000856
13000862
12954863
13013116
12992178
14510412
13000861
12788745
12772138
13019376
12795741
12995961
13027492
12960261
12818528
12998481
13009942
12962871
12997902
12783923
13001031
12756369
12997905
12757315
13010082
12773962
12828332
13181119
12772578
12747054
12809395
13768214
12810823
13000855
12790257
12810704
12723460
12763036
12979469
12771662
12772421
12979492
12860022
12725203
12762682
12763071
13010112
12997008
12871381
12820503
12765386
12772208
12776228
12735760
12751969
12764715
12960282
12859919
12859997
12724770
12997002
12762253
13005706
13007912
12960354
12994373
12954860
12960117
12946800
12998358
12982203
12998510
12996366
12712373
13019192
12949963
13181042
12715340
12735306
12667120
13008947
12722743
12859920
12997200
12736057
12860043
13004191
12719340
12737672
12738813
12997110
12997116
12689688
12713857
12693096
12667749
12609574
12619657
13009920
12612840
12632031
12974958
12760560
12664727
12631778
12619656
12735901
12726807
12891284
12994492
12616260
12619373
12603123
12542431
12616727
12619941
12998531
12692035
12692128
12603396
12593685
12603404
12603402
12532977
12533129
12536220
12596548
13002427
12736033
12533213
13009998
12527296
12593555
12744879
12998567
12638821
12527235
12527363
12636304
12994423
12584015
12526699
12559458
12601400
12589399
12526801
12589259
12493185
12487936
12487822
12591872
12596768
12493412
13019193
12437628
12620771
13772444
12465786
12542174
12998680
12960116
12613034
12457512
12734129
12542177
12960115
12514551
12456400
12742230
12437629
13092718
12992285
12542178
12408412
12994486
12548294
12548293
12425790
12455246
12997927
12466164
12997033
12960300
12377672
12432935
12465624
14368013
12954870
12424870
14363910
12377670
12418349
14169711
14169708
12350746
12384561
12393815
12393302
12384103
12385704
12393300
12315892
12307988
12321217
96021518
13024148
12329793
13676771
12283272
12283269
12283267
12283273
12350701
12354513
12738821
12336333
12464807
12384322
12295151
12381684
12283268
12283274
12350728
12283270
12283271
12292396
12283275
12350616
12249576
12281883
12263554
12218817
12238597
12667199
13459787
12195445
12198892
12274906
12736026
12249126
12225612
12275581
12199806
12393675
12203520
12202009
12388630
96178773
12178603
12301257
12233049
12229434
12229354
12232820
12229341
12178548
12996351
12162181
12171634
12178372
12171633
12171636
12229398
12411393
12191688
12171635
12243894
12246457
12150558
12290278
12181109
12183375
12093352
12167033
12470346
12213153
12178491
96026597
12393308
12098025
12178393
12164944
12451971
12213152
12142830
12171719
12246254
12171637
12601380
96026598
12442542
12393301
12314136
12393252
96178815
12178487
12393253
12393251
12107175
12314310
12306683
96178914
12524974
12736035
12108318
12550259
13002184
12997220
13002185
13013225
13024169
13013224
13013222
12992327
13013223
12264628
13019233
12533535
12233768
12212911
12122164
12533536
12092422
12550216
12116366
12102674
12119783
12098123
12096267
12068175
12097501
12118991
12103125
13005535
12107780
12226606
12393303
12557389
12113823
12113378
12066817
13013111
12649033
12142960
12166651
12036544
13039107
13039108
13039114
12019219
13039110
13039106
13039112
12019222
12120620
12120621
12003102
12002602
12019229
11978083
12029603
12649034
12030017
12035856
12515201
14169665
12206334
12515199
96178917
12648280
11956056
12533533
12533619
11979434
12058817
12058471
11961810
12058643
11881225
12035890
11971326
12097751
11980831
13039109
11961881
90121951
11956176
11884764
11979437
12023715
11978840
11969230
11967466
11965054
12023716
11972222
11899013
11955947
11974912
11900660
11898952
11900661
11899018
11928434
13883661
11974911
11967650
11905201
11899082
11899083
11899084
11899085
12058268
11926917
11919189
11935479
11923252
11897789
11922686
12618964
12618966
12618967
11913903
12618965
11857281
11906577
11909055
11938095
11970067
11857258
11858071
11857296
11959172
11928400
11927201
11971239
11923251
11971107
11939207
11965886
11964068
12299000
11899189
11905240
11884748
11937422
11937423
11906531
11943888
11919802
11843659
11945475
11842885
11940731
13504593
11942730
11975273
11947991
11947989
11947992
11947993
11843697
11843476
11947990
12736036
11842748
11843600
11935948
11842800
11943877
11938135
11938136
11943878
11843681
11924716
11821246
11821020
11948133
11819930
11819821
11973140
11858152
11767180
11767182
11822434
11842808
11767179
11767181
11767175
11821313
12051455
11821311
11767183
11856067
11767177
11767173
11819652
11767176
11767184
11840625
11767178
90113909
11859197
11843628
11855973
13478910
13479166
96009240
13479155
11856069
12056140
11790059
11764634
12945814
11942070
12998496
12056139
11791840
12056144
12056138
11821029
11859525
11764815
11766545
11766488
11764552
11765960
11783519
11766487
11765957
11765686
11889652
11764637
11741642
11764727
15393561
12056515
11820654
12648973
12942465
12058953
11821253
11723113
12058313
12648972
11827944
12393304
12058818
11827927
11791731
12058592
11708625
11821788
11712435
11727042
11722485
11725530
11682726
11716851
11733195
11716353
11710023
11669455
11767149
11725015
11623431
11712294
11685731
11624900
11711479
11624186
11623427
11624904
11624906
11624901
11624903
11638320
11624902
11678272
11682709
11717130
11692597
11624905
11708413
11752701
11623429
11629786
11673139
11687763
11687762
11687779
11687749
11687769
12056260
11687783
11687742
11616677
11716804
11856605
11687758
11687741
11623290
11716806
11560505
11665674
11695899
11572604
11663556
11815284
11560502
11538969
11574967
11712436
11726655
11589223
11716805
11543116
11716782
11705878
96269108
96269107
11597874
11519670
11507854
11519745
11525865
11567772
11751328
12957647
11623410
11578226
11751330
11751332
12742173
11713161
11690509
11751329
11751334
11893197
12199650
11623531
12996498
12997204
11645324
11533041
11483625
11493726
11507811
11638380
11645305
11642270
11483627
11567767
11490644
11508888
11543496
11533028
14910049
12618976
12618977
12618910
12618913
12618914
14910048
12618956
12619054
11663723
11645940
11738126
15756947
15756948
11461989
11534273
11461991
11567761
11663722
11856606
11856079
12807912
14151475
11543495
11432794
11473281
12736015
12753107
11433693
11508922
11433673
11393556
12055975
12045037
12058520
11408351
11384325
11500839
11500840
11500841
11500842
11500843
11500844
11500845
12223197
12056589
12058458
12413166
12736024
11690389
11737467
11508914
12056596
11370858
11543512
11443358
11690345
11690456
12859714
11339974
11821523
11325138
11856595
12056270
12056750
15395721
13002436
11318296
11318297
11821617
11519642
11355901
12056526
11543493
11469717
11306370
12058451
12569985
11543947
11343303
12533502
12735987
11369014
11543887
11829740
11282988
11829737
11829739
11829738
11829741
11829742
11829735
11474209
11474077
12735904
11650061
12548337
11645278
11359791
13676763
12648333
11359806
13781738
11543497
11645260
11856080
11375928
12056470
11382872
11343138
11340096
12648331
11282998
11216411
11271226
11500838
11343136
11343161
11279665
12288255
11316770
11210836
11316768
11316764
11136443
11136440
11136434
11136442
11136435
11136433
12227429
11136437
11211090
11136439
11211091
11280263
11316148
11207999
11280260
11214268
11136438
11408241
11169061
11280262
11186295
11645388
11136441
12055813
11239414
11280283
11136579
11136436
11280354
11280113
11279615
11306066
12522786
12551075
12535861
11306067
12566515
11316807
11156644
11645945
11224937
11279769
11543509
11543502
11645867
12227405
11074155
11074154
11682894
12055315
11280219
11267072
11074210
11074212
11074156
11074211
11224717
11074157
11306031
11280315
11279759
11614732
11224935
11280386
11279658
11279594
11279691
11279606
11160512
11074278
12245045
11050917
15636009
11544108
11155244
11185750
11500857
11138333
11040671
11231114
11032862
11040612
11061666
12827097
11990799
11990798
12533470
11465164
11394009
11148892
11160831
11112488
13308180
11113114
11160681
11167352
10954824
10990180
11111926
11160634
11160635
10990179
10990167
11160637
11031941
11160646
11500856
11113270
11100736
11408179
11112639
11160597
11991147
11160598
11160600
11160461
11160594
11280275
11280276
11160596
11160672
11160599
11280357
11280350
11280356
11154930
11155038
11280355
11280380
11154980
11239088
11154975
11280349
11031942
10905903
11104195
11094138
11160435
11160560
13208008
11170452
10915650
11645444
10884853
11031940
10896727
11160523
10885321
11160736
10881357
10885323
10843113
10846755
10822263
11280188
10822440
11154940
10821039
10847983
11160834
10821526
14592396
10821042
11154942
10660303
10821525
10821527
11154943
12058450
11160665
14169701
11122729
12533475
11155243
10422650
10499141
11160618
10421904
10422091
10422049
10422048
10422122
10422214
10430363
11033350
10422186
10822496
10822494
10422879
10424210
10422248
10422155
10842081
10423357
10822497
10423541
11113850
11112723
11034446
11034445
10423176
10422213
10421980
10822495
11111653
11114876
10827795
10828345
10828392
14169700
12594686
10822493
10506114
11160441
10421962
11160663
10422341
10864441
11160436
10858483
10423148
10858484
11160451
12056585
10422638
11160410
10422031
11160476
10390341
11155043
11160583
10422438
10957369
10864437
10864436
10864438
10422479
10864439
10422741
10387577
12591085
10423122
12648279
11160584
10387621
10456967
10456644
10456871
14169627
10422674
11444080
15015203
10456886
10444434
10423113
10423314
10456976
10423013
12257950
10390633
10422719
11645279
10387958
10387145
10409320
10387204
12590165
10456891
10304681
10388198
10298125
10828393
10390451
11645390
10456943
10461420
90127518
10461696
10461641
10461920
12996560
12945803
12058605
10424263
10461687
12055317
12735905
10444446
10298065
12056398
10444558
10444543
10444549
10444548
10444544
10444557
10444555
10444552
10444553
10444550
10444554
10444127
10444556
10444545
10444546
10444551
10444559
10444547
10387508
10461205
11645275
10265288
10265154
10444463
10444462
10443848
10660358
10390550
11500886
10423684
10387768
10387887
10387690
10264520
12059189
11160538
10387765
10265165
11908304
10444450
10298267
10341063
10298268
10461839
12827111
10387931
10460855
10298117
10387933
10444460
10298130
10387932
11001447
10443749
10264535
10265134
10460636
10444452
10461634
10390539
10424097
10265044
10460938
10298047
10265220
10298127
10298061
10423628
10444445
10265226
10298128
10388011
10298118
10388025
10298120
10298123
10264515
10298060
10298119
10264525
10782477
10265293
10704977
10461682
10443743
10793082
10265103
10736616
11500879
10265132
10387590
10443719
10784963
10388012
11458067
10388013
10460182
10444125
10388014
10444120
10386725
10386724
10444119
10386726
12648222
10444118
10388015
10386706
10421989
10444122
10813919
10781821
10699311
10460770
10387747
10783794
10698640
14169709
10720135
10723181
14650201
10031674
10758175
10683312
10386989
10387595
11160741
10800534
10790818
10031682
10386795
10386799
11160743
10736920
11821510
10443723
10386792
10387601
10444399
11113065
10804857
10386722
10461897
10461308
10387846
10387838
10386789
10386794
10387839
10444398
10387596
10387837
10423962
10461261
10031676
10031681
10386793
10031678
10387847
10031686
10443847
10031683
10694358
10803938
12056522
10528888
10031679
10031680
10388018
10387589
10444013
10093804
10444394
10031654
10443967
10160968
10423102
10461596
80408224
10748686
10461300
10704300
10444383
13302399
10031624
10264436
10386721
10461162
11500872
10772863
10444012
10443725
10792643
10461642
10443718
10443727
10388115
10059746
10443770
10386798
10298052
10790707
10443729
10226124
14148551
10387602
10265224
10461387
10815127
10444395
10225001
11500867
10444405
11500869
10462174
10388086
10770457
10443955
10094627
14169703
10681381
10304804
10443958
10387591
10443984
10059558
10265282
10443987
10443981
10443985
10443982
10443986
10422034
10265218
10809006
10388116
10461867
10528509
10443717
10443983
10265217
10160969
10443957
10797573
10811689
10443781
10688969
10443951
10443966
10443849
10264880
10528681
10461736
10680172
10444416
10821081
11500825
10460369
10460802
12215211
10298287
11500871
10690199
10443764
10443763
10265290
10094136
10461713
10806168
10806574
10444224
10495928
10461547
10747561
10739665
10792215
10312249
10264519
10779961
10264518
15001511
10720013
10387731
10443843
10265295
10460622
10443675
10304961
10319095
10264514
10442959
10265767
10297830
10782052
10443260
10815578
10815933
10736094
10763169
10303627
10031687
10265333
10764027
10716381
14364087
10461800
10265203
10388120
10694528
10461267
10031675
10298064
10718283
10265042
10443816
10798415
10422538
10298135
10743432
10799423
10148779
10443656
10460191
10444115
10264693
10806701
10443681
10743866
10444152
12599748
10298279
10443674
10264708
10731223
10798545
10388101
14194042
10780372
10387399
10718266
10784754
10264811
10786157
10031461
10444165
10727248
10684522
10444136
10265225
11908334
10387550
10809621
10705570
10264526
10058433
10801103
10443970
10687284
10461287
11500892
10444171
10462209
10496074
10753594
10683956
13005693
10746665
10804796
10444185
10784333
10736154
10699691
10444053
10443724
10388123
10444190
10444189
10443785
10750855
10444191
10444188
10444192
10720142
10722881
10690247
10762607
10094037
10805614
10801778
10297631
10798591
10298152
10031677
10444030
10758965
10731313
10443689
10780395
10461699
10792862
10745993
10808040
10443929
10775626
10443685
10443690
10443687
10461834
11229168
10443663
10462062
10443688
10443686
10444051
10460454
10716018
10443774
10443728
10761327
10804929
10461990
10462390
10461996
13056805
10783562
10744460
10264521
13393167
10460693
10444113
10386713
10714156
10444217
80408223
10462172
10031592
10386914
10802274
10826413
10388131
13021570
10787309
10809286
10387597
11646286
10444182
10701702
10388026
10460567
10809387
10443994
10264558
10265266
12059194
10809166
10817549
10461763
10792486
12058518
10034310
10443730
10444187
10265223
10304969
10460366
10226312
10654780
10708253
10461720
10443693
10031684
10444010
11175354
10444031
10031567
10386729
10386807
10444400
10781691
10807951
10461041
10460895
12944101
10739423
10460519
10034297
10443786
10228163
10031651
12055720
10297931
10297938
10386730
10443704
10031552
10031542
10680547
10265861
10298148
10297930
10386732
10388132
11155245
10297976
10297939
10264561
10031586
10460492
10034267
10461389
10388076
10460885
10460594
10443714
10459888
10460514
10443991
13069886
10034279
10460727
10816472
10093962
10388144
10264545
14032370
10684167
10386802
10444151
10386804
10719320
10034298
10031637
10387734
10682091
10750516
10806411
10711122
10341058
10341061
10444027
10461944
10034286
10388127
10386809
10682104
10460710
10753436
11262529
10792124
10443995
11170271
12056568
10461747
10444139
10814521
10387885
10387830
10462424
10460376
10443703
10386708
10443997
10810429
10790662
10422784
10739515
10341060
10387804
10443697
10460599
10265116
10460946
10298285
10034309
11245834
10388066
14503032
10680761
10687050
10746563
10444041
10265602
10774940
10804707
10498851
13341672
10815846
15483467
10444402
10816442
12055944
10298050
10031658
10388226
10790435
10264524
10767727
10460187
10805909
10790080
10443766
10444287
10388138
10034302
10388079
10386728
10264549
10093769
10034280
10034242
10226278
10094154
10443739
10443738
10034287
10733748
10297916
10460934
10710503
10743773
10461207
10774225
10386718
10462462
10304958
10443700
10034260
10386709
10723121
10387828
10461941
10443707
11234765
10782486
10298062
10034253
10034308
10341059
10031544
10225207
10460541
10766340
10386808
10444025
10745260
10787065
10031605
10034296
10034303
12735922
10031555
10034266
10461665
10034282
10443941
10497547
10815402
10461784
10031591
10460558
10265033
10034292
11479221
10461872
10034276
10724846
10462212
10388078
12944106
10031565
10729136
10387164
10387155
10731306
10034306
10718481
10462093
10031570
10341062
10034275
10443996
10034258
10034264
10388087
10765184
10031608
10462026
10387816
10462059
10443701
10034295
10444143
10034281
10697598
10678187
10721168
10532019
10444036
10034291
10034289
10443710
10093772
10444161
10444058
10034278
10789632
10774047
10034284
10763605
10034269
10228415
10034261
10772673
10775556
10460935
10387826
10031582
12156571
10728405
10298126
10298133
10443708
10265294
10094145
10738549
10804660
13269084
10341045
10462416
10718654
10297894
10767877
10031635
10726001
10461499
10388143
10815845
10461480
10723536
10462065
10265221
10265034
10034277
10059676
10297837
10443851
10460974
10747230
10677896
10422371
10719786
10460880
10388084
10682689
10265031
10265032
10461494
10705630
10298046
10462056
10462038
11234845
10758351
10679447
10265043
10444167
10461255
10388124
10265040
10461282
10443695
10388089
10063609
10460696
10093776
10726289
10226317
10228393
10388141
10700122
14650931
10444057
10715857
10461051
10461357
10298129
10777593
10388077
10461259
11155250
10751863
10462028
10462196
10777508
10461253
12285105
10461940
10710177
12736689
10461324
10450308
14364004
10298121
14367969
10757550
10461863
11853666
10975940
10461722
10444162
11500873
10444289
10461668
10387819
10227645
13218324
10461331
10265264
10227696
10227907
10444392
10388088
10461194
10743038
10387172
10460891
10264527
10387165
10461505
10386747
10298058
10094586
10388219
10094579
14223592
10689086
10424394
10423785
10460303
10461471
10265619
11189156
10760678
10700323
10718938
10059814
12508874
10778293
10444175
10388085
11842999
10298277
10094814
10461397
10444006
10340717
10444004
10297792
10319207
10319212
10461503
10755243
10760004
10444047
10298122
10341069
10388137
10386800
11192096
10444049
10460812
10443792
10388093
11203959
12006031
10341051
11040028
10444153
11040027
12057074
10265041
11250533
10443990
10388139
10388060
12057095
10443988
11545408
11320555
11320559
10461410
10444421
10443856
10388103
11450748
10444174
10444160
10461852
11192878
10388063
10461572
10460579
10444147
11771718
10462353
11250546
10388064
10460997
10094626
10461887
10460948
11321000
10444195
10444170
10444035
10461400
10388094
10460548
11771281
12057019
10460642
10444050
10388104
10462773
10444023
10444176
10444193
12057065
10444164
10444163
10444196
10460635
10225358
10444046
10460705
11320424
10460806
10444150
10444149
10444194
10532488
10388090
12058497
10388135
11451189
10444424
10444145
10462258
10388142
10444277
10444014
12057061
10388061
10444037
10265662
10462770
10444181
10386814
10460794
10530777
11320553
10443999
10461525
10388095
10443852
10388091
10444179
10526676
10386840
10444173
11234849
10444427
12057101
10387453
12057060
13025898
10444180
11253737
10444133
10462186
12057094
11320999
10094625
13214734
13214735
12987360
12987361
12987362
12987363
12987364
12987366
10444011
13752865
12129884
12129888
12129886
12129885
12129881
12129883
12129887
12129882
11321006
11321007
13338006
12129893
12129890
12129894
12129895
12987319
12129896
12129892
12129891
12987485
12499768
13752867
13339917
12129880
12129879
12499953
12499954
13752866
12987369
13338078
13363970
13363969
13363968
13363967
13363998
15032319
15032318
10444435
14802374
10387593
10387842
12499249
15543139
15543136
15542840
15542841
12497718
12499514
12499236
12499512
12499513
12499586
12499550
12499551
12497720
12318109
12339271
15544156
13010154
12497401
10387844
13463463
12497719
12498814
12498861
12498862
12499776
12499335
12499405
12499412
12318111
13408812
12548414
14096233
10387845
10460457
12499764
12499785
12499786
12497398
12497375
12339270
12318112
12497709
13381064
12499763
12499799
12499800
12499766
12499767
12499511
12318113
12499006
12499007
12497717
12499622
13363976
15543134
12500011
12497637
12499937
13463712
15004901
12497373
12309572
12309576
12309575
12309577
12318108
15544355
12339269
12497374
12497400
12497397
13463781
13463537
13463711
12309573
12309574
12309578
13337909
13363973
14870423
12500010
12500039
12499028
12318110
10444169
11321325
13463926
15543137
15543138
12498813
13363974
12499628
12499626
12499607
90127350
12499590
90127351
90123357
90122582
12499627
12499605
12694719
15769748
15749881
15768681
15744625
96396130
15745517
15753572
15742128
15764464
15764463
15726359
15721552
15668515
15729108
15726189
15707857
15722644
15675020
15715264
15714392
15745631
15646016
96396831
15678928
15671040
15674016
15671071
15760133
15671058
15705965
15722786
15678209
15701442
15622058
15619067
15611959
15598081
15598079
15734381
15583703
15663294
15686764
15558234
15705666
15657712
15534341
15580185
15536171
15655387
15691572
15653934
15625642
15527882
15705475
15666835
15547436
15497132
15471356
15453397
15691574
15691575
15500551
15410298
15410299
15589640
15549592
15395583
15691579
15392988
15440950
15371564
15393019
15395574
15395575
15472223
15655427
15500534
15610725
15349967
15442226
15534212
15305017
15304941
15350053
15361309
15304954
15304947
15305003
15350088
15392960
15392991
96365251
96365359
15268943
15392992
15298133
15361270
15392997
15323911
15324856
15324804
15392998
15266073
15374649
15225345
15224708
15302238
15361267
15218328
15225981
15255541
15358536
15374526
15298387
15264408
15316330
15707877
15252644
15336830
15280459
15282287
15240808
96297731
15258305
15280457
15159442
15180792
15209968
15230516
15174606
15336829
15237917
15151272
15336744
15300345
15271374
15139845
15336780
15095934
15186140
15374513
15374512
15151848
15100478
15100636
15083484
15184525
15184524
15374508
15047666
15374493
15186133
15054465
14971110
15020318
15005978
15030522
15186139
15006672
15002090
15374507
14968939
15168931
15005859
15374537
14979259
15374538
14979219
14965015
15374498
14951674
14957997
14961132
14961134
15000141
15002568
15374524
14961131
14961077
14903379
15132273
14882796
15132278
14867205
14867225
14800099
14882792
14874521
14979220
14979251
14882794
14961129
14805806
14979255
14805822
14979196
14824705
14754242
14882795
14870499
14789628
14805821
14789629
14882790
14874534
14870405
14747968
14864462
14807535
14747966
14800067
14809077
14870503
96242118
96242117
15009756
14747629
14874714
14880491
14809076
14707944
96235415
14789594
15009826
15009830
15009831
15009832
15009824
15009825
14880492
14717550
14874605
14717436
14735839
14717498
14717487
14642076
14717529
14717542
14642159
14638098
14638097
96231701
14645261
14662477
14646703
14655281
14655282
14600900
14710376
14587470
14617413
14578051
14590679
14610739
14701618
14713560
14713548
14713549
14713550
14713551
14713552
14727750
14727736
14651965
14706705
14701601
14701606
14701537
14706628
14615213
14486821
14499549
14755934
14727725
14528849
14510406
14399114
14424597
14426265
14426111
14459915
14347006
14600899
14471271
14443161
14348397
14420010
14443908
96283822
14348435
14347287
14347047
14348567
14443918
14471543
14471726
14348583
14346908
14917920
14472645
14421343
14874655
14374676
14374678
14374682
96173741
14347080
14335451
14346911
14289108
14348399
14251251
14347418
14509193
14347227
14348336
96133176
96173263
96133165
96133171
14276482
14278392
14277113
14346885
14472491
14471344
14472502
14825636
14314116
14812113
14811957
14896473
14277230
14255506
14882789
14251096
14276977
15015171
14212102
14183764
14183447
14215551
14277164
14164756
14166397
14183832
14278490
96136413
96209837
14153126
14509348
14166448
96227655
14277219
15326383
14156635
14170046
96137735
14172955
14180602
14137323
14143186
14152319
15667952
14145482
14142606
14138237
14312102
14187726
14582015
14128540
14156825
14187727
14102457
14100505
14140952
14140964
14141016
14116098
14170989
14265813
96180608
14074871
14074787
96180609
14038801
14317216
13940331
14121163
14126217
14281551
96137911
14126212
14162120
14126209
14187789
14332769
13940199
14166531
14949808
15336698
14325063
14044547
14034256
14044548
14322589
14046468
13901689
14044539
14044549
14023166
96117093
14044489
14046616
13909180
13925358
14923099
96103966
14021967
13983868
13986697
14148489
13970870
14325183
14151096
14151197
14149556
13878670
14510386
14510396
14510407
14148492
13908049
13913220
13869505
13915701
14374770
13932300
13910929
13959782
14151195
13865513
14510391
14510400
14510411
14510402
14510389
96117413
14510410
14510401
14510390
13905371
13808172
13905341
13910914
14375069
13854387
13854424
13807249
14169659
13775079
13842435
14149559
13765659
14164436
14149532
14238348
13745867
13781652
13758766
13767380
13764773
13839802
13843256
14169565
13717321
13729175
13742562
96089481
14169566
13739470
14149533
13765178
13872602
14119250
14126090
13887010
13729156
13872638
14141120
14150123
14150121
14150120
14150122
13843255
13673414
13636682
13655468
13685100
14202290
13843261
13631424
13767522
14134517
13872538
13660679
13656201
14149553
13664350
96092080
13656045
13658532
13653931
14080885
13653490
13586280
15326398
13662436
13653034
13603897
13607251
13546633
13619404
13564160
13561234
13636664
13664338
13559236
96085674
13552159
13605623
13580373
13534718
13572207
13583493
13649540
13568997
13541180
13656169
13535512
13514939
13537417
13590394
13562290
13543657
13583415
13543709
13505936
13872539
13537490
13525426
13479467
13838842
13497308
13662286
13658511
13658553
14148465
13626140
13514926
13505871
13650607
13483656
13650536
14510403
14510404
14510405
13947568
13626095
13425452
96088876
13407920
13407940
13403579
13391697
13654051
13411845
13444063
13505967
13360053
13520440
13403611
13393907
13416934
13416829
13404440
13422064
13416860
13389058
13405895
13348856
13413597
13372575
13376606
13452956
14169712
13319807
13596615
13300525
13313145
13413626
13260321
13229904
13388319
13381366
13376747
13376664
13391882
13259915
13209802
13320248
13339507
13225749
13339783
13665702
13664240
13200336
13336453
13415238
13664269
13656016
13279588
13230290
13295972
13735157
13215495
13264953
13185332
13658485
13883395
13336452
13563461
13404145
13296927
13658394
13459797
13284762
13320249
15026757
13148210
13115652
13324459
13182250
13386849
13297173
14184949
13296928
13115812
13284784
13117134
13279758
13086117
13179874
96055941
13416159
13296926
13376828
13279797
13650602
13320330
13117518
96085915
13388313
13043755
13041241
13284757
12962703
12992187
13279796
96114624
13353757
13779465
13838836
13776217
12962563
13366132
13008085
13182276
13279789
13279838
13297122
12944739
13182303
12998431
13182273
12944836
12944606
13182299
12937215
13459798
13008139
12949876
13010078
12937790
12922084
12928371
13182298
13884806
12996513
12949844
13010005
12974804
12979525
13520302
13006748
12810614
12974888
12992325
13006747
12994440
12812720
12962795
12997906
12966357
12859913
12768986
12783882
12768889
12882085
12937593
12872645
12759773
12725678
12772453
12674222
12723459
12725185
12974772
12818013
12807823
12750971
12860015
12712972
12762876
12725184
13506179
12879119
12738826
12740322
12709947
12688551
12664706
12649995
13009876
12616504
12616728
12619374
13009873
12616351
13010119
12734127
12533208
13002223
13019259
14113273
12643548
12941831
12737630
12482551
12456731
12465784
12954849
12470025
12425054
12413712
13002423
12391381
12381435
12424044
12385316
12354291
14146584
12307984
12420024
12329323
12263964
12306568
12234073
12238585
12388604
12186425
12225733
12199766
12261763
12420950
12162172
12162183
12199289
13751668
12138048
12095426
12115915
40227562
13283824
13283827
13459806
13283825
13283826
12062802
12089325
12166458
12181624
12039210
12124509
12092369
12296617
12076088
12023855
12134703
12095096
12118819
12098122
13039113
13039111
12515203
12515202
11965788
11979780
11884762
12055762
11959152
11884761
12037142
11937223
11883985
11951438
11884763
96032181
96033074
11915021
11905225
11928570
11979147
11947767
12014436
11898816
11944284
12058611
11928836
11968275
11944293
11944476
11944294
11944477
11944306
11944285
11885030
11939049
12026539
11862996
11857244
11856811
11812037
11811814
11863531
11823031
11822438
11949400
11947281
11949262
11949261
11856832
11842815
11949260
11949267
11791723
11809609
13893452
11765840
13024154
13024152
13024143
13024153
13024142
11855985
15395895
11741164
11709566
11767150
11716830
11709267
11636489
11605724
12058275
12648242
11717124
11716786
11557690
11532980
11682014
11713945
11856020
12942462
12056540
11681811
11623561
11681869
11496672
11496668
11645299
11645944
11647842
11534322
12619052
12619053
11508920
11690578
11821653
11452849
12827372
11484237
11324832
11682889
11355215
11324842
11370788
11343350
12058521
11754374
12736023
11856014
13013264
11682711
12056525
11393151
11500848
11316778
11266535
11645251
11849878
12735931
11280396
12257951
11645934
13054005
11155022
11645262
11645261
11645264
11645408
11645406
11645407
11645263
12742374
10990252
11316208
10999976
10999977
10999975
11201947
11306065
11316238
12735895
14368052
12059191
11176594
11160809
14256903
14256904
14256905
14256906
14256907
14256908
14256910
14256911
10863210
14256820
14256821
14256822
14256823
14256834
14256835
14256836
14256837
14256838
14256839
14256840
14256841
14256842
14256843
14256844
14256845
14256846
14256847
14256848
14256849
14256850
14256851
14256852
14256853
14256854
14256855
14256856
14256857
14256858
14256859
14256860
14256861
14256862
14256863
14256864
14256865
14256866
14256824
14256825
14256826
14256827
14256828
14256829
14256830
14256831
14256832
14256833
14256812
14256813
14256814
14256815
14256816
14256817
14256818
14256819
14256867
14256868
14256869
14256870
14256871
14256872
14256873
14256874
14256875
14256876
14256877
14256878
14256879
14256880
14256881
14256882
14256883
14256884
14256885
14256886
14256887
14256888
14256889
14256890
14256891
14256892
14256893
14256894
14256895
14256896
14256897
14256898
14256899
14256900
14256901
14256902
14256909
10881375
11316237
11160517
11155407
11279670
10494751
10494748
12533474
10423081
10423437
10423438
11645368
10423446
11645364
11645365
10423626
11544675
11645366
10423556
12648332
11645246
11645367
10422003
10422535
12058470
12591086
10864445
11316209
11413624
10387578
80412133
80412161
10424027
11408000
10263552
10387106
11154970
12533476
10264552
10459955
10387702
10456984
10444457
11160617
11645317
11544676
13002233
10387147
13337140
10264534
11500850
11175460
10460365
10460451
12058461
10443722
10387600
11185789
11397348
10443716
11500875
11930331
10298283
10298284
10444117
10443754
10803230
10443746
10444397
10809036
10443965
10461710
10461035
10444141
10462155
10462141
11482409
10460837
10264543
10460826
10297908
10461613
12996987
10735509
10461997
11500852
11517816
10461109
13337141
10298271
10387818
80400454
10444323
10297977
80400453
10444341
10298140
10387729
11286869
10443658
10265072
10461907
10297979
10461983
10423019
10265286
10265285
10265283
10265284
10461203
10748884
10460820
12058536
10720377
11822136
10265163
10297936
10443691
10443918
10298053
10444336
10034299
10034259
10790268
10461602
10443761
10034268
10461497
10387257
10460912
10444254
10444271
10801646
14201238
10388105
10386733
10034251
10034255
10034247
12058445
10264541
11155442
11155441
11155445
11155435
11155434
11155443
11155438
11155432
11155439
11155437
11155433
11155436
11155440
11155444
10461187
10264539
10265030
10034241
10795209
14858823
10809941
11185727
10714139
10265236
10386801
10387115
10779681
10298286
11500878
10778805
11563342
10265838
10265026
13069888
10461377
10387253
10683967
10785702
10443767
11500851
10265135
10719100
10226971
10753315
10094820
10443706
10387171
10718839
10460601
11175357
12548409
10693210
10444283
10059166
10443915
10264864
80407133
10264538
10462054
10264862
10264863
10264866
10226444
10264869
10264877
10264875
10264876
10264873
10264874
10264872
10775686
10094809
10265276
14908388
10059457
10298137
10461758
10734882
11188757
10443989
10462140
12326167
80401729
10461578
10461791
12400936
11450773
11450772
11771201
10462169
10462123
10461866
10462152
12057089
10387269
80400435
10226257
12345907
10298139
13214713
13214711
13214712
13214745
13214716
13214715
13214714
12059390
13505479
12170203
12170204
12987344
12987345
13383516
13383515
13383514
12959786
12497365
12497393
13383493
13383494
12499806
12499807
12499773
12499774
12499775
12499813
12499780
12499781
12499782
12499783
12499814
12497389
12497391
13383488
13383513
12499765
12499794
12499795
12499796
12499797
12499798
12499803
12499804
12499805
12497363
13383495
13383489
12497388
12500094
14166626
12498488
11185788
13376460
13376461
12499208
12499209
12499210
12499211
12497729
12497390
12497399
12497364
13383491
13383492
12497387
12497392
13383490
13383497
13383496
12499810
12499778
12499811
12499808
12499777
12499779
12499812
12499809
12694846
15702913
15695988
15699100
15699099
96386991
15677357
96396822
96387000
15654624
15678313
15628019
15703182
96367208
15594468
15761339
15594466
15594467
15761355
15594469
15761354
15761340
15691536
15579163
15579162
15555356
15691459
15557182
15637655
15691507
15734414
15508105
15508410
15503224
15656605
15482179
15469619
15482133
15495136
15482134
15637652
15637653
15409718
15637620
15637619
15690153
15359603
15444303
15254685
15392984
15393009
15392945
15259636
15340610
15263532
15292416
15324124
15392958
15336842
15295424
15336841
15218226
15204576
15392989
15296488
15296487
15296489
15393248
15392990
15231487
15240653
15240655
15240654
15240656
15206650
15156667
15325281
15325282
15324904
15325283
15156572
15633311
15633310
15271353
96289083
96324263
15033918
15374497
96341488
15374854
15018822
15076667
15095898
15001585
15018012
15362688
15033356
14974198
15302520
15374503
14961116
14957934
14951659
96280929
96280933
96280938
15132277
14896476
14780686
14874636
14880380
14874484
96237869
96237912
96237910
96237919
96258810
96237911
96237952
96237871
96237937
14882791
96237918
14874704
14979253
14809060
14917934
14874571
14884298
14711263
14715316
14703640
14715201
14717323
14717311
14641283
14701608
14874575
14610132
14610134
14610133
14701670
14701668
14701669
14701667
14701671
14639709
14639710
14639712
14733825
14639719
14639720
14639729
14639730
14701523
14639702
14639703
14639704
15664796
14701561
14590655
14537499
14615194
14471265
14471355
14456380
14756191
14756190
14525315
14780952
14489831
14472641
14473272
14473290
14473291
14473289
14809049
14755951
14375805
14471742
14349519
14731810
14731808
14347155
14345365
14349456
14399177
14348473
14346916
14347210
14348406
14316700
14626578
14278492
14278469
14471582
14251149
14169824
14307677
14213705
14729570
14215572
14352920
14510409
14473281
14208110
14173358
14149499
14152313
96137759
14149478
14149477
14473287
14205337
14473286
14473288
14187740
14063399
14149980
14149584
14184976
14027051
14151207
14053685
14149554
13971966
13976211
13929379
13976218
14026894
14026882
14026883
13984439
14028877
14046492
14023151
14149902
14708186
14036355
14028893
14038888
14151328
14170841
14161674
14161676
14161675
14036286
14510398
14150060
14170626
14170724
13796111
14170725
14170723
14121465
14165627
14148466
14923086
13719891
13817876
13845037
13845068
13845108
13845048
13699603
13729151
14158426
14149857
13761556
13764763
13722891
13764782
96138186
13764775
13845112
13748065
14149707
13773403
13731217
13989238
96047289
13694117
13694103
14149846
13773412
13773411
13534698
13619556
96081232
14080882
13655478
13566049
14910097
14910098
14910099
14910100
14910101
14910119
14910120
14910121
14910102
14910103
14910104
14910105
14910106
14910117
14910118
14909989
14909988
13529455
13510923
13650530
13949848
13449438
13656197
14149603
13415336
13520417
13414507
13890344
13336403
13372700
13372705
13413595
13629588
13328714
13466228
13376770
13357249
13417006
13376566
13376669
13279707
13274128
13274174
13324428
13324390
13324411
13324423
13271435
13388299
13276378
13307882
13274130
13334103
13334126
13376814
13284741
13327095
13091555
13088644
13091357
13091639
13019260
13837220
12998642
12922111
12922452
12922087
12932211
13027761
12922086
14155820
14155816
14155817
14155818
14155819
12954839
12965675
12982163
13013216
12992195
13013176
12996360
12912285
13024286
12820749
12757872
12788913
13013124
12769522
12782178
12782179
12763502
12725049
12713643
13174359
12998449
12996393
12711768
12998658
12643005
12632107
12624388
12773753
12617597
12616042
12624398
12523593
12593593
13024222
12650087
12631695
12624800
12532675
12992196
15373540
12738840
12738829
96084198
12415178
15636032
13016271
12466176
12337249
12354564
13364130
12307928
15642183
15642184
12289242
13997727
12457603
12282730
12393258
12216353
12264367
13016193
12112363
12199288
12212733
12994442
12119218
13002195
12997201
12994375
12113992
12113993
12068292
12099397
12099398
12077238
12998632
12076246
12059263
12566503
12515198
11969705
11962316
12618986
12618987
12618989
12618988
12057123
12324499
12086910
11928672
12618935
12618936
12618937
11970463
11930970
11925270
11932150
12393257
11944289
11974202
11931948
11863350
11946191
11861360
11898194
11861901
11877005
13674297
11925661
11765603
11765600
11766595
11765601
11765602
11779007
11765604
11766597
11766598
11766594
11766596
11766593
11766484
12648975
11729861
11733320
11625033
11629804
12059259
11871793
12056588
11751333
12654508
12654509
12654510
12654511
12654512
12654513
12654514
12654515
12654516
12654517
12654518
12654519
12987330
12987331
12618958
12618957
11509000
11855990
12058446
11685716
12656397
12656398
12656399
12656400
12656401
12656402
11685740
11369011
11359788
13008132
12654520
12654521
12654522
12654523
12654524
12654525
12654526
12654527
12654528
12654529
12654530
12654531
12654532
12654533
12654534
12654535
12654536
12654537
12654538
12654539
12654540
12654541
12654542
12654543
12654544
12654545
12654546
12654547
12654548
12654549
12654550
12654551
11342381
11359789
11359790
11359787
11359785
11359786
14134460
13019354
13024161
12656389
12656390
12619047
12619048
12619043
12619046
12619049
12619045
12619044
11645245
11031927
11160662
10999978
11031936
11031930
11031938
11031939
11031933
11031932
11031931
15395916
11031934
11031929
11031935
12735914
13891626
12299655
12056580
10420904
11035194
12335195
12335194
12763916
12763917
12763918
12763919
12763920
12763921
12763922
12763923
12763924
12763925
12763926
12763927
12763928
12763929
12763930
12763931
12763932
10457360
12294569
10444464
10264700
10388187
11280274
10462099
10461151
10729821
10387599
10298051
10443720
10443790
10461704
13005715
10817277
10444376
10265045
13302455
10387836
10264058
10297933
10444378
10390409
10457039
10443933
10390402
10808287
10461257
10443753
10444109
10444110
13891624
12129794
12129791
12129792
12129790
12129789
12129793
10444135
10461823
11500870
10297904
13308435
10388133
10789959
10443845
10785790
10387588
10297905
12129787
12129788
12605140
10297918
10444157
10807545
10460959
10711007
10228300
14650573
10034270
10443678
10461015
80400447
10462090
12508378
10713442
10388134
10798658
10460788
11175359
10387553
10705202
10387268
10711060
10443682
10760785
10461936
12998443
10031673
10444056
10460483
10297941
10443927
10462256
10297897
10797836
11306068
11306069
11306071
11306070
10034271
10298270
10297463
10265171
10708146
13021572
11822147
11822154
11822149
11822145
11822185
11822179
11822180
11822176
11822152
11822146
11822153
11822150
11822151
11822178
11822182
11822183
11822177
11822184
11822181
11822148
10691007
10034244
10297914
10264563
12129822
12129823
12129824
12129821
10798800
10461247
10717481
10528353
10807187
10034263
10723799
10265027
10298269
10059786
10443850
13280363
10264528
10764189
10034265
10443726
11517817
10443762
10735301
10443935
10704175
11500837
10779114
12153286
10694691
12153282
12153281
10313213
10297913
10387474
12153272
12153273
12153275
10764167
10094867
10297915
10265029
10387652
10094812
10706631
10265131
11046590
11046049
11046983
11046225
10387258
12987340
12987341
12987342
12987343
10264516
10755473
10094816
10297911
10773007
12153260
12153258
12153259
12153263
12153256
12153257
12153261
12153262
12947580
10059302
10341057
14260639
14260638
10297912
10264548
14260022
10298278
10297900
10444201
10227379
10444278
12548408
10444470
10444339
10462198
10462100
80401747
10461764
10443920
10461489
10264542
10265038
13025858
10443923
10387264
12548300
10386810
10444333
10444148
10387459
10227090
12342163
11789105
12059369
10443924
10443922
12057149
10443921
10460379
10387467
10387454
10387465
10387466
10443936
15553701
10462407
10297899
10444202
14238669
14238668
13214719
13363958
12129853
12129854
12129847
12153288
12129836
12129835
10444252
12100750
13363995
13363996
13505493
13505496
13505486
13505494
13505487
13505491
13505492
13505499
13505500
13505498
13505488
13505495
13505497
13505501
13505489
13505490
12708872
12708873
12708874
12708875
12708876
12708877
12708878
12708879
12708880
12708881
12708882
12708883
12708884
12708885
12708886
12708887
12708888
12708889
12708890
12708891
12708892
12708893
12708894
12708895
12708896
12708897
12708898
12708899
12708900
12708901
12708902
12708903
12708904
12708905
12708906
12708907
12708908
12708909
12708910
12708911
12708912
12708913
12708914
12708915
12708916
12708917
12708918
12708919
12708920
12708921
12708922
12708923
12708924
12708925
12708926
12708927
13363892
13363896
13363898
13363894
13363891
13363893
13363897
13363895
13363954
13363956
13363952
13363953
13363955
13363957
13376298
13376299
13376301
13376300
13363873
13363874
13363900
13363877
13363869
13363881
15032363
15032361
13363865
15032359
15032360
13363880
15032362
13363870
13363899
13363872
13363878
13363868
13363879
15032342
15032341
13363867
15032366
15032358
13363882
13363883
13363866
13363871
15032344
13363875
15032364
15032339
15032346
15032345
15032340
15032343
13363876
13364008
13363989
13363988
13376441
13363934
13363931
13363933
13363930
13363932
13363929
15032353
14008687
14403164
96322241
13615151
13615153
13615150
14096229
12499194
15543336
15543347
15543369
15543380
15543391
15543411
15543897
13381271
12498231
12498250
12498283
12499449
12499450
12499486
12499452
12499453
12499454
12499455
12499456
12499457
12499493
12499515
12499516
12499517
12499518
12499519
12499520
12499500
12499522
12499523
12499524
12499525
12499526
12499527
12499531
12499521
12499494
12499495
12499496
12499497
12499498
12499499
12498956
12498957
11745174
12387907
12499580
12499581
12499582
12499601
12499583
12497651
12498220
15543902
15542569
13381268
13381270
15543903
15542567
13609765
12497419
12497420
12497444
12497445
12497497
12497948
15543898
12499542
12499536
12387906
13609766
12498215
12499571
12499743
12499744
12499717
12497417
12497496
15004863
14099837
12498246
12499397
12499444
12499473
12499474
12499475
12499476
12499477
12499478
12499451
12499480
12499481
12499482
12499483
12499484
12499485
12499458
12499487
12499488
12499489
12499490
12499491
12499492
12499443
12499479
12499445
12499446
12499447
12499448
12498217
12498216
12387908
14914184
13381266
12497494
13609770
13609769
13609768
13609767
12497418
12497421
12500090
12500091
12500064
15543901
14096231
13388029
12499547
14914183
14914182
12387905
12499681
12499710
12499711
12499712
12499713
12499714
12499715
12499716
12499738
12499739
12499740
12499741
12499742
12499760
12498219
12499155
12499258
12499259
12499260
12499261
12499262
12499228
12499229
12499230
12499231
12499232
13381272
13363991
15543896
96111011
12499545
12499193
12499178
12499200
12499201
12499202
12499203
12499204
12499205
12499185
12499158
12499159
12499160
12499161
12499162
12499163
12499192
12499165
12499199
12499172
12499173
12499174
12499175
12499176
12499177
12499206
12499235
12499623
13615152
12387909
15543899
15543900
15543358
15543400
15543565
15543576
15543587
15543598
15543609
15543620
15004955
15032075
12797380
12797381
12499543
12499578
12497416
12497449
12497450
12497414
14099836
10443934
14096232
12497415
12497448
15032327
12497411
12497447
12497446
12497495
12497413
12499573
13381269
12498537
12499183
12499184
12499164
12499186
12499187
12499188
14096228
12499549
12499538
13381267
12499575
12499572
12499179
12499579
12499182
12499180
12499539
12499546
12499548
12499540
12499574
12499577
12499576
12499181
12499541
12499537
12499570
12499157
12499544
12499156
14099840
12694718
12907864
12688171
12696761
12696764
12696765
12696744
12696766
12696763
12696760
12696762
12696767
12696768
12696769
15754527
15587565
15588154
15640222
15656786
15575204
15666681
15510739
15633752
15628623
15456994
15470099
15468804
15495134
15495133
15393015
15393014
15294030
15393016
15298464
15178451
15242523
15118923
15147458
15117242
15336724
96324792
15075209
15155255
15001612
15013163
15374635
15132285
14965340
15374619
96280932
14979260
14789616
14856275
14789574
14884302
14880420
14706759
14653422
14800088
14715376
14600882
14701528
14384160
14346903
14345473
14800089
14421288
14348693
14276940
14276972
14183705
15184522
14208093
14584543
14212082
14510454
14312100
14187884
14090444
14074784
15410374
14053676
14044538
13993774
13913870
14021957
14499911
14021974
14067750
14170638
96117507
13771402
14158378
13729162
13742557
13679210
13662316
13636563
13505968
13947727
13532926
13511120
13414534
14143987
13413698
13413603
14202316
13594482
13508528
96081463
13449355
13382106
13315384
13209893
13324389
13324385
13324363
13331639
13274167
13506220
13459801
13388305
13324584
13459776
96029719
13064730
13182293
13417022
13327071
13009989
12922612
13182408
14134440
12974910
12859917
13000117
12859943
12616478
12625142
12996968
12994473
12482300
12391370
12391305
12536334
14134519
12263305
12282726
12239149
12239230
12164934
12259056
12119227
12113825
12113403
11882493
11889483
12252306
11905200
13372626
11928671
11915253
12058310
11913824
11945363
11914097
11843002
11766336
11767662
11783786
11872963
11783490
12648974
11632636
12056742
11813339
11538966
15395724
11751326
11855998
11578325
11433781
11503365
11344609
12735925
11343300
11485655
12058522
11813375
11815262
11316223
11279576
11224652
11359805
11280341
12042418
11543494
12729923
96127835
13594477
13306077
12716172
11170449
12648262
11280198
10949980
10949975
11122728
10942531
11355162
11160729
14115082
11645389
11500849
11160589
10457683
10443751
10443846
12737996
10529783
10457508
10460588
10767655
10460731
10770660
10226560
10388122
11500874
10443917
10444251
10443969
10264705
11500895
10691336
10461055
12058087
10690352
10462759
10387512
12058519
10443683
12820326
10742660
10780433
10462365
10444258
10226166
10444263
10685313
10034272
10444260
10386711
10444249
10444264
10793301
10526473
10034273
11245928
11234847
10444270
10228533
10763708
11500891
14368019
10764527
10461838
10703175
11245816
10313144
12058309
10265037
15553731
10700725
10341055
10094585
10528276
15552475
11771282
10226724
10460621
10461143
13376726
10444257
10444255
10461208
10444259
13338093
12656105
13364027
15032326
15541798
15542546
13376405
13376404
15543573
12498406
15542094
12498417
12498407
15543910
15543570
15541799
15543571
15543908
15543912
15543907
12987432
13464970
15543904
15543909
15543572
15543911
12497422
12691426
15745532
15719359
15716581
15654787
15702554
15620613
15583196
15651848
15581752
15560040
15517517
15395578
15392999
15497274
15361316
15285484
15150345
15214518
15078265
15691480
15029957
15027713
15005272
14967861
15095418
15374536
14961120
14800013
14979223
14789610
14787269
14800003
14780674
14979234
14855407
15184475
14715601
14592815
14634357
14573855
14709983
14471398
14471375
14715623
14345512
14789617
14453472
14316428
14224195
14212241
14345479
14183560
14187724
14151067
13941664
14075330
13801693
13909070
13883738
13775854
13817841
14332870
13771163
13872652
13643216
13624783
13605260
13571132
14169586
13662262
15731689
13421575
13466134
13413671
13389352
13381335
13209858
13324362
13248042
13320315
13300646
13376605
13182409
13040960
13754324
96115169
13182287
13297139
13776103
12931783
12994393
12934607
12979434
12767581
12760366
12760365
12965592
12726744
13182268
12817870
12700765
12748039
12772433
12946822
12437614
12638159
12393256
12275880
12215974
12110746
12082385
40262401
12056567
12226512
11951574
11962860
11978104
11955957
11904793
14910123
14910124
11789834
11741568
11741571
11741569
11741570
11638279
11665522
15395833
11490649
11658092
11369012
11508892
11842544
11340095
11279568
11306060
11280160
11280221
11645382
11129221
11280177
12215213
11280388
11160421
11154983
11306064
11160632
10858632
10858631
10390635
11791767
11155034
10265162
10421765
10443809
12827098
10444540
10388121
10444409
10422537
10388119
10461727
10265152
10265273
10297895
10799189
10265169
10817193
10461563
10461698
10444511
10793430
10034317
10059182
10034318
11175360
12153233
12153234
12153232
12153231
13356064
10034362
10034240
10034274
10461911
10443931
10388083
10034252
10767218
10740243
10264685
10265166
10443992
10462800
10443912
10387248
10683790
10094112
10265262
10720052
10265261
10094607
10444253
10775304
10265272
10341049
10461984
12057024
10462030
10265161
13209344
13214724
10443853
12987313
12987314
12987315
12987316
10297893
12655931
12499621
15722245
15724399
15666112
15716660
96374208
15598277
15691469
15581958
15395561
15411244
15395566
15395559
15398235
15395563
15359374
15374569
96300946
15374570
15093346
15059302
15006609
15008423
15073714
14961061
14822225
14800109
14807542
14805841
14789611
14791618
14794338
14805842
14874630
14708212
14721567
14654866
14730075
14644998
14623011
14612073
14533491
14602991
14726239
14499723
14499597
14463762
14346859
14421363
14381390
14582387
15497328
14170134
14170133
14183386
14173325
14173324
14170132
14170167
14277028
14173318
14170012
14173323
14169993
14183672
14183673
14186589
14186479
14177849
14825633
14187797
14149613
14043171
14510416
14149906
13981832
13893875
13971893
13929370
13934568
14153189
13919656
14510415
13890660
13760385
13664232
13684912
13549700
13660556
13535761
13559393
13658405
13767470
13295595
13315421
13376787
13300207
13315422
13324496
13321803
13376789
96115493
13022811
13841138
12998480
13279559
12952188
12994454
13008117
12946813
12960367
12946780
12979502
12996358
12743215
12723415
12715138
13016303
12674887
12966411
12615922
12457701
12425778
12452723
12966348
12393307
12310826
12350659
12314315
12301251
12736027
12194696
12029833
12087916
11925963
11955937
11901542
11929349
11908401
11767174
11709567
11716430
11692278
11520718
11543507
11543508
11543506
11543489
11543504
12215208
11280269
12056348
11160801
11160582
10863444
10423440
11113323
10457484
10461127
10533274
10225135
10443832
10460183
10264547
10264707
10460999
10788337
10443930
10388028
10093893
10388022
10297523
10388024
10386927
10388027
10746068
10264798
10226306
10264546
10225266
10388020
10031685
10226922
10226924
10730740
10297838
10388023
10388021
10058052
10059813
10297820
10461644
10526607
10711022
10388019
10228544
12497648
12499215
12499216
12499217
12499218
12499219
12499220
15103710
14187704
11359816
11174613
14211187
10443867
10264554
10444121
10297934
10264677
10298146
10462092
10387251
10421872
12058538
10094634
10461119
10298147
12058273
10718225
10461796
12058274
10312944
10387254
10386920
12122376
11324995
11280115
11160614
11160710
10388207
10443968
10386719
10443769
10443960
10443776
10443775
14650499
11242680
10856753
10387820
10387825
15764061
15753631
15729430
15750085
15742110
15716630
15654718
15704040
15595861
15628589
15584172
15627672
15628749
15745649
15705605
15655418
15678031
15715223
15656770
15656944
15645708
15400547
15396404
15382963
15393023
15393005
15223692
15444283
15374519
15262769
15374517
15230802
15283294
15205532
15298189
15223577
15364127
15098508
15230612
15271373
15115304
15081977
96285224
15207579
15230849
15034261
14987680
14996331
15123527
96296264
15374523
15015336
15193327
15374521
15001665
14954768
15168885
14941617
96271433
14973396
14961111
15001708
96242123
14852150
15325219
14863886
14807541
14822291
14800034
14733314
14856494
14733236
14874695
14874486
14741816
96237292
14681434
96234421
15015118
14715330
14717404
14641897
14648726
14600893
14635082
14640343
14805851
14793561
14701591
15370962
14604403
14893879
14533487
14713446
14617193
14484267
14615201
14711252
14793550
14727876
14471368
14727819
14575499
14385854
15374522
14347052
14484268
14731757
14348701
14346617
14341947
14316670
14278370
14254073
14274335
14395626
14268571
14278391
14348694
14372707
14252101
14274120
14254074
14253908
14276551
14268554
14590391
14262177
14268781
14253822
14276529
14545933
14264139
14335498
14276837
96192656
14264054
14253826
14268536
14245800
14268555
14268545
14276931
14268566
14268568
14268609
14268764
14276771
14218129
14276858
14276678
14253891
14253979
14304250
14276769
14166372
14274050
14274332
14183483
14314671
14343284
14314652
14278362
14276887
14254071
15016969
14276773
14104384
14152616
14104365
14152653
14104364
14152655
14104387
14276522
96150350
14276792
14264300
14264070
14276512
14268745
14274253
14128659
14268467
14374449
14183691
14252117
15168794
14912969
14254115
14329835
14274099
14276592
14276683
14262135
14180926
14274055
14053734
14164529
15006161
14041331
14034220
14046709
13901233
96277257
14250161
14250162
14250163
14250164
13896004
14274148
96088442
13979691
13934375
13895823
14274045
14148488
96117381
14896477
14151011
96117426
96117467
13781683
14268464
96138084
96138089
14268558
13828604
13729160
14347437
13735317
14115397
13828273
13719015
13711164
13739884
13713133
13779319
13650495
14112420
13629513
13665777
13588491
13610921
13459313
13856365
13535617
13847801
13640049
13660564
13416858
13521392
13376651
13416895
13594479
13510319
13594480
13369186
13413672
13357177
13279812
13389537
13296918
13279851
13257721
13297120
13292461
13257738
13781719
13185046
13142679
13045249
12932431
12974857
13002351
13257675
13005690
13010128
13257718
13182251
12757670
12757689
13006749
12771830
12860023
12744731
12768197
12712871
12998520
15300689
13339862
13339875
14148487
12667527
12666634
12609309
13337025
12556152
12638948
12735949
12539267
12432821
14363919
13142684
12333413
12390451
13005544
12390475
12303629
12316427
12249573
12216170
12283337
12263656
96081318
12269499
12209337
12648591
12222313
12196410
12246288
12283345
12144454
12212910
12093226
12166471
12097028
12138922
12122708
12075660
12134702
12102957
12018371
12092342
12206718
12005307
12013416
12087578
12013359
12735923
12648574
11953758
96022280
96022281
11915047
11913962
11906868
11925233
11931240
11919812
11945881
11934316
13454864
12055522
11856601
11818224
11821130
11865369
11783494
11856024
40192135
11856609
11692699
11716665
11860038
11700343
11682705
96026848
11979174
11979172
11977905
11977904
11979171
11855981
11860068
11860010
11566901
11605478
12058354
13014989
11533023
11664952
12949001
11603846
11638269
15395832
11856665
11544456
11658188
11544466
12058267
13341815
12820346
11544441
11624840
12820382
12557455
11532996
12056521
12758826
11690585
11533074
90062593
11406298
13339847
13308382
11852151
11446126
11465127
11355212
11342340
13054012
12059260
12058278
11340103
12739156
11459119
14648781
11446124
12056364
11277797
11277809
11272583
11277783
11272568
11316812
11520715
11443522
12359824
11182918
11306042
11279771
11323956
11101218
11279687
12215204
12055320
12058475
11821947
11279609
11280225
11908382
11167520
11279684
11280133
12149401
11112935
11325836
12648590
10960064
11856666
12533440
11708624
12752670
11160480
11859384
40214764
11160683
12648589
11855987
11160526
11160513
10842037
11160405
10660536
10422321
11170451
11110257
10421749
11446130
11543868
11160411
11154962
11160670
10387574
11160673
11543864
13459775
10858635
10387573
10390622
10388058
10390383
40212490
12990723
12056130
12056356
11446127
10456896
10667553
10298131
11446129
11155448
11072180
13459308
13308012
11744942
10297961
12758736
10387840
10792609
10461942
12820314
10773332
11160806
10501530
13540131
10526308
10444387
10387843
15395935
10444386
10461694
10388170
11286856
10444337
10388117
10297944
80407127
10297943
10059265
10444385
10264632
10264861
10727380
11446128
10809705
10789443
10421949
10755120
10297942
12753023
10443740
10264686
12758740
12944098
10297966
12944141
12058360
13364005
13364004
13364003
10388030
10762163
10690548
11312354
10034249
10802555
11821999
10697995
10444497
10461121
13069866
10034305
10707315
10714996
12944092
10297935
10746133
10745624
10264522
10387153
10264551
13022235
10770422
10742383
10693554
10678840
10699405
10690298
10227211
10681956
10684315
10688632
10717161
10761255
10461794
10703135
10777441
10297932
10297946
10297972
10732429
10717339
10731109
10711112
10297917
10693687
10094630
10094631
11517815
10766001
10386791
10772496
10701199
10773463
10880620
10880621
10880623
10880617
10880624
10880622
10880619
10880618
10311711
10738340
10700989
12548331
10462294
10386812
10264486
12056324
10711584
10700445
10461790
10312846
10265061
10691372
10759593
10779105
10726204
10264560
10758690
10710068
10718718
10228722
80407956
10690108
10678790
10700559
10880402
10461347
10034210
10387261
10297937
10461966
10774513
10460795
10763581
10387175
10297973
10462135
10461097
10755972
10341066
10780266
10706211
10462181
10700225
10094635
10341070
10824991
10461595
10773673
10739655
10713841
10298142
10298141
10297951
10737026
10265268
10341068
10297975
10386717
10341054
10341053
10341052
15160007
12055949
10461938
10689677
10387565
10093658
10341071
10887806
10341064
10444491
10887789
10461651
10386803
10444116
10444054
10460458
11148341
10461487
10386815
10461697
10386716
10386714
10094628
14886035
12059402
10226414
10760020
10444177
10386929
10386727
10887791
10386831
10386818
10386837
10386838
10386835
10386828
10386829
10386820
10386817
10386821
10386836
10386824
10386827
10386819
10386826
10386830
10387249
10461356
10386924
10386712
12605284
13025880
13359065
13338005
13364019
13364022
13364020
13364021
10462178
10444230
13363983
13363984
13363985
13363986
13347900
13466782
13363948
13363945
13363944
13363950
13363943
13363947
13363946
13363949
13364000
13364001
13364002
13363999
13376433
13376432
13376431
13376434
15544179
13376297
13376296
15544176
15544178
13376294
13376295
15544177
13363980
13363977
13363978
13363979
13363972
13363971
13464971
13464843
13465168
13363885
13363887
13363888
13363886
13363889
13363890
13367069
12499507
12499529
12499530
12499532
12499533
12499534
12499503
12499504
12499505
12499506
12499535
12499508
12499509
10298149
12499510
13364026
13363961
12497455
12499418
12497427
12497451
12497426
12499815
12499816
13367072
13363963
13363965
13363975
13010195
13367061
13367058
13367067
13367068
13367062
13367066
13367064
13367071
13367073
13367063
13363964
13363993
13363951
12497452
12499863
12499836
13363960
13364023
13364024
13465025
13363987
12497456
12497454
13367057
13465006
13464709
13634261
12497457
12497423
13464587
13367065
13367070
13364025
13010196
13363962
90122175
15768513
15750802
15768512
15745342
15745785
15745819
15745767
15745803
15722535
15772103
15772102
15714913
15678951
15716238
15623433
15633751
15766979
15716608
15593603
15686536
15689950
15699059
15583480
15607618
15579238
15580076
15559106
15766915
15506313
15716667
15568391
15475972
15468368
15393057
15656588
15380779
15653944
15393052
15293924
15361323
15385576
15385564
15292276
15292076
15655367
15363612
96372918
15653942
15337609
15406591
15245426
15361333
15374729
15221120
15374792
96374609
96381531
15374726
15233718
15300321
15374725
96326750
15290210
15374715
15393065
15374662
15374728
15226245
15149408
15147439
15087856
15184587
15029981
15374693
15226065
15100526
15095778
15006149
15193330
15155783
15015013
15374668
15009711
15073779
15009726
15034706
14994928
14994929
15034836
15027701
15010176
15086322
15013474
15034275
15166658
15001658
15006146
14961158
15016874
15017109
15157682
96254466
14863933
15008054
15374727
15362589
15772351
96248456
14880390
96237218
14778819
96245257
96281058
14747610
14961094
15185050
14783679
15186087
15185900
15185886
15185695
15186129
15185770
15186128
15186141
15186088
15186006
15185979
15186020
15186047
14800081
14857340
14789487
96237290
14874556
15016934
14717328
14704719
14648744
14711374
14715327
14708263
14722671
14655263
14640319
14634978
14587510
14699904
14699905
14870462
14603038
14699932
14715253
14583682
14708243
14639464
14699859
15371043
14604404
14531502
14701553
14655207
96197166
14800035
14533177
14699863
14488140
14724150
14799997
14471377
14729584
14472602
14503640
14809239
14501575
14603413
14929117
14685602
14471641
14706834
14499907
14407394
14348417
14307425
96198557
14347045
14499518
14638117
14347034
14528833
14341944
14348333
14277192
14376099
14376100
14474926
14474927
14698069
14254057
14246175
14315001
14472497
96150483
14335478
14444378
14445786
14708313
14713849
14676274
14268601
14322148
96238576
14834773
14156943
14166332
14166609
14238355
14187668
14145631
15696122
96227213
14790383
14183584
14117255
14727863
14140981
14314650
96137886
13982219
14314651
14317129
14327871
14056769
14180928
14208291
14121272
14263542
14263543
14153530
14322655
14053733
13900144
13925353
14155734
13984429
13984410
14276801
96130627
13919719
13878708
13879061
14155844
14332868
13932346
13924453
13924442
13924441
14929139
14910287
96117356
14161610
13806041
14187807
14158594
13752289
13706231
96138172
13698572
14149856
13771037
13947577
13650539
14187722
14184920
14374513
14268489
13640498
13610910
13626169
13619387
13491985
13529452
13704461
13632681
13640047
13501001
13541224
13427323
13447282
13369147
13461704
13376591
13546270
13947658
13357264
13335333
13241342
13376862
14118106
13376856
13542528
13130971
13388360
13276415
13366196
13257824
13308059
13292479
13292480
13171157
13257823
13257845
13451919
13451885
13279570
13094446
13182320
15303012
13054223
13292474
13182427
12992315
96047080
13296930
14161611
13008076
14161608
12992230
12962829
12992198
13016150
12960355
13005552
96054590
12998527
12954801
13257743
96081237
13308494
13046541
13019315
13002331
13019235
13257740
12966412
13004490
12960246
13707837
14161607
12966414
13776713
12966326
13257676
12755528
12755962
12759793
13005589
12807983
12860004
12771996
14161609
12772491
12772497
12772490
13339835
12750431
14153137
12998653
12751040
12859945
13002315
13005705
12726981
12796269
12673885
12625933
12686359
14153186
12645843
13451875
96046403
12734518
13002393
12710023
12734552
12663915
12608810
12485429
12488458
13016320
12523356
13010033
15016875
12425802
12425049
12547839
96113588
12425831
12425830
13009954
12438691
40277038
12303758
14909998
14909997
14909999
12428050
40287043
12329566
40259014
12425570
12296954
12275885
12283299
12286641
12289328
12261570
13293876
12264881
12482817
12278981
12411390
12216348
12413218
12269857
12265637
12209335
12209349
12283926
12249140
12238466
12648716
12196039
12196210
12133958
12093225
12114148
12213151
12735939
12121565
12074629
12076121
12070361
12074836
12118988
12125741
12124993
12124992
12213825
12175086
12013715
12206715
12036553
11965813
12087577
12067158
12265634
12058689
12005282
12005281
11979085
12028440
12037055
12028811
11982242
12058864
11969989
11936540
11969875
11970985
11951318
12030026
11970059
11973024
12032454
11927182
11914136
12015660
12618934
12618933
11919197
11925087
11925090
11897601
11928229
11925057
11897676
11899153
11928572
11919967
11920347
11885079
11833613
11923958
11940090
11942423
11812723
11884812
11860802
12056636
11899213
11871419
11925053
11856041
11877078
11857805
11857806
11857872
11821189
11783495
40211224
11871734
11783694
11721881
11685588
12648260
11700311
11725576
11685585
11631169
11885383
11692160
11692058
11860046
11727103
11638412
11711511
11629760
11860066
11740816
12059176
11582583
11571644
11858618
11666507
11623347
11647689
12618992
12618993
11647650
13341787
12820264
11508972
11508965
11642304
11850671
12781030
12820285
11647651
12042361
12809690
12820286
11447191
11375704
12058243
11662942
11375687
14095645
13013118
12055921
14730316
12566027
11675500
11711512
12734545
12059177
12058929
12042297
12377986
12566031
12096154
11931501
12042277
11277798
11277977
11287362
11277803
11645348
11754381
11581678
11272582
11370532
12996380
12734524
13182378
11293529
11443517
12537253
12404692
12059053
12535883
11856571
13085270
11280336
12482945
12552740
11500508
12648229
11843658
11543824
11280199
11411539
11308961
11860089
11185769
13024223
11224705
11113103
11280245
11114289
12042408
11280308
11280345
12735908
12055337
10868001
11860074
11280130
10881372
10881669
12648593
11308962
13452093
15393559
12241087
11151935
10842083
13364113
11160798
10421822
11743331
11154977
10423119
10422808
10422340
11160490
12648715
10457509
13873979
10456998
11663732
13546236
11743588
10387087
10390377
12945697
14110159
11203031
12734606
14162938
12648261
10388197
10422335
10422270
10387514
14258978
10386922
10729955
10225962
11744944
12955779
10695320
10225943
10803407
10227302
10501523
10805132
11500554
10387980
10228366
10424183
10808377
13150449
10226740
10226147
12313059
12055361
10678192
10684897
10265726
10794150
10264015
10424190
10716792
10710499
10694189
10710942
10809704
90120888
10390319
10390322
10226417
10811892
10784264
10225912
10226264
10228856
10228869
10226272
10225923
14158625
10228862
10226271
10227306
10812823
10226238
11501630
10228772
80407112
10263921
10093626
10227300
10734318
10806389
10031483
11481650
10225953
10735892
10225927
10804383
13451948
10227192
10781082
10225920
14910584
10745448
15692783
10696809
10232228
10227313
13243397
96396481
15769668
15770269
15750818
15758928
15741928
15758918
15755157
15718545
15718560
15729235
15678672
15689936
15717226
15704154
15653077
15716612
15653440
15745562
15621657
15681986
15686528
15652056
15655144
15704127
15698499
15662778
15698587
15689947
15620612
15597620
15608741
15630388
15716596
15579755
15585754
15559926
15628593
15595857
15560026
15658351
15658350
15582596
15691481
15658349
15606943
15584347
15558457
15535725
15536049
15592062
15507607
15554570
15658291
15726812
15691461
15716638
96352936
96352934
96352935
15691542
15473754
15435744
15500577
15507257
15443531
15399718
15479278
15457830
15601023
15656729
15376918
15395536
15553241
96381475
15656773
15383076
15726839
15451697
15500509
15395533
15395535
15678046
15436749
15547411
15363640
15359345
15359569
96364431
15363598
15408257
15500569
15390247
15308551
15275989
15264210
15263506
15274540
15254981
15302239
15221114
15318864
15315565
15361274
15302266
15255698
15393018
15267302
96310175
15392987
15214455
15392963
15439347
15403924
15439279
15392980
15392964
15310386
15302282
15439346
15211782
96297722
96297721
15229499
96310149
15403562
15403888
15439311
15350490
15235322
15223588
15237221
15226215
15305012
15305011
15224873
15226221
15246908
15140152
15140149
15140150
15140153
15140151
15235327
15283295
15140078
15162190
15395980
15140077
15162189
15238278
15144742
15178253
15144746
15215106
15061656
15135724
15300356
15252346
15253216
15090888
15134897
15374641
15100389
15374447
15439341
15251846
15256145
15251739
15251769
15236838
15142341
15142342
15142360
15142361
15142362
15142363
15142364
15142365
15142366
15142367
15142368
15142369
15156472
15156473
15156474
15156482
15156483
15156484
15314803
15142343
15142344
15142345
15142346
15142347
15142348
15142349
15142350
15142351
15142352
15142353
15142354
15142355
15142356
15142357
15142358
15142359
15160340
15160341
15271376
15068982
15403871
15364129
15114285
15226427
15038133
15207352
96296259
15207642
15081538
15081657
15081656
15081659
15081658
15081537
15374441
15326434
15207793
15100139
15015384
15126815
15006885
15006886
15006887
15006888
15006889
15006890
15006891
15006892
15006893
15006894
15006895
15006896
15006897
15006898
15006899
15006900
15006901
15006902
15078268
15006623
15001897
15024951
15169007
15009732
15168947
15005838
15006583
15068724
15068723
15006678
15017376
15325218
15006139
15031990
15168797
15024276
15015119
15168901
14968326
15132533
15033525
14941621
15006833
15006834
15006835
15006836
15006837
15006838
15006839
15006840
15006841
15097744
15022441
15097737
15097738
15097739
15097740
15097741
15097742
15097743
15006842
15006843
15006844
15006845
15006846
15006847
15006848
15006849
15006850
15006851
15006852
15006853
15006854
15006855
15006856
15006857
15006858
15006859
15006860
15006861
15006862
15006863
15006864
96285208
14997696
15374639
14961197
15140779
15135736
15030735
15176262
15374644
15374640
15006884
15006801
15006802
15006803
15006804
15006805
15006806
15006807
15006808
15006809
15006810
15006811
15006828
15006829
15006830
15006831
15006832
15006869
15006870
15006871
15006872
15006873
15006874
15006875
15006876
15006877
15006878
15006879
15006880
15006881
15006882
15006883
15006865
15006866
15006867
15006868
15006812
15006813
15006814
15006815
15006816
15006817
15006818
15006819
15006820
15006821
15006822
15006823
15006824
15006825
15006826
15006827
14979187
15132539
15132538
15132537
15056187
15048616
15078509
15078542
15009672
15002051
15129551
96254467
96248491
15002069
15058894
15058895
14994731
15370874
14979186
14829717
14829716
15157500
15009784
15370898
15370895
14816744
14794470
14979190
15370899
15370897
15370896
14805875
14798057
14742767
14741852
14803939
15705611
14805781
14805373
14733214
14816807
14733216
14733215
96272057
14942999
15226428
14744383
14732057
14744384
14898736
14822278
14879662
14822277
14858873
14822279
96381749
14729283
14706515
14866138
14866139
14748031
14880510
14681435
14717561
14715346
14717479
14730986
14724488
14917249
14730666
14709985
14722691
14706656
14715621
14713767
14615353
14615284
14612391
14751223
14819499
14724121
14835163
14721838
14592577
14586094
14689264
14701607
15184560
14568421
14706653
14646280
14711318
14701538
14641892
14879671
14879672
14641906
14805814
14591519
14730812
14641908
14701541
14816316
14546687
14778642
14575448
14528813
14604381
14641852
14533405
96268652
14603100
14929148
14612639
14728579
14721738
14429412
14584977
14471399
14472510
14427321
14427324
14427323
14427322
14885785
14472527
14809163
14799999
14805798
14471550
14617218
14466210
14381539
14715196
14450126
14384068
14416600
14731030
14879666
14641851
14879664
14733823
14641855
14641856
14659821
14381396
14879665
14381405
14361890
14816255
14659820
14348464
14471273
15374443
14732567
14369321
14374679
14347036
14371721
14346568
14421337
14344929
14345446
14334221
14472832
14333963
14276798
15648471
14424970
14348696
14274102
14280275
14276853
14254070
14268767
14254082
14253821
14273528
14329959
14331544
14263809
14879668
14218095
14215542
14730073
14182366
14314896
14315057
14730072
14268443
14183768
14189640
14181744
14189666
14328344
14935484
14164903
14276821
14268625
14278498
14276831
14209768
14222427
14268527
14277172
14329953
14343285
14343286
14329837
14166275
14328406
14183666
14161140
14328426
14157018
14329910
14156947
14328328
14331482
14166276
14183616
14328412
14170015
14274248
14328262
14331565
14268656
14317016
14149476
14158380
14278355
14322591
14277108
14277117
14160426
14072964
14278441
96227252
14145661
96131233
14097232
14282548
14183636
14183711
14121471
14104350
14259798
14935483
14130933
96197363
14372759
14325083
14733564
14322590
14379104
14180924
14332678
14733565
14733563
14051820
14063541
14165691
14151089
14325084
14332720
14332658
14332722
14882943
14070462
14044542
14046587
14043125
14043136
14984554
13949338
14053656
14041267
14044562
14032572
14882942
14024852
14638316
14028875
13954423
14041276
14207120
14041411
14023310
14322634
14023233
14023241
13969666
14151614
14166557
14023411
13978966
13900142
13984399
96137996
96117167
14331471
13934591
14032573
15001982
14153501
13919740
13881011
13931291
13911289
15016951
13962565
14733567
13893894
96108105
96117354
13797330
13797343
13797329
14730014
14262792
14935477
13862572
13878868
13944187
13944189
13949826
13949825
13911287
14733822
13944188
13949925
13878858
15719403
96117485
96117477
96117478
13866508
14093445
14093449
96107403
13944216
13925298
13944197
13944198
13944195
14121930
14155474
13719606
13786856
13779439
13922998
13786855
13773261
13776191
14730948
13925944
13742592
13781653
14258994
13767334
13922875
13726025
14935440
96092136
13931129
13931148
14102386
13931119
13931118
13708571
13724329
13674883
13662976
13631049
13688976
96076122
13700036
13686645
13776165
13660242
13706240
13643442
13706229
13546462
13586193
13662346
13543781
13543620
13543666
13662294
14144037
13627801
13656151
13601503
13626096
13656080
13658491
13594162
13594177
13522756
13594163
13535656
13573301
13581526
13538261
13501876
13594178
13656053
13481870
13640048
13518518
13611981
13658141
96130460
14510392
14510393
14510394
14510395
13449446
13488623
13495860
13662328
13490309
13476985
13605524
13525154
13500942
13397035
13400067
13348862
13520353
13445255
13426572
13376753
13514454
13442333
14120203
13656101
13516351
13372522
13376627
13376585
96042631
13376612
13381369
13350298
13350310
13381333
13259984
13353900
13275982
13265290
13786883
13403575
13291029
13779320
13276421
13373754
13511038
13912837
13284716
13271561
13650571
13573967
13284673
13318345
13279630
13886170
13324460
13522735
13185418
13767464
13592198
13279641
13776175
13271035
13333637
13279856
13279808
13279811
13776184
13174374
13125677
13279824
13520868
13182397
13328743
13308513
13223061
13182229
13184993
13040938
13257842
13553021
96002791
13043479
13174383
13182333
13182356
13227433
13182212
13182434
13336961
15661267
13007893
13457099
12994479
96119157
14141137
12944753
13182248
12941602
12944725
12996195
12996435
14202307
13019250
13257673
15483537
12937527
13629632
12932314
13257745
12924649
13016266
96044486
13009892
13007934
13024318
12928565
13174411
96231763
96231770
12954928
12943455
12952206
12965593
13002413
13335948
14155618
12997163
13839122
12969708
12974846
13779461
13779460
12996211
12992277
14153162
14153165
12782360
12871319
13016262
12856218
12748029
12767543
12759669
12756365
12744101
13007937
12860046
13002340
13016267
12846950
13008019
15300681
14202334
12725508
13098432
12763008
12996350
12723021
13016270
12771629
12859959
12764647
12859946
12879249
12879282
12869463
12996964
12722932
12952187
13341749
12998571
13341647
12760387
13008077
12645572
12670362
12625999
12817468
12613272
12666636
12609974
13007941
12609977
12609976
12622001
12756320
12629366
14384463
12526547
12683007
12596905
12538307
13024298
12736135
12542437
12632008
12605821
12556546
13009893
12638225
13009974
12631926
12738817
12526973
12737590
12684762
12485485
12492926
12485807
12737584
12485362
12532884
12493205
12526840
13341845
12817869
12748395
12488851
12678629
12532753
12532754
12591637
12619523
12619207
12425807
12650519
12386106
12425783
12386102
12386107
12393397
12385566
12333405
12442471
13182329
12354804
12351081
12306781
12279304
96037662
12685747
13335992
12276145
12411389
12249116
12176271
12186130
12184568
12195700
12738856
12420029
12420459
12276256
12209340
12419299
12419298
12419296
12199156
12283579
12283578
12210053
12194845
12168353
12194844
12120106
12381228
12245955
12296618
12068459
12212497
12393311
12142654
12192477
12192475
12192476
12076443
12269323
12107416
12182735
12113154
12055667
12105665
12075873
12998582
12083630
13016319
12078672
12078683
12058161
12058162
11962024
11965513
11959103
12058276
12566502
11962508
11962023
11966415
11966416
11966149
11979123
12034121
11977820
12029867
11889481
11935563
11962862
96022229
11967137
11932957
11928831
11963513
11951718
12005375
12022699
12022698
11999618
11968542
11978146
11919226
11903826
11940374
11940536
11919994
13266177
11924842
11937416
11913666
11905128
12059280
11904739
11913656
11925098
11861146
12096160
11946007
11923957
11929424
11928776
11940089
11931938
96262585
11897786
11855978
11927285
11819735
11859185
11783671
11949382
11764980
11813259
11994486
11827934
11885455
11791662
11629818
11885454
11725575
11682701
11682700
11717920
11791417
11717131
11729467
11860059
11657861
11733491
11662971
13021584
11538931
11538930
11538933
11538932
11601328
11600470
11642343
11600719
15395826
12058197
11623530
11638475
11638707
11601695
11638493
11528882
11574894
11571531
11519757
11525864
11601580
11858620
11856063
15393560
11508989
11544432
90120221
13339823
12058346
11624838
12648721
12648722
11490662
12648720
11577924
11496673
12781024
11856060
11421607
11852148
11545080
11408317
11459919
11398745
12058509
12400242
11645936
11394848
11450451
11354559
11394847
11856059
11508899
11368958
12961693
14192636
11545079
11339940
14198839
11500833
11324987
11642483
12736064
11355184
11277978
12058426
11340087
11316060
11308863
11411773
11405234
11239185
11239187
12404851
11239183
11645334
11316751
12648220
12648218
12648296
12736124
12648367
12648217
12648219
11253650
11238729
12058487
11308960
11314867
11238728
11859894
11310410
11181979
11230389
13022176
11411413
11297472
12842205
11288911
11280675
11308879
11154981
11160693
11237862
11500858
13009894
11280377
11465354
11465356
11465355
11465192
11465193
11129026
11160424
11160821
11600727
11161948
11129019
11167358
11129013
11481267
11043453
11279748
11279751
11279747
10905960
11160747
12533507
11161949
11316801
11500829
11711506
10896747
11860092
11167356
12055939
12820369
10499281
12056572
10421866
10847967
12734203
11160811
15395817
10422953
11479197
10424013
10858636
10990177
11815372
10456890
10390649
11154974
10858639
10858638
10423678
11856065
12475781
11743330
10457275
10920770
11110068
40035783
10387509
10444433
10423519
12648316
13174364
13174373
10461429
12056368
10443750
10312557
10461220
11743586
15374444
10264392
10264399
12590286
15552895
10298409
10461750
12758819
11908666
11446482
10387319
10031662
11185768
10444538
10816205
10265195
10788800
10265365
10264386
10444456
10501917
10265368
11500831
10806885
10265370
10971108
10444334
10444371
10756209
10264559
10266648
10265364
10265130
10264550
80407134
10424144
11830323
12820347
10444238
10702276
10265188
10264377
10264383
10387917
10264391
10794366
10322818
80411301
10251777
11500859
10444567
10227820
10265369
10265110
10265372
10444449
10265374
10094608
90120555
10444415
10265107
10800357
10251776
10390323
10677902
11607952
10785775
10762844
10462457
10390320
10443815
10015359
10743278
10797095
12149341
10264397
10264867
90120815
10462229
10800222
10443835
10264577
10705982
14363895
10264868
12682127
10460830
12056569
40363153
40363091
13218457
10727167
10789812
10741504
10034220
10794103
10264398
10791026
12944096
10034217
10298257
10706842
13008113
13101515
10031501
10031500
10387418
10677866
10034355
10298298
10444347
13394671
10263851
10034361
10034224
10461957
10265198
80400455
10444510
13462217
10775400
10813019
14896329
10387415
10298017
10034216
12058616
10766373
10444226
10732492
10462069
10681560
14367994
14367995
12149340
10298260
13022296
10387223
10386974
10093662
10094619
10034204
10757863
10748601
10820461
40304285
10880646
10263602
10263604
10263603
10263601
11280202
13008120
10721248
10387291
13106950
10094616
40363143
10720383
10034212
10313462
10444578
10034218
11250831
10094779
10313374
10775262
10034211
10879970
10228136
10094589
10035755
10443938
11646477
10094588
40304366
10265378
10739143
10340756
10768231
12989681
11250618
10772001
11129410
10745673
14365932
10387404
10462685
10680666
10264583
10820460
10340687
13021579
10264571
10265366
10444335
10777683
10759433
10721685
10265367
10264635
10340685
10654803
10265298
12605065
12605127
11250833
10443859
10340701
15004882
10444088
10386975
13106856
11769223
11318797
10444344
10444236
13462208
10340698
11149889
10388156
11450162
13024335
12001587
13570977
12345932
11250629
11315509
10388147
10388153
10094604
10444284
11315942
10444363
10444391
10443858
12342133
10444304
11333152
12338738
10094590
10444227
11242642
10443863
10444476
13024357
10340755
10443862
14515778
10444360
10444477
10462308
12524247
40315182
10444237
10386965
11450764
10462452
11450161
10444098
11450166
10444234
11234762
10444577
11315469
10461594
10387078
10443857
10387464
10387441
15553809
14211184
10388154
10264833
15553841
10444342
12503556
14886030
10444375
13214691
11335785
13088110
10386959
13339922
11803396
10462079
11337493
11544512
10443865
10386966
13340034
10388145
80400437
10444229
10444231
10444232
10387076
10388157
10444241
13376430
13376429
15032247
15032246
13376436
15032215
15032214
15032213
10094599
12992323
96150677
15542578
15542579
12806142
12806144
12806145
12806146
12806149
12806150
12806152
12806153
12806154
12806157
12806158
12806159
12806161
15542636
12499654
13505480
13505483
12499849
12499871
12499414
12497965
13505481
96117905
13359003
96117904
11343829
12497966
11343845
12499876
12499877
13010202
13010145
13505482
13613328
13613310
12497967
12499361
15542491
90123358
13025879
12691292
15770055
15749657
15764157
15747745
15753571
15747237
15753527
15764817
15753969
15765606
15745286
15767508
15764046
15744687
15754000
15770081
15769354
15747532
15744593
15764616
15753729
15723882
15723951
15767290
15750066
15744911
15753630
15754288
15745543
15729144
15723077
15723129
15742236
15745007
15723909
15745706
15742398
15722267
15722324
15714972
15714984
15718513
15726093
15722079
15718725
15745778
15721626
15724468
15724467
15714973
15742303
15754242
15742259
15736809
15736789
15714212
15714203
15745694
15745620
15736814
15745814
15745659
15745859
15677344
15725267
15749067
96396885
15721473
15749069
15714233
15751846
15714906
15668692
15726033
15714199
15713384
15670515
15714903
15714979
15668674
15668667
15668606
15719913
15721546
15668363
15714923
15746300
15721476
15672477
15745747
15714251
15714925
15668439
15672757
15674057
15736798
15714839
15679054
15745846
15721654
15714934
15672777
15714194
15672730
15722674
15677352
15679157
15653444
15690362
15674107
15652257
15734471
15623512
15734399
15672654
15714249
15713421
15674749
15651954
15653244
15653317
15714943
15699075
15626678
15652215
15653117
15765202
15679432
15714982
15648812
15671155
15671165
15627828
15627195
15627823
15721592
15626806
15624128
15701324
15628006
15609836
15600089
15597574
15583524
15599899
15598182
15578567
15666210
15597837
15599587
15612076
96380253
96374206
15631306
15601601
15583064
15631305
15578795
15593860
15607057
15713445
15601543
15691534
15691434
15624714
15598339
15560760
15701530
15599619
15583268
15584629
15691422
15582772
15604920
15581887
15582991
15716655
15588183
15577654
15691567
15588587
15691589
15586104
15606957
15611972
15560593
15714912
15583654
15617570
15745724
15745725
15745726
15559572
15560088
15628641
15745727
15591968
15745729
15713459
15745728
15691566
15610823
15656934
15713432
96380261
15690147
15584293
15536143
15579970
15679440
15606976
15534500
15609797
15691546
15637616
15577142
15559105
15691565
15580103
15691514
15536114
15606889
15579966
15534480
15691553
96399870
15653919
15604945
15536007
15508296
15504255
15656951
15549504
15714947
15606902
15653950
15691515
15655340
15658348
15512036
15503241
15534336
15506113
15507473
15568387
15600559
15720975
15678062
15714878
15655395
15581754
15656592
15691487
15691491
15507582
15655339
15690154
15656666
15656753
15508366
15473300
15656593
15656724
15656968
15655401
15656801
15653920
15691587
15473223
15691586
15658334
15490529
15473246
15491370
15656846
15656651
96381247
15504269
15658335
15617852
15716591
15500570
15658322
15496918
15691541
15691430
15507450
15496914
15656959
15620909
15656817
15568421
15656912
15656751
15496938
15656589
15473211
15668994
15479889
15656919
15549541
15655308
15691509
15568407
15494201
15572464
96359996
96356153
15684832
15593137
15453520
15468669
15471298
15486308
96394896
15716620
15484388
15481911
15593139
15690141
15568379
15691524
15441927
15528008
15528004
15497350
15470095
15474035
15466159
15442439
15656756
15469964
15459187
15678178
15738586
15528005
15528002
15528007
15486097
15645821
15496454
15528009
15497295
15568401
15568395
96353725
15411822
15435518
15457381
15435522
15441913
15441928
15691533
15655398
15471776
15557929
15656859
15442688
15593082
15705550
96373345
15441881
15655305
15392444
15378182
15441856
15375951
15375880
15378416
15375952
15392472
15378582
15443205
15375807
15368962
15411831
15378435
15691521
15375849
15572327
15398471
15442759
15436651
15497309
15412573
15481708
15656981
15438004
15378433
15395590
15412293
15398474
15438465
15497292
15371692
15497308
15436652
15412301
15368946
15372944
15372959
15441941
15411816
15412405
15369610
15436710
15436650
96341722
15392937
15379991
15371946
15497320
15471709
15378084
15442432
15568402
15648424
15656614
15568412
15442451
15392935
15497334
15648426
15572459
15691564
15690128
15378347
15593083
15402518
96354745
15368949
15655403
15705515
15531592
15375779
15372908
15392920
96346025
96372889
15342286
15365737
15365801
15557932
15549544
15354497
15365442
15376233
15372621
15359343
15376385
15362211
15691562
15495145
15568409
15392948
15361272
15392974
96372919
15280688
15392942
15295411
15392941
15375874
15364288
15294062
15342020
15392961
15339336
15691423
15362613
15315788
15361807
15444246
15364267
96372917
15318540
15337179
15392921
15276053
15318198
15298143
15375769
15361985
15273228
15296881
15392943
15655332
15497294
15392978
15273916
15392923
15342159
15497337
15361298
15412398
15392940
15392936
15444232
15354348
15392994
96313990
15271936
15495167
15392934
15315771
15392939
15436792
15392924
15392979
15691463
15271937
15309299
15392925
96365420
15363584
15436904
15392975
96317614
15273794
15270153
15283213
15392933
15255075
15282471
15254749
15254671
15255277
15301848
15392929
15324077
15392928
15495235
15270165
15497287
15260162
15392949
15249712
15301580
15268855
15282345
15286888
15283246
15316318
15247746
15238214
15293922
15233434
15392927
15298450
15284780
15290324
15300908
15255540
15259230
15374587
15318856
15655386
15272740
15236323
15324075
15262586
15298463
15392930
15392970
15392926
15226332
15230855
15470200
15370900
15260273
15691457
15225994
96310204
96300911
96300947
15300994
15286801
96328005
15284611
15226478
15290836
15237402
15209950
15392938
15226474
15230784
15238005
15361279
15374454
15358580
15251271
15255959
15273069
15218471
15237332
15691505
15295357
15240904
15208905
15326388
15374485
15209949
96317740
96317639
96297916
96298041
15209904
15273066
15374597
15235331
15238004
15199039
15300363
15212929
15300375
15237997
15358575
15272719
96297201
15208028
15555833
15374588
15188379
15198979
15326392
15300365
15300326
15208880
15201122
15230807
15209983
15374484
15679907
15374482
15208708
15374599
15372659
15374603
15272772
15209880
15374598
15179370
15374642
15208878
15283291
15374448
15279739
96297243
15325245
15147494
15147489
15370855
15273123
15259325
15226310
15150130
15205938
15392922
15370856
15151872
15150037
15147435
15144481
15235583
15159018
15230701
15149997
15144674
15143764
15144409
15075667
15230676
15370871
15143634
15225991
15234701
15152042
15147326
15180706
15144850
15090760
15075579
15062920
15108143
15300376
15273156
15361262
15236495
15266152
15167723
15374645
15285396
15147472
15147473
15274510
15066762
15236332
15118627
15234240
96286572
15106849
15208935
15098839
15284612
15189539
96307533
15201184
15374593
15233927
15083539
15230779
15075604
15077625
15370870
15095686
15108043
15123521
96285223
15374595
15059348
15059335
15041553
15230777
15179096
15097252
96307635
15076322
96324794
15054657
15108174
96307582
15059260
15186930
15186932
15030419
15150170
15037450
15209844
15076772
15044713
15076791
15081846
15099741
15281701
15374646
15040355
15051561
15184558
15059425
15073754
15025782
15127051
15049028
15081699
15300327
15054948
15272763
15186134
15184438
15059969
15208870
15184437
15691486
15325330
15207739
15321333
15226014
15207742
15076876
15100294
15063272
15184556
15105763
15034751
15127010
15034834
15374638
15372637
15300347
15300346
15096039
15082103
15186954
15184439
15186933
15077002
15081853
15186950
15497283
96298949
15108078
15271340
15207582
15370879
15392932
15031773
15201120
96286573
15024323
15005659
15325342
15033346
15023229
15103719
15705540
15100208
15235329
96324273
14971115
96324270
15005238
96307384
15325307
15013563
15326372
15138497
15184554
15001925
15184471
15013624
15013530
15081850
15034097
15029982
15005201
96274423
15047822
96286578
15325256
15051401
15001628
15009720
14978537
15127041
14957970
15001950
15022350
96274465
15002019
15006077
15108163
15006720
15005710
14995084
14995085
14997058
96257815
15002027
96299001
15374435
15374436
15374439
15374437
15374438
15374440
15226107
15006742
15031801
15034080
15074288
15006737
15395589
96388481
14994891
15005689
96307388
96271434
96265094
14944605
15374545
15374611
15002010
14967566
14968932
14994124
15001988
14977729
14967768
15207717
14967767
15057418
14960222
15001955
15005796
15238046
14946107
15006787
96258653
96280956
15030420
15006151
15166693
14946218
15009694
14929571
14961156
14941734
14961210
14959918
14995253
15002038
15033348
14961139
14965650
96271422
14988754
14979176
14962871
14979140
14956472
15006236
14971093
14962798
15000184
14979136
14937180
14949239
96263830
96310332
15005988
14949238
14995414
14987427
14996358
14929842
14937428
14957936
14939964
14886196
15253743
15370878
14951673
14962367
15150084
15011443
14996194
14967520
14991471
96291189
15168926
15005748
96263733
96280934
96280936
96280937
14930887
15374596
15081630
14961086
14941658
14979180
14962931
15001999
15226389
14961097
14961098
96264169
14863780
96281213
15001604
14961251
15168924
15125355
14823065
14867090
15006143
15078515
14867022
15001574
14979133
96243597
15046016
15166675
14879764
14870181
14968878
15005910
14958257
15034161
14884767
14925052
14979135
14961096
14867238
14780829
15078518
14800041
14884759
14789547
14853367
14880468
14827066
14807495
15002055
14977725
14870511
14836233
14808967
14925078
14814285
14809694
14886194
14979204
14780733
14814387
14814298
14808917
14748008
15005909
14808914
14979139
14751330
14836354
14874495
14979203
14886191
14836368
14874593
14827039
14863921
14870403
96237310
14961105
96245256
14898665
14870393
14807496
14760110
14880376
14800086
14827063
15078516
14808959
14780691
14807221
14884366
14961155
14749840
14836375
15764710
14807494
96237878
96237921
96237879
96237922
14791522
14791521
14804008
14748068
14718030
14748099
15209002
14917924
14749693
14809126
14794333
14760136
15362222
14879762
14763134
96237135
14794409
14788800
14789986
14804011
14748011
14807493
14807538
15374601
14808887
15374602
15374600
14786149
14809316
14747616
14748069
14807537
14792936
14857166
14874692
14765383
14780936
14803561
14733301
14809190
14788463
96237967
14749821
14873248
14706491
14748064
14874563
96237884
14979212
96237881
96237880
96234413
96237883
96237882
14747623
96240191
96225177
14814296
14880493
14805782
14808949
14824982
14729406
14763102
14782302
96237284
14780713
14870989
14805794
14961211
14979201
14838354
15233009
14828974
96237314
96237159
14805783
14800015
14809189
14874503
14789514
15009833
15009835
15009834
14808948
14805854
14789634
96234454
14717523
96234489
14874642
14719835
15001644
14808916
14715104
15097229
15005617
14809183
14719833
15100191
96238503
96238365
14870505
14870460
14807492
14715450
14874703
14715160
14884292
14715103
14717510
14715161
96259817
96237302
14717369
14717547
14715353
14717366
14717392
14715162
14710082
14715335
14715336
14715339
14717355
14717353
14715338
96260463
14715347
14715331
14717224
14715352
14717354
14874684
14780756
14780740
14711473
14749839
14751379
14715270
14711448
14722640
14753348
14717577
96307382
14719988
14662505
96237207
14719849
14656579
14642345
14717320
14715314
14711509
14717318
14722624
14715251
14717308
14642103
15186963
14809121
14642051
14643845
14642136
14715389
14874500
14643364
96229420
14634387
14719838
14979138
14832520
14832536
14832537
14832535
14832519
14616388
14643852
14643827
15705511
14634071
14643794
14634979
14634250
14701578
96213489
14793643
14582408
14642102
14642101
14808909
14727864
14651475
14643858
14612444
14643893
14634410
14641271
14587561
14612358
14634135
14583652
14634125
14595771
14600250
14701510
14641270
14621388
14602880
14603022
14701543
14701517
14566625
14587849
14587538
14917939
14789633
14643409
14591602
14566645
14731739
14614582
14568466
14599882
14568500
14559438
14564934
14546596
14568423
14640785
96229418
14612121
14531528
14525367
14701622
14531517
14531600
14645650
14568528
14568555
14568399
14546037
14662982
14701630
14546180
14568571
14471259
14612062
14701585
14604391
14701634
14674550
14471334
14469529
14471701
14472717
14472515
14486615
14471260
14599988
14600003
14623023
14599967
14614534
14598193
14604129
14621335
14566675
14698031
14472746
14729661
96194015
96196383
14472742
96196409
14471358
14492445
14472624
14496045
14497216
14531527
14793555
14472714
14793663
14711502
14711501
96192535
14471650
14472630
96233400
14471576
14616527
14499571
14729656
14729540
14729659
14612679
14729655
14579235
14729657
14729658
14594590
14825607
14507147
14471604
14472625
14471664
14729654
96193829
14469500
14472772
14789525
14573856
14516675
14472670
14800100
14472498
14929175
96242563
14457586
14501240
14525376
14469511
14450151
14463729
14814522
14489853
14471244
14474923
14471611
14468416
14472523
14808910
14471258
14471341
14452865
14456338
14460066
14445470
96229564
14472858
14471474
14463730
14453873
14789577
14471454
14507093
14471435
14427565
14780770
14800071
96232528
14447571
14471704
14756194
14756185
14825647
14756187
14825569
14756181
14756192
14471254
14384180
14425097
14425087
14452473
14423121
14548071
14486850
14453906
14361176
14348592
14348573
14430035
14507050
14793543
14472605
14347064
14385853
14435870
14383999
14421290
14345525
14345467
14472836
14357865
96176170
14421373
14346889
14427239
14368609
14348378
14459850
14917967
14630815
14368598
14347293
14347328
14346855
14347025
14780727
14347084
14347044
14346914
14347269
14698125
14507131
14348305
14399123
14421346
14507107
14348365
14469088
14349479
14345465
14448335
14345170
14507163
14349521
14472559
14472492
14346982
14755952
14603428
14755940
14361847
14507217
14507124
14789543
14345534
14347377
14852294
14345509
14427147
14348526
14507140
14399143
14729691
96212677
14341863
14495524
14348179
14347387
14472572
14346309
14341984
14347218
14472519
14364244
14275370
96182359
14427159
14348631
14348334
14727866
14345155
14324811
14347265
14343215
14276985
14333990
14307493
14253785
14251357
14252161
14347369
14251274
14251356
14251355
14212852
14276825
14268582
14278396
14253929
14277177
14268682
14324831
14327355
14312995
14333980
14471679
14277163
14277056
14348670
14333943
14274044
14251354
14251134
14251338
14251260
14251122
14276776
14276782
14740213
14338986
14319112
14254028
14348452
14303222
14277128
96276515
14298809
14298871
14216097
14277150
14289149
14338617
14251132
14268632
15097982
14472712
14268493
14278398
14254078
96181216
14268633
14276909
14254091
14219925
14701478
14274234
14268434
14316668
14268458
14274260
14268695
14276823
14809187
14789484
14276535
14276880
14327540
14276519
14213674
14471385
14471724
14213723
14264243
14213665
14213666
14216244
14213664
14257611
14264049
14251275
14277092
14331491
14699933
14277199
14278376
14278373
14212574
14276813
14273448
14236553
14169812
14277001
14145242
14145279
14302625
14274295
14182289
14183554
14917923
15718344
14183489
14217917
14253961
96231041
14277182
14183302
14322695
14183448
14183676
14183689
14314875
14904208
15086362
14322694
14222587
14182104
14222589
14222489
14372328
14222452
96265294
14469084
14168686
14161450
14170260
14209736
14473306
14473307
14183724
96134934
14222307
14277134
14276938
14268687
96134672
96136419
96133777
14177598
14277110
14268688
14181709
14189764
96125417
14327881
14163243
14317203
14252149
14183507
14927170
14121484
14208134
14170237
14274104
14152335
14170137
14178782
14156845
14170184
14212048
14149415
14170084
14170977
14221871
14213945
14170072
14262082
14170994
14252102
14209861
14213886
15026770
14162569
14149394
14158254
14183641
14263437
14142576
14147988
14137251
14170236
14142369
14208220
14145515
14183530
14148012
14162685
14472774
14142440
14133973
14138442
14145877
14121273
14145876
14104352
14137340
14142461
14268043
14182388
14672403
14291084
14164572
14182279
14142613
96265304
14138430
14145623
14275731
14274005
14145722
14147912
14274076
14252092
14252118
14097073
14109066
14074175
14268651
14252089
14128636
14184925
14676932
14145552
96137831
14077907
14097231
14121435
14133947
14131115
14089037
14104470
96127498
96117067
96150414
14268486
14183706
14741198
14104150
14032893
14331453
14121531
14025496
96149803
14152526
96108085
96117046
14187710
14187870
14158133
15374455
14104416
14372916
14676917
14048958
14048959
14274215
13960560
13960605
14264234
14164466
14056749
14131127
14131143
14104113
14187852
14507061
14126211
14149624
14187719
14043243
14153488
14332686
14004207
14507059
13942361
14155488
14180925
13940140
14036288
14151200
14010771
14108860
14108859
14108861
14036295
14067608
14067474
14067540
14063379
14043328
14067491
14063390
14043327
14043258
14063391
14067509
14067503
14038880
14151141
14149850
14153301
14937761
14053710
96081603
14036358
14322765
14331492
14053700
14149481
14322687
14053695
14053697
14149988
14030687
14038855
14053698
14322593
14032425
14097338
13978970
14155709
13978971
13981584
14314710
14153330
14187670
13939988
13933086
14104367
14126640
14149848
13918457
14121259
14121260
13901267
13900275
13954421
13954441
13969305
13954392
13874524
13947015
13900146
13954425
13954426
13954427
13962598
13954424
14507157
13954422
14676881
14252115
14042931
13909214
14137284
14149631
13984106
13909173
14238330
13901173
96117194
96117181
96117137
96117178
96117179
14044507
13914013
13925354
13978927
14331518
14104508
14187671
13925359
13970526
14507137
13922508
13919718
14153167
13909051
14150004
14331457
13976927
15329316
96137993
14155733
14708190
14036347
14036315
15329140
14708185
14046494
14250144
14250145
14250146
14028937
14250147
14028882
13957404
14150095
14041290
13865413
13865537
13874678
13880125
13900790
14155683
13934606
13919770
14507130
14187866
15026759
13911278
14187811
14332765
96198227
13909176
14331479
96117323
14207103
14169500
13924536
13879900
14331569
13913986
13865447
13931275
14187681
13917625
96198141
14021965
13860335
14388003
14045389
14126647
14041274
14041296
14507096
13881228
14041286
13917679
14155676
13906117
14024018
96088899
96070736
96070733
96070706
96070705
96070731
96070743
96070723
15006162
14370701
14155653
14151615
14153171
14169492
14172395
13913459
14155660
14155656
14331494
96138046
14027028
96138045
14155652
14155659
14312111
96138039
13932303
14155654
14155657
14155655
14155658
96138050
13936020
96070729
13909075
13877389
13877388
13880099
13877387
13877390
13880098
13911319
14155761
14187916
14116324
13862567
13802448
14238331
14169537
96117352
14139246
14155672
14187767
96117415
14155694
14223317
14155779
13769212
14882961
13840966
13788349
13840964
14151617
13864802
13879880
13769406
13922316
13879897
13866454
14238340
14155711
13775068
13993338
96107935
14155664
13869497
96117460
13925782
96117466
14155701
14054087
14150107
13831427
14151618
13840961
13917647
96117454
13775072
13788096
13788329
14131340
13781688
96117510
14331497
14187746
14001144
14169741
13788097
14273997
14155760
14153298
13778626
13842326
14169742
13808890
14374492
13767368
14847779
13773469
13813591
14708262
14033521
14063740
13810808
96117609
96117576
96079848
96138099
14984346
13767501
13744821
96117617
13771378
13969244
13748133
14151459
14155661
13947520
13836719
14089647
13725992
13725965
96061992
13773500
13828608
13828550
96070739
13719682
13773410
13721771
13767392
13761553
13742457
14155759
14170890
13742623
13773501
14155460
14755931
14153143
13997715
14933151
13843424
14507105
14170678
13764724
13694291
13761594
13814822
13704944
13702708
13703316
96138222
13947560
13947556
13767362
13767372
13764829
13708572
15336794
14755956
96126471
96055905
13771050
14331498
13765205
14372907
13761697
13758816
13680883
96070728
13807104
96055338
14153142
14152805
14111060
96075250
14155687
14149595
15006140
96048113
13767369
13875985
13767385
96089449
13771309
14155690
13731140
13717428
13837036
96088856
13872551
13711225
13731002
13843490
14024017
13666399
13660640
13662506
13664199
13712095
14793583
14139244
13927921
13999595
14151354
13771370
96117915
13620639
13727451
13764834
96092267
13678134
13685104
13682170
13797058
14054053
13677350
13771371
13731068
13676444
13765119
13770676
13676455
13727427
14202279
14676272
13872502
13656083
13676504
13676465
13685048
13685061
13676484
13676476
13767384
13676491
13696512
14150980
96070740
13613963
13673183
13765070
14139247
13611706
13662366
13771369
13765264
14153168
13771226
13650508
14151608
14187733
13767540
13653965
14169759
13665684
13654006
14141147
13662368
13650619
96088506
13999594
13650523
13662420
14158695
14148627
14149903
13620739
13640101
13765060
13658369
13773502
13947550
13612749
13658449
13620793
13846306
14507172
13664300
14158587
13631747
13653258
13656005
13650632
13546702
13625599
14582028
13616749
13621836
13610824
13691282
13518675
96047255
13549595
13653974
13662341
13621838
13513517
13654013
13773483
13662490
13872635
96112026
13660570
13662291
96035502
13776215
13650593
13535578
13656147
14139245
13577315
13587635
13543724
13587634
13531935
13608787
13682322
13582970
13629530
13510883
13665778
13662495
13587786
13529420
13511044
13527246
13529367
13529440
13640046
13605602
13468900
13660643
13594872
13510992
13594871
13476827
13627796
13626178
13627799
13468865
13665370
13464173
13660656
13626162
14080884
13485524
13947551
13505904
13485529
13510185
13605537
13485421
13508043
13568753
13452291
13594870
13449367
14155691
13500332
13461647
13521255
13556711
13520307
13504271
13527209
14984295
13520293
96045366
96033961
13441593
13665402
13767632
13489713
13449370
13650562
13500936
13665700
13460249
13516332
13516372
13452205
13513648
13656048
13404454
13413718
13487655
14332904
13416815
13444030
13416903
14332903
13513673
13416899
13461656
96165790
13457016
13461616
13446859
13520449
13944597
13399634
13455051
13627774
13513613
13416997
13511089
13416807
13413673
13416901
13413445
13511118
13460279
14169540
13449397
13535713
13947597
13478958
13373708
13594460
13336406
13413554
13369183
13416941
13416912
13460865
13452416
13453076
13376581
13452233
13372672
13376596
13662460
13484069
14332707
13361791
13382670
14187642
13317592
13336404
13668907
13668908
13668909
96103050
13376584
13300215
13300808
13668910
13673079
13416835
13376648
13413563
13279573
13376725
13271281
13271554
13271309
13271320
13286583
13271162
13286584
13247967
13260107
13626155
13265283
13265130
13412049
13253592
13260279
13260217
13260106
13259997
13230442
13324491
13259787
13654032
13328186
13361633
13361629
13361618
13357274
13328185
13200452
13279784
13220851
13279569
13324509
14507158
13520300
13210407
13883402
13271758
13279671
13248160
13324507
13271763
13388349
13525427
13660589
96115697
13185786
13274122
13333656
13382694
13271339
13279575
14153169
13320223
13454602
13320218
14314622
13307905
13276388
14169739
13521307
13156083
13156084
13133928
13373366
13151773
13140275
13136417
13151861
14374454
13169823
13571208
13463436
13376704
13284683
13221069
13133667
13284684
13884821
13230148
13279558
13361911
13279663
13274173
13110775
13279643
13296793
13279639
13297203
13320219
13284806
13279629
13274165
13279767
13279779
13462021
13179872
13279691
13284709
13296913
13381356
13324590
13279584
13279566
13296910
96055928
14984296
13324482
13274182
13320301
13279556
13182444
96060173
13296893
14111071
13182414
13292513
13540210
15483538
13185047
14376412
96114648
13296808
13279637
13279681
13279636
13182443
13279631
13366212
13043844
13274142
13185081
13293707
13279726
13297180
13182394
13182332
13182425
14143952
14680541
13279728
13571215
13008104
12949886
13010121
13016302
13087899
14984334
12997003
13361644
14187768
12944780
12932190
13632620
14917960
14348178
13296128
12998136
12994562
13182227
13227513
13474242
12941348
13021329
13024083
13284728
13279765
12935042
12922283
13045399
13013092
13019238
13289051
13174415
13174416
13257790
12922110
13257627
12974922
12937876
12992298
13013251
12934590
12928581
12979516
13375209
13002292
13024218
12990697
12994449
13174362
12982185
13024225
12998606
12974870
14150094
13997718
13008100
12997225
12932123
96235398
13174393
13005604
13002374
12974855
12946765
12938828
13013234
12996561
12929974
13370277
12982167
12994450
12996489
12979395
13002286
12997019
12982194
13010068
12949938
13542716
12998581
13027763
13009991
13252167
12974893
13296911
12994451
13007900
12979346
12962906
96001951
12968521
12979372
13013191
13005547
96001927
12979350
12932013
12982193
12830957
12997035
12949874
12974852
13025869
12801201
12954396
13024305
12992296
13540237
12946810
12810274
12810576
12979599
12998479
12998467
12998466
12992144
12998518
13024198
12997148
12974769
12818050
12827802
12979592
12974645
12974887
12768817
12820692
12788911
12992147
12779488
12810501
12979347
12820506
12962911
13056288
12759555
12996096
13335947
12772315
13008123
12979591
12759568
14169737
12859901
12859910
12756598
13479178
14172385
12757550
12859938
12757740
12757991
12757567
12949797
12741840
13005633
13478841
12859939
12859915
14169740
12859979
13191921
14169493
14172388
96231879
12759688
14172376
12997174
12974848
12960243
12996566
12749554
13008145
12752082
40562866
12768182
12768844
12751006
12998601
12751181
12762651
12772638
12751240
12974680
12992236
12776097
12762646
12749524
12769401
12763130
12994567
13013130
12816697
12751278
12767718
12772248
12998135
12992224
96128458
13182413
12996484
12725810
13005616
12736336
12740157
12974784
12740166
14134439
12784470
12738830
12727142
12739287
12725331
13376632
12808391
12674888
12726009
12738831
12765360
12994467
12796237
12859978
12726060
12723407
12713634
12799405
12753752
12624758
12624935
12639005
12613204
12650371
12625533
12625994
12686338
12643514
12643361
12609586
12609584
12609583
12609588
12609585
12609587
12801473
12624933
13016323
12756321
12596505
12672476
40315484
13192027
12619655
12636032
12616535
12612429
12612430
12615942
12596819
12608307
12795782
12998570
12612473
12596863
12801389
12601566
12966154
12612476
12591810
12527290
12996433
12601524
12968522
12596288
12701197
12605354
12609517
12596427
12556744
12605521
12605514
12599304
12605293
12593735
12804225
12738787
12556238
12735883
12638952
12636336
12593677
12532404
12536278
12593710
12546134
12599248
12593700
12593972
12844146
12997088
12591596
12638681
12615227
12511632
12994522
12593780
12538320
12477624
12734142
12996409
12511630
12717512
12994533
12493571
12627351
12636358
12437616
12457568
12437615
12522886
12424227
12736014
13013243
12440195
12523068
12656199
13013241
12493821
12469510
13019290
14155682
12425772
12432829
12477592
13009978
12487780
12461473
12488696
12424167
12384368
12407333
96085963
12547871
12396909
12466180
13181999
12474287
12452721
12992332
13289179
12425832
12377688
12997120
12457598
12466167
12390588
12466181
13223007
12735966
12425270
12547929
12333390
13142686
12436677
12547928
12547785
12351068
12385565
12333414
12333372
12399968
12408751
12709942
12415005
12385710
12348075
12350727
12350759
12350791
12380123
12354994
13013242
12372073
12381669
12381673
12381672
12381675
12333385
12333379
12381668
12381670
12381674
12381671
12381667
12381666
12400262
40259013
12455808
12267866
96085992
12292465
12394035
12276100
12413219
12428648
12263965
12263966
12234018
12275906
12276142
12275897
12267783
12400266
13462022
12416757
12550258
12274205
12186427
12199770
12198897
12162170
12393261
12194070
12171498
12550263
12419307
12400166
15101347
12206392
12394665
12191921
12164319
12099654
12233020
12210119
12254430
12550257
12550262
12550255
12196406
12181706
13065198
12254431
12268183
12648257
12178527
12419303
12455437
12246324
12148522
12112364
12186279
12181683
12142894
12142752
12113664
12144429
12164203
12165415
12164199
12185601
12164173
12180634
12142747
12142751
12165431
12148368
12165427
12142799
12142798
12165433
12165423
12142853
12142854
12148374
12165418
12165429
12148556
12164201
12164202
96085954
12144449
12142754
12164509
12221819
12214632
12136002
12478235
12116477
12137629
12199768
40281106
12095603
12550256
12254423
12994547
12124569
12148596
12738867
12424308
12254424
13002434
12116478
13009959
12094893
12066294
12098229
12074106
12470345
12115555
12110753
12470347
12099418
12082503
12508353
12128863
12206391
14169541
12062088
12457466
12139502
12212717
12735941
12081127
12093502
12113774
12091926
12074927
12212502
12118986
12068458
12208941
12068464
12118915
12095637
12094775
12539558
12808046
13002214
12122375
12076229
12076379
12076110
12107776
12118984
12007623
12808045
13008138
13016201
13771058
12214552
12098117
12068757
12076112
12122378
11999452
12115965
12067469
12118983
12127043
12212912
12115553
12212487
12144408
12296526
12095624
12061852
12118815
12091815
12324493
12214047
12214548
12068017
12099785
12068020
12068019
12118818
12118817
12092349
12118816
12118981
12068018
12068021
12115560
12122163
12098127
12121967
12084699
12021962
12014711
12736013
12005551
12192003
12084118
12140534
40262396
12013411
12013721
12005663
12400241
12013357
12324498
12029207
11937900
11940856
12058356
12028316
12029202
12087730
12004928
11939678
11939836
11940034
11940038
11940032
11939837
11940033
12062665
11961878
12058085
11978184
11979452
12800684
11951568
11979445
11885155
13024221
11970987
40551422
40551603
40551514
11968619
11970673
11951810
11960729
14148558
12087834
11925962
96084309
11927664
12648689
96084307
11927071
11898945
11979212
11927371
11927307
11929107
11968311
11979446
12015655
12015663
11932646
11913768
11927370
11975440
11929189
11927515
11898962
11854813
11930303
11919801
11927079
11927292
11934478
11925711
11915334
11926964
11928838
11858164
11906731
11922303
11906730
11925265
11925264
11925271
11905192
11922677
11858068
11924473
11896504
11896438
11896439
11969019
11857029
11923416
11944287
11944291
11940025
11927354
11896273
11923154
12223205
12056367
11863311
11975044
11863424
11917864
11931814
11842807
11842861
12096487
11925253
11937514
11863015
11862043
11935816
11885216
11820663
11808708
11842871
11856029
11811518
11898864
11808079
11856009
11818244
11842838
11842837
11928125
11876246
96152950
11818286
11842937
11842746
11928802
11843732
11945389
11843722
11856566
11820427
11838734
11820939
11854841
11821310
11842745
11838690
11823034
11820927
11765790
11897101
11842744
11899062
11843638
11818245
11925070
11923176
11786255
11819672
11876820
11815385
11897619
11818375
11767558
11821935
11821933
11783496
11815282
11765285
11821926
11764866
11821929
11821931
11765329
11821934
12056049
11767522
11764799
11943232
11766124
11767397
11767076
11766505
11700249
11729802
11871788
11857886
11741137
11857865
11859370
11692257
11700579
11701019
11623437
11724117
11700511
11741329
11727102
11727333
11871700
11822882
11650124
11686551
11692451
11692244
12619057
11764915
11858565
15393532
11860018
11815233
11789938
11716779
11716832
11669449
12648700
11856066
11618532
11624991
11619021
11650054
11632816
11632815
11632818
11629787
11629789
11632819
11632811
11632809
11632812
11650058
11632813
11638396
11978177
11669472
11696717
11696176
11665225
11567759
11567766
11696776
11560507
11686526
11624850
11692481
11713159
11532408
11642586
11664999
11567792
11827921
11532395
11567768
12736025
11856567
11567784
11597892
11605491
11567788
11567783
11676006
11647595
11856564
11796567
11520759
11856657
11632967
12131018
11493725
11666988
11544453
12752885
11493706
11821923
11544437
12393398
11534252
11576565
11576573
11576557
11665517
11493716
11638199
11666146
11663907
11850705
11493709
11490617
12618995
12618981
12618982
12618983
12618984
12618994
12618980
12055353
11544427
11493717
11490661
12058898
11856545
11508935
11461972
12056606
11461973
11508895
11461971
11508982
11567760
11648753
12014437
11490654
11452910
11454609
11454607
11454612
11454606
12781041
11533008
11544836
11567770
11666710
11431347
11605443
11503369
11458667
11431348
11647550
11856584
11459892
11856004
11856005
11856078
12820243
11856653
12058588
11856585
11461560
11532997
11856054
11545077
11545081
12058507
11615014
11398243
11417383
11450430
11718051
11567769
11813438
12997128
11856033
11856583
11368986
11443360
11417388
11355277
11355279
11355276
11355275
12117614
12535880
11690458
11690279
11544279
11544841
12058440
12649351
12649352
12649324
11856057
12566664
12649321
12649323
12566663
12649320
12649299
12649298
12649322
11656225
12565053
11313975
11543598
11543948
11324978
11298229
11474057
11298205
12058524
11856010
11298230
11289050
11289057
11289377
11289376
12735882
11355219
11860093
15395799
12056393
11375701
11355220
12668826
11275983
11313976
11306373
11645292
11289054
11339909
11289051
11289053
11289375
12056471
11282992
12059214
11543570
12056495
11289159
11289166
11289167
11289364
11277806
11340097
11343134
11267594
11343344
11267599
11317994
11298231
12058317
11289158
11289161
11289162
11276204
11272581
11413605
11341132
12058874
11645306
11298203
13459795
11316149
11543668
11363669
12226902
11314823
11340091
11316782
12508377
12536082
11856599
11343287
11500801
12058101
12056625
11815263
11316763
11225727
11280376
12042350
11359795
11830333
11645384
12566498
12535878
12533461
11224927
11210863
11217112
12535881
12058198
12648581
11214832
11316806
11364599
11443523
11316804
11279698
11280110
11544838
11217113
11316072
12006912
11645244
11859360
11316254
11413582
40547467
12055647
11280346
12566497
12223303
12204184
11156586
11156507
11543571
11279595
11279565
11279770
11279652
11100544
11272574
11279680
11280280
11279739
11087396
11100543
11413668
11279592
11544833
12656391
11316143
11101128
11279678
11279767
12656392
11645383
12055955
11280186
11280232
12056464
11280154
11280258
11316765
11279712
12648233
12056494
12056496
11160397
11279655
11280236
11279733
11280123
12055977
12896812
11280174
11279629
11201995
11830249
11280140
11645372
11279704
11262524
11280139
11279630
11279607
11280241
11279703
11279729
12994415
11154929
11856598
11279664
11160817
11261061
11155251
11261062
11645460
11316779
11030331
11279735
11279685
11030596
11316080
11359822
11155208
14169494
11280141
11280379
11645399
11359821
10949983
11022120
11160633
11160721
11154945
11032511
11280138
11280142
11280144
11170387
11280129
11280145
11650116
12058441
11500808
11024079
12565011
11160581
12055329
11024078
11154996
11280306
11744701
11744702
12056645
10945974
11160829
11160601
11279707
11557486
12058956
10905959
12705143
12058349
11170393
11316073
11160396
12056181
11160481
11155212
11154924
11167406
12648238
11160677
10842147
10884848
11160500
11160578
14886201
10864443
11160553
11170388
11160762
11316144
10855185
11931612
10842939
10822490
11160726
11160507
11160779
11160505
10855153
10660757
10842179
11856658
80403678
10856268
10896350
11155023
12648239
14363885
12055382
11500803
10844019
10856278
11160724
10855280
11160591
10844211
10843859
11160418
10864447
10842067
10863632
10423508
10423613
11160498
10421979
10422937
12056274
11155253
10872550
10417621
10842177
11110417
10422315
11110593
11109828
10423261
10423364
10423095
10423398
10422899
10423069
10423305
10821046
11154979
10423858
12649046
11154986
11155210
10422021
10422087
11154988
10421885
10421887
11160842
10861318
10862737
11160554
10861319
10861317
11170394
10390631
12056020
10390657
10508930
10422812
10422811
11236356
10424124
10863226
12059224
10390601
11160733
10423627
10423155
10423190
15004675
10864444
11841047
11500804
10456594
10456688
12875462
10506333
10842070
12056268
10863633
10861309
10501531
14169585
10862511
10265913
10456777
10422483
11042315
10424184
11155039
11160510
10421930
11743584
10387545
11160460
12059033
10423322
10423414
10456841
12058501
10918039
14368309
10421847
10421976
10297457
10297460
10388194
11155031
10863829
13022310
13676844
13449421
10528706
10387627
10387105
11160542
13484204
10390365
10297669
11451038
10264894
10915331
10265851
10423453
10265242
11991145
10387930
10387300
10537916
10462109
10525374
11160452
11743590
10297467
10422305
12056437
10864448
10423214
10387703
10533205
10531544
10539432
10390540
10527755
13039306
10533313
10501078
10537937
10298056
10387888
10387206
10533273
10423187
10423896
11543670
10525005
10540390
10528326
11155252
10538231
11767214
10539235
10539328
10525198
12056074
11856031
10387782
10533066
10387395
10533796
10265415
10494672
11500780
14169501
12055973
10540844
11185685
10387414
11856032
10386898
10539696
10265381
11645250
13891561
10506292
10264881
10530377
10534397
13461999
10387084
10529524
10265545
10530503
10388206
10524939
10501532
10531454
10531525
10525446
10526567
11135777
10541534
10421912
10227527
11908393
10700199
10535346
11170390
10265548
10228341
10533118
10228344
10444123
10537761
10387626
12058083
10505468
10228020
10265148
10528825
10228347
10783610
13662884
10708497
10664776
10421509
12059030
10699020
10227525
10461701
10297663
10228692
10227560
12548288
10228735
10536251
10228619
10525930
10228023
10423525
10443819
10228025
11280271
10769902
10225537
10228345
10778028
10530119
10813364
12630598
10534919
10059690
90119509
10228160
10462039
10460190
10228161
10059685
10422725
10508912
10732567
11500802
10226201
10693203
13484169
10226693
10750943
12758475
10059696
10532218
10540757
10528074
10717290
10753960
10797211
12482915
10390642
14714811
10535032
10524725
10778068
10265150
10715413
12648196
10527006
12310022
10525213
10297673
10390643
10265535
12058230
10688121
10059164
10710986
10422504
11856600
10747741
10390407
10532639
10226073
10457310
10228624
10456927
10541105
10456954
10696740
10388106
10388109
10388110
10266510
10388111
10388108
10388107
10300501
10526712
10533078
10707613
10799774
10226914
10264891
10297665
10529572
10456840
10228699
10059700
10228238
10226916
10689138
10533626
10387523
10297472
10760914
10297473
13002318
10265790
10709413
10265772
10736021
10227920
10978382
10031527
10803546
10265848
12059226
10697849
10728901
10685228
10699257
10265780
10713802
10264878
10745652
12058594
10297842
10265513
10785539
10264890
10775183
10794810
10806219
10685312
10807998
10688830
10746359
10726089
10706685
10688624
10808561
12055733
10708447
10265396
10814752
10725134
10265564
10228095
10265760
10264895
10532146
10387521
10265526
10387520
10750882
11175358
10801180
10228101
10228196
10300494
10228002
10228351
10265149
10809625
10227969
10227987
10789358
10784576
10681385
10808580
10793781
10033725
10265771
10682699
11500798
10228030
10228079
80406841
10300413
10059197
10031535
10265846
10226361
10227836
10227962
10811817
10697059
10227961
10423486
10766367
10443945
10227957
10228174
10741628
10228176
10031528
10809188
10228193
10715345
10228190
10228173
10755048
10264893
10265650
10745115
10227967
10228187
10225814
13891560
10731103
11645313
10227281
10539950
10790337
10059681
10228181
10059692
10059699
14140872
10813032
10264882
10227304
10059555
10228314
10265769
10265377
10032771
10525591
10785488
10032781
10031530
10681125
10228395
10227134
13462044
10228021
10227301
10783218
10803114
10792329
10697064
10803832
10227979
10794733
10539546
10228018
10228010
10227495
12996509
10718721
10226998
10228098
10265379
10228166
10227043
10228354
10538458
10224970
15637628
11170384
10791154
10031525
10031522
10228420
10265144
10718198
10386912
10228096
14363888
10228015
10225531
10093881
10059689
11500823
10538997
10228278
10059662
10227267
10541454
10809505
10227046
10059556
10228017
10227802
10225420
10228158
10527187
10228633
11545161
13484203
10297666
10684640
10692772
10265243
10680513
10228188
10227827
10264346
10228356
10265954
10228373
10094672
10228009
10228088
10227810
10227984
10529719
10227264
10528142
14141148
10690320
10227374
10749576
10228565
10699126
10265862
10227376
10228361
10228263
10297668
10227280
10697432
11646158
10227372
10031531
10031533
10225512
10779972
10225895
10527537
10527847
10228561
10692838
10227807
10226468
10227786
10227496
10263850
10227506
10263864
10228414
10532229
10228547
10228276
10764361
10227851
10093748
10690653
10265546
10225732
10228385
10265783
10813465
14363897
10806241
12944102
10227282
11259588
10798947
10228243
11646936
11646933
11646939
11646943
13218321
10227986
13542661
12875456
11047574
11047571
10059698
10387613
10698161
10228024
10228316
10059063
10265849
11500790
10730765
10297471
11155255
10228622
10228167
10059647
10525571
10031521
10265637
10388034
10388042
10225548
10225186
11196458
10228407
10228505
10228255
10444105
11170382
10094452
10264832
10228324
10226497
10228171
10228182
10228184
10227999
10812828
10880335
10228562
10227973
10880336
11167405
10227809
10059801
10225289
10227993
10226290
10059373
12944109
10094506
11500788
10265714
10227493
10794942
10297653
10227266
10533496
12161573
10058282
10228409
11500789
10228178
10228402
14366010
10227803
10265770
10227825
12527722
11514683
10225644
10227985
10227263
10227784
10265649
10228363
10228386
10387187
10228170
10537903
10227794
10225671
15543688
15032325
15032098
13614995
13614996
13383517
15543309
15543310
13381117
13381120
15543308
13381118
13381119
15543307
12661356
12153021
13381265
13376392
13376391
13381260
13381264
12986740
12986741
12986742
12986743
12318122
13381259
13381261
13376393
13376394
13381262
13381263
13381258
12100448
12100447
12100446
12131017
12150992
12129438
12150991
15032375
13634218
13634219
12150989
12150990
12986923
12986924
12986925
12986926
12986927
12986928
12986929
12986930
12986931
12986932
12131010
12986905
12986948
12986949
12986950
12986951
12130991
12130992
12130993
12130994
12130995
12151005
12151008
12151007
12151006
13347949
13339888
13366871
13347957
13383445
13383447
13383448
13383446
13347999
11242938
11320272
13359027
13359028
12986897
12986898
10227283
12169896
10387062
12656149
13752861
13571284
12151972
13214582
11251374
13571258
13574379
13574412
13281437
12154177
10227790
12509581
10529143
11793607
12548396
10228213
13465097
13466760
12057092
11788204
10387070
13025860
12986957
12986958
13510402
15553835
10227531
10227842
11234861
12548395
10228252
10387445
10227521
10227577
12503633
10227799
10225062
10340716
10228542
10228246
12605274
10537287
10538174
12345931
10227566
11242537
10227579
10228262
10387452
10387435
10228391
10227574
12548411
10527830
12057103
10228245
10227843
10227569
10227572
10227524
10228603
10228271
10228392
10228016
11450698
11450699
11318740
10227503
11744733
10710114
10228269
10227800
10227519
10227501
10227971
10228007
11320440
10227847
11782175
10461056
11769312
10228219
10228617
10226258
12338633
10227970
10224939
10227848
11040023
11234859
10228559
10228545
10228006
10227996
10227849
10227408
11040015
11040004
14200777
10227838
12057035
11040029
11189029
11245705
10228607
11188745
14211107
13025893
11782208
13025895
14515779
12500326
10227575
10227293
10059110
10225305
14188799
10227406
10228539
10228558
10387079
11250699
10228004
10228388
11188744
10228546
11188988
10387001
14897865
10227520
10227846
12503560
10228247
10227515
10297662
11315506
10387073
11188751
10228348
10535361
10227992
11040012
10227963
14649622
10228543
10228390
10534116
10227857
10228172
10228610
12057068
11768603
10887770
10228249
10227296
13024327
10228611
11040013
10387065
15553696
11188746
13508403
13066370
10227565
10228005
10227289
10227405
10227568
11253819
11234803
11318744
10227286
10227997
10227571
11203845
10227845
14911758
10228612
80407025
10228606
10256579
11188930
10228605
10227980
10778877
12057062
10227294
10227516
13571092
10228203
10227840
12548291
10228349
10228244
12566033
12986396
10228209
10228604
10227966
13308208
10528652
10228540
13055385
10228215
15004923
13066296
11040017
10227584
11231721
10828216
10227290
10265778
10353479
10227573
11500787
10863298
10227610
15004640
11175438
10808498
11188702
10059559
10227518
10771041
10059686
10228383
10227991
11040010
10228323
10792648
14211165
10228694
10387108
10227990
10528372
10094651
80407146
11646174
10265419
10227791
10059575
11646161
10753863
10227988
10228410
10737376
10225095
10227514
10227499
10794169
10228279
10228632
10340719
10708611
10227982
10529983
10227505
10227805
10227034
10228169
10094853
10228198
10228242
12986845
12986846
12986847
12986848
12986849
12986850
12986851
12986852
12986853
12986854
10387678
10227270
10386742
10227806
11025250
14650813
10388004
10227529
10228013
11025249
11256643
10387123
11646155
11646154
10228413
11646176
10227507
10265835
11646168
10702390
13024279
10387654
12313624
10227812
10228260
12944132
10227808
10094650
10228319
10228634
10059697
10780015
10780629
14879761
10774176
10094857
10094649
10227785
10538795
10387682
10297675
10228400
10264884
10263323
10265759
10265916
10297632
10094856
10387641
10094864
10227804
10228197
10228266
10387669
11175430
10297844
10228241
10265680
12151837
10531993
10702415
10227974
10387665
10531788
11200206
10387684
10265394
10265642
10228092
10228078
10297823
10228179
10387645
10387663
10228265
11046427
11046484
10297795
10504466
10805983
15483471
10227494
10227586
10782051
10443909
10160979
10387758
10094648
10387661
10388002
10094919
10094646
10228097
10816976
13057661
10228399
10228403
11250563
10228635
10227373
11245764
11180825
11500807
10227271
10228382
10730707
10297832
10265643
10225452
10263544
11646189
10228239
11501660
10748414
11501658
11501659
10228616
10387670
10094860
10443657
10228080
10527019
10228548
11517821
10264889
10227498
10228216
10228630
10538889
10228387
10225170
13308137
10225770
10228623
10094861
10228563
12482990
10387350
10228144
12055149
12055161
12055176
12055150
12055158
12055154
10228640
12055148
10228626
10228625
10228240
12055156
12055155
12055157
12055151
12055153
12055159
12055170
12055152
10805270
10387662
10228211
10094657
10387161
12944097
10807125
10226814
12055173
11501661
10297672
11500781
12875553
10880260
40304395
11189238
10228014
13271917
10228084
11131805
10225108
10228253
10265897
10228194
10227608
10228564
10227801
10533839
10228621
10228318
10227508
10757871
10228620
10225539
10387558
10264350
10880401
10228192
11563232
40304389
11245683
10228631
12161547
12161548
11185723
10740011
10880394
10228210
10387265
10228360
10387963
10228214
10225900
10228205
10264885
10228280
10387184
13055425
10227272
10796688
13218322
10228189
10527573
12151000
12150999
12151001
10387722
12151003
12151002
12151004
13462005
10494851
11131744
10297889
10226145
10444261
10387479
10226336
10228638
10228208
10094639
11170383
10263866
10227305
10263869
10228641
10228259
10225333
10494858
11245721
10228277
10227500
12566267
10228185
10225347
10796508
10031536
10762803
12966396
10387527
10789042
10031537
13015151
10790798
10807575
10297670
10265138
10265915
10265756
12454828
10422898
10761023
10733020
15765697
15767205
15754528
15754529
15753711
15753939
15750874
15733848
15703081
15745815
15723791
15742249
15725579
15734080
15734076
15674109
15674444
15686896
15734079
15654827
96386978
15742171
15742170
15742173
96381923
15724216
15674391
15714244
15745759
15742169
15734078
15745758
15742168
15734082
15734077
15627545
15583495
15742172
15734085
15734081
15713592
15713594
15713596
15713593
15713595
15578729
15597832
15600042
15691548
15691560
15582676
15700976
15594523
15670410
15563709
15690115
15563994
15563995
15535816
15658377
15593610
15593612
15593611
96386246
96386245
15506418
15503135
15690110
15506419
15596555
15596556
15691425
15545231
15658290
15507282
15507285
15507283
15507284
15475973
15762018
15496483
15456035
15471113
15413500
15457362
15497357
15520946
15497356
15436407
15690114
15678222
15438054
15438051
15456374
15378424
15626313
15626315
15626316
15626314
15393050
15376036
15378103
15639028
96365052
96365051
15495152
15372919
15507280
15690125
15690126
15690124
15690123
15600955
15372886
96365035
15690134
96365041
15393053
15393054
15495256
15690132
15336293
15690133
15351146
15361332
15337389
15336705
15393055
15413166
15393044
15306364
15306363
15393049
15306362
15306361
15306366
15306365
15351147
15372858
15497277
15290167
15283408
15337541
15348694
15318859
15324336
15393039
15323890
15327536
15393226
15393227
15393228
15393229
15393230
15393231
15393232
15393233
15393234
15393235
15497326
15336840
15393040
15336849
15495139
15277643
15497322
15497321
15298404
15302692
15298446
15361283
15349453
15393153
15336850
15300893
15336846
15280191
15300955
15393154
15325925
15300879
15324107
15295396
15263531
15323881
15300907
15374795
15361335
15300377
15374796
15374797
15374798
15393048
15304379
15393208
15393209
15393206
15393207
15393225
15304381
15304380
15393212
15393203
15393215
15393219
15393224
15374800
15235571
15235570
15235574
15245132
15235572
15336723
15209125
15393194
15393195
15307104
15495177
15363158
15358586
15374812
15374836
15225990
15374809
15374849
15325325
15326396
15325319
15227720
15325227
15374808
15325321
15374807
15374806
15325235
15234178
15209901
15336707
15326408
15284579
15135754
15133818
15272714
15154003
15336781
96291235
15146985
15207741
15077304
15325276
15336750
15336751
15295981
15295982
15336753
15336752
15201182
15238223
15272768
15057624
15374827
15097992
15098464
15073614
15073613
15098004
15271328
15081904
15235335
15031682
15208983
15209985
15235337
15235336
15076887
15081514
15235334
15207776
15253724
15081953
15073770
15001886
15001691
15271327
15379647
15379638
15379639
15379640
15379641
15379642
15379643
15379644
15379645
15379646
15642911
15027067
15001835
14984999
15005638
15013536
15105896
15005686
15005313
15251823
96298981
96298980
15166742
15166733
15166734
15166732
15166744
15166739
15166740
15166741
15166743
15166722
15005964
15002018
15018820
15009686
15184603
96265083
14938289
14938290
14944720
14962856
14961033
14979182
15379658
15379659
15379660
15379661
15379662
15379663
15379664
15379665
15379666
15379667
15379668
15379669
14943378
15166691
14986523
14961157
15080404
15080405
15080406
15080407
14961201
15018818
14867050
14979232
15141506
96324555
96280950
96280951
96280948
14961108
15001602
14967410
14961087
15379655
14961249
14953243
15374846
14874621
14884360
14800039
14882832
14882829
14882830
14882831
14979229
14801014
14805831
14930576
14809088
14809087
96373370
14863887
14870065
14870105
14870066
14870187
14870106
14870186
14870086
14870085
14808885
14800054
15166727
15166729
15166728
15166731
15166730
14870421
96326937
14884419
15166725
15166718
15166720
15166721
15166719
15166726
15166737
15166723
15166713
15335320
15166735
15166738
15166715
15166724
15166717
15166714
15166736
14780933
14747613
14783780
14783781
14793219
14808927
14808928
14808929
14791082
14792962
14791097
14790810
14866798
14866797
14867051
14805780
14866938
14866800
14866814
14866815
14866816
14866817
14866819
14866799
14866818
14866802
14866804
14866801
14866803
14711128
14805805
14730346
14711339
14717484
14874487
15086354
14717319
14721743
14721744
14721746
14721747
14721739
14721740
14721741
14721742
14715313
14717316
14721752
14721753
14721754
14721755
14721756
14721757
14721758
14721759
14715288
14721748
14721749
14721745
14721751
14721750
14721568
14724231
14724232
14615187
14646555
14646557
14646556
14635148
14699810
14653393
14699866
14600881
14662498
14662499
14662500
14587572
14644024
14586044
14624662
14699834
14708323
14603355
14724263
14542757
14713537
14713538
14713539
14713540
14713541
14568431
14699911
14557453
14699847
14699836
14566652
14551055
14726023
14546101
14559701
14612068
14612059
14793635
14726024
14533385
14548143
14651969
14811997
15483569
15483568
15483570
15483479
14979216
96230688
96227860
14725876
14525347
14472758
14420148
14472612
14507112
14456369
14472621
96236613
14452875
14756188
14756189
14756184
14472826
14348319
14393108
96213204
14450122
14499914
14346932
14507108
14374494
14808985
14359151
14346876
14917955
14347207
14516476
14473275
14473276
14473278
14473277
14917933
14374689
14374690
14374691
14374692
14348481
14731814
14374675
14374677
14374680
14374681
14374683
14374684
14374685
14345459
14731809
14731817
14731807
14731806
14731812
14347270
14346882
14347013
14430097
14348697
14376404
14348669
14341908
14348666
14376405
14348675
14348668
14348691
14348665
14348660
14348699
14348712
14347061
14347057
14389279
14345372
14251152
14276941
14348940
14348942
14348943
14348918
14348922
14348920
14348919
14348937
14348921
14276820
14268669
14473285
14473284
14755962
14251128
14347162
14507120
14276500
14262024
14262017
14251131
14274029
14274039
14719097
14473309
14473310
14473311
14473312
14473313
14473314
14473315
14473316
14473317
14473318
14348062
14348021
14251612
14255476
14263998
14264286
14215578
14236568
14177594
14163459
14158256
14183552
14471317
14471318
14471327
14471328
14274114
14138418
14274115
14274103
14166613
14166610
14166611
14166614
14166615
14278935
14278933
14278934
14278936
14170085
14166608
14278354
14316841
14314365
14316851
14314366
14316831
14316861
14170095
14170246
14317142
14137263
14137240
14143196
14137255
14152315
14724240
14264428
14165727
14165726
14263999
14165728
14183854
14184027
14184020
14184012
14184008
14183943
14183852
14183938
14184132
14184188
14183972
14184120
14184103
14183932
14184099
14184180
14184048
14184204
14184110
14184114
14184239
14184100
14183900
14183894
14183904
14183975
14184080
14184167
14184054
14183922
14184142
14183908
14184002
14184004
14183860
14184023
14183931
14184026
14184067
14184148
14184028
14184139
14183897
14184077
14184018
14183960
14184219
14183984
14183958
14184202
14184138
14184126
14183998
14183877
14184169
14184162
14183858
14183928
14183851
14183939
14183985
14184043
14184181
14184143
14184159
14184040
14184078
14184137
14183986
14184199
14183911
14184184
14183863
14183878
14184179
14183935
14184071
14183949
14184225
14184128
14184178
14184121
14183921
14184146
14184223
14184084
14184063
14184052
14184209
14184163
14183895
14184194
14184041
14183906
14183940
14184010
14183929
14184056
14184191
14184108
14183884
14183994
14184022
14184236
14184211
14183901
14183869
14184082
14183872
14183961
14184130
14183933
14184068
14183979
14183853
14183918
14184074
14183962
14183968
14183969
14184175
14184237
14183868
14184244
14184038
14183885
14183890
14183936
14183965
14184186
14184235
14183957
14184195
14184242
14183966
14184171
14184129
14184093
14183948
14183989
14183888
14183882
14184192
14183973
14184076
14183905
14183956
14184153
14184046
14184096
14184152
14183920
14183970
14184160
14184221
14184092
14184113
14183976
14183946
14184190
14183944
14183963
14184172
14183980
14184001
14184007
14184029
14184000
14183866
14184017
14184051
14184101
14183857
14184095
14184105
14184089
14184217
14183893
14183999
14184240
14184206
14184227
14183953
14183997
14184102
14184222
14184189
14184203
14184243
14184064
14183925
14184005
14184014
14184003
14184168
14184164
14184145
14184109
14184083
14184141
14183924
14183987
14184098
14184156
14183996
14183942
14184238
14183848
14184161
14183903
14183982
14183990
14184212
14183915
14183926
14183912
14184024
14184016
14183941
14183850
14184030
14183981
14183992
14184079
14184224
14184060
14183865
14183861
14184011
14184241
14184147
14183950
14184037
14183914
14184072
14184210
14183891
14183955
14183896
14183856
14184182
14184053
14183864
14184021
14184031
14183937
14184104
14184107
14183883
14184062
14184049
14183846
14184019
14183898
14183995
14184177
14184151
14184185
14183952
14184119
14184150
14184091
14184081
14183875
14183916
14184075
14184066
14184208
14183845
14184006
14183927
14183947
14184025
14184039
14184073
14184086
14184176
14183977
14183978
14184207
14184045
14184070
14184090
14184097
14184197
14184088
14183951
14184133
14184106
14184057
14183991
14184170
14184183
14184123
14184111
14184220
14184112
14183876
14184174
14183902
14184140
14184047
14183886
14184205
14183849
14183988
14184218
14184122
14183959
14183874
14183910
14183964
14183967
14183899
14183873
14183871
14184154
14183993
14184131
14184036
14183892
14184226
14183954
14183974
14184213
14184015
14184087
14183934
14184094
14183855
14184173
14183923
14183859
14184034
14183880
14184085
14184136
14184042
14184196
14184187
14184065
14184157
14184216
14184214
14183919
14184069
14184155
14183870
14184058
14183879
14183881
14184059
14183930
14184144
14183983
14184118
14184044
14184165
14184201
14184050
14184127
14184200
14184061
14184125
14184134
14184013
14184193
14183909
14184166
14184055
14184158
14184135
14184149
14183907
14184035
14183917
14184115
14184215
14184116
14183913
14183847
14183971
14184033
14183945
14183862
14184032
14184117
14183867
14184198
14183889
14184009
14184124
15773039
15769072
15769073
15769071
15773038
15773040
15769074
15773037
14094022
14121278
14278943
14278944
14278945
14096412
14276508
96137867
14121251
14149709
14104156
14104168
14104480
14121193
14017304
14063524
14137345
14154621
14277179
14166483
14152938
14155758
14151205
14333387
14333389
14333390
14333391
14333392
14333393
14333394
14333403
14333404
14333395
14333396
14333397
14333398
14333399
14333401
14333380
14333381
14333382
14333384
14333385
14333386
14333422
14333411
14333412
14333413
14333405
14333406
14333407
14333408
14333409
14333410
14333418
14333419
14333420
14333421
14333423
14333424
14333425
14333426
14333427
14333414
14333415
14333416
14333417
14333388
14333402
14333400
14333383
14274070
14084594
14510399
14317000
14507119
13954391
13941900
13954438
13941910
13941909
13949654
13949647
13949645
13954442
13941898
14161669
14161671
14149574
14153392
14149538
14051800
14051801
14051802
14327675
13941922
13941952
13949655
13949646
14161679
14893974
14161673
14161672
14161680
14161670
14184999
13922515
14151267
14152212
14053650
13949639
13949640
14708188
13984426
13981838
14053680
14024926
14053671
14053672
14053822
13984427
14053807
14507110
14053636
14053637
14053638
14053651
14053669
14053670
14507098
14708187
13984398
14187782
13919645
13896667
96117262
13925518
14328468
14499887
14158686
13919758
13919749
96075252
14187970
14187682
13879028
14184983
13964628
14172396
14317198
13919759
13919751
13919750
13895891
96237634
13821966
13919757
14499902
14023182
14017880
14017881
14507091
14017829
14017839
14017828
13753712
14322811
14327699
14327698
14323015
14327674
14322815
13753698
13753700
13753702
13753703
13753704
13753705
13753706
13753707
13753708
13753711
13753713
13753714
13753715
13753716
13753717
13788026
13876059
13856442
14151586
13999596
14151587
14151588
14151589
14151590
14322984
14323000
14322791
14153305
14153306
14507062
14169784
14151585
14169783
14151598
14151599
14151600
14151601
14151602
14151603
14730240
13773414
14507115
14169761
14151591
14151592
14151593
14151594
14151595
14151596
14151597
14507100
13790718
13922506
14169781
13919565
14323124
13854853
14155615
14327716
14155614
14169786
14155617
14322792
13856468
13842282
14169787
14325184
14327656
14327717
14155497
14155629
14187780
14317036
14169785
14507118
14155625
14155626
13817873
14169789
14169782
13729164
14155532
14158389
14158413
14155513
14155514
13761540
14155515
14155533
14155534
14155535
14155536
14155512
14158391
13764667
13761592
13761564
13767593
14155604
13767592
13767604
14158652
14155554
14155552
14155553
13817829
13817830
13817831
13817832
14148624
13761543
14501083
14501081
14501084
14501082
14187986
14187988
14187969
14188044
14187938
14507045
14507069
14185002
14507210
14188031
14188028
14188064
14188025
15375281
14187947
13771316
13767495
13767680
13769040
13771330
14169793
13767678
13771313
14187985
14187946
14187990
13771320
14188051
14187968
14187940
14187945
14188046
14187965
14169807
14187994
14187984
14187995
14187996
14068680
14068682
14503738
13767699
13767386
14188009
14188022
14188027
14188023
14188024
14188029
14068684
14185001
14187972
14187942
14187948
14503658
15375280
14187944
14507127
14187978
14507039
13767681
13767682
13767683
13767684
13767685
13767686
13767687
14188008
14188010
14188015
14188021
14188026
14188067
14187956
14507081
13771318
13771319
13771328
13771332
14187991
14187936
14515764
14503638
14510440
14187976
15373530
14187949
14187974
14187992
14187937
14187941
14188001
14187963
14184231
14187983
14503650
14187935
14507056
13767688
13771323
13769041
13771324
13767679
13771314
13771327
13767689
13771312
13767696
13769043
14169797
14188042
13771238
13771239
13771240
15375282
14187977
14188050
14503707
14187989
14187966
14188049
14188033
14188036
14188039
14184233
14317771
14317772
13771237
15731718
13769042
13771326
13767697
13767694
13767496
13771321
13771317
13771331
13767691
13767665
13771315
14187934
14187958
14187973
13810835
14317770
14507148
14187981
14507043
14184229
13767690
14507117
14187960
14188052
14187982
13769045
14187959
14187962
14187964
14187939
14507087
14507040
14187967
13767493
13767497
14317773
14188035
14188037
14188038
14188040
14188043
14188041
14187987
14187950
14169801
14169798
14188002
14188003
14188014
15337030
15018245
14068681
14068683
15018255
15018209
14188030
14188019
14188020
14188065
14188004
14188066
15184579
14187998
14187999
14188016
14188018
14507195
96117646
14188007
14188011
14188013
14188017
15337029
14188032
13771325
14187993
14187997
14188000
14188012
14188005
14188006
14187943
14187951
14187952
14187953
13771242
13767677
13767494
13767695
13767698
13769046
13769047
14180455
15770386
15770385
13696510
13989241
13817837
13758725
13708579
13734070
13767602
14172397
14161677
14161678
13689057
13665853
13665852
13665849
13665825
13665826
13665848
13665856
13665851
13665876
13665823
13665824
13665850
13665854
13665855
13665821
13665822
13665874
13665875
13662322
14040856
13950583
14910122
13655411
13664341
13701890
13569044
13601311
13701885
13701886
13664164
13701744
13627084
13629520
13655488
13574653
96081392
13568240
13613810
13564402
13568241
13578350
13568239
13587694
13541055
13587542
13587540
13587539
13543615
13587541
13587537
13587538
13591890
13757447
13505891
13605613
13576184
13541042
14507102
13587535
14507083
14507092
14507220
96036964
13452401
13449413
13872659
13729155
13872719
13656165
13446853
13767595
13416134
13416110
13416166
13416162
14187647
14187648
13416096
13416127
13416148
13416146
13416111
13416116
13416132
13416093
13416114
13416094
13416099
13416097
13416095
13416161
13416165
13416117
13416100
13416112
13416163
13416164
13416113
13416144
13416149
13416160
13416133
13416098
13416147
13416145
13416129
13416150
13416128
13416131
13416130
13372659
13767423
14184234
13667312
13667323
13460285
13460286
13369403
14735344
13667313
13460284
13460287
13381413
13629659
13521455
13629666
13460282
13667289
13460288
13376839
13667278
13665807
13665808
13665809
13521456
13376799
13667279
13629667
13521454
13629665
13460281
13665811
13665810
13665812
13629664
13511122
13200313
13667275
13460283
13997251
13414810
13320316
13520456
14928598
13318351
13324456
14927180
14928597
14927181
13422083
13653926
13323970
13884811
13883392
13416115
13284721
13274143
13279791
13279580
13230265
13274177
14169489
13248007
13282098
13626094
13275766
13388354
13279695
13626101
13279608
13174338
13302823
13376694
13279778
14169777
13284701
13274175
13297036
13033768
13182346
13296931
13094447
13094653
13174311
13296769
13185028
13629613
13307881
13301918
12998438
13296933
13042679
13182436
13042559
13296744
13627763
13296127
14131362
13361682
13594471
13884827
13297151
13174321
12960263
13009969
13021631
13174340
13000631
13174330
13174339
13376827
12951016
13008105
13000137
14141175
13019332
13019404
13551978
12979462
12996406
13021590
12979452
12960195
12962879
12952208
12946830
12960189
12974768
12979448
13174248
14610815
13019397
13005557
12827842
12979428
13551923
12979451
12979436
12979595
14910056
14910057
14910058
14910059
14909994
14909996
14909995
12954936
12810195
12810606
12949875
12784910
12820555
13922560
13007986
12771397
12771398
12979408
13005682
13551886
12816704
12982178
12741594
12979422
12762973
12762640
12762971
12762637
14148453
12996488
12752407
12749523
12762639
12763128
12992150
13016305
12715201
12741017
12966415
12741020
12741016
12712293
12719546
12741019
12879312
12808307
12670333
12741012
12741015
12632059
12994455
12734209
12515490
12734223
12734208
12734207
12734222
13013212
12734163
12623196
12623195
15373529
12620774
12414916
15373528
12620752
14169491
12620773
12431512
12431513
12431510
96126713
12431511
12431508
12431509
12386087
12448667
12455753
12431038
12424928
12393131
12457468
12439755
12384220
12455815
12566560
12333416
12258876
12321275
12283276
12438692
12198543
12276143
12186426
12255894
12264871
12990649
12194699
12537250
12393244
12264368
12404502
12106055
12235172
12997203
12212700
12127047
12212504
12144446
12212734
12264865
12264863
12264864
12648592
12096126
14169762
12143027
12143028
12143029
12143030
12143026
12096113
12144817
12143031
12143032
12067061
12084392
12264867
13001253
12067062
12091526
12992231
12067482
12125324
12239193
12066417
12264870
12264866
12264873
12324568
12013360
12264872
12264868
12264869
12264874
12127219
14158685
13025847
11963127
13025848
13025846
13025844
12055249
13025845
12059245
12056046
13025849
11971637
12015666
11974516
11928928
11913789
12059086
12055853
11906850
11940588
11928929
12056081
11914129
12619013
12619019
11914137
11915349
12619011
12619020
12619021
12619022
12619012
12619010
12619009
12619014
11925263
11925268
11925266
11904782
11923653
12056045
14153297
14277071
14277101
14277111
12056744
11932147
11857293
12058164
12058835
11927203
12058724
12058113
12058115
12058114
12059240
12056044
11897720
11913655
12056316
11942616
11936375
11861361
11947999
11976619
11861362
11877004
11878862
11925394
11899208
11899192
11812605
13003947
11858574
11821012
11872806
13090284
13090282
13090288
13090286
13090293
13090289
13090283
13090290
13090292
13090296
13090294
13090295
13090291
13090281
13090285
13090287
11765644
11729352
11859490
12058825
13057211
11686548
11686546
11681901
11650123
11686547
11778079
11717170
11741334
11700338
11700337
12820161
11752747
11611485
11629784
11843593
11629793
11573069
12059346
11694858
11856023
11611447
11748872
15393562
11858562
11791724
11665525
11528935
11528936
11600738
11642324
11664953
11520710
11525857
11520708
11520760
11520756
11520761
11648592
11520717
11922776
13062692
13062696
13062687
13062691
13062682
13022376
13022387
13062695
13062688
13062697
13062689
13022385
13022386
13022391
13022389
13022375
13062702
13062694
13062698
13022372
13022373
13022388
13062690
13062693
13022390
13022374
12649079
12649080
11534251
12618916
12618917
12618918
12618919
12618920
12618921
12618922
12618923
12618924
12618915
11490650
11490656
11454605
12042330
11632769
11473242
11473301
12058826
12648251
11421718
12404496
11421717
11408239
11656187
11324830
12648227
11344610
11344580
15552438
12056253
11813537
11543593
11980994
14211120
12055549
12055548
11408240
11408238
12649078
11469694
12404510
12224973
14169636
11355163
11316162
14169520
13454542
13462003
12055297
13462004
12649047
11545592
13462216
13995763
12056676
11459920
11545591
11931604
11353373
12734602
14882945
11280264
12056513
12648954
11843689
12056426
11029915
12809744
11155007
11122744
11122827
11122796
11122826
12999748
11933837
11279741
12056257
10881651
12404501
12404500
12397838
12055553
12056269
11113755
13008013
10422127
12056392
10422824
12935801
12335166
12335172
12335167
12335178
12335169
12335168
12335175
12335174
12335179
12335173
12335180
12335165
12335181
12335170
12335177
12335171
12335176
10387290
12925814
10858385
10864337
10864338
10858695
10858394
10858752
10858391
10858707
10864342
10864348
10864344
13022346
13022357
13022366
10858403
10864339
10864340
10864355
10858387
10858382
13022349
10858402
10858696
10858729
13022352
13022355
10858747
10858703
10858738
10858749
10858700
10858728
13022356
10858730
10858743
10858392
10858694
10858731
10858705
10858714
10858735
10858689
13022348
10858709
12059367
12057125
13022347
12057124
12059368
12059377
10858751
10858393
10858718
10858732
10858378
10858740
10858699
12057126
10858733
10864347
10864353
10858379
10864352
10858396
10858398
10858399
13022365
10858723
10858726
10858727
13022358
10858739
10858742
10858744
13022368
13022371
13022367
10858690
10864343
10864346
13022359
10858711
10858736
10858724
10858717
10858390
10864350
10858381
10858725
10858716
10864345
13022354
10858395
10858383
10858715
10858737
10858750
10858704
10858401
10858721
10858701
10858713
10858384
10864354
10858380
10858698
10858755
10858756
10864351
12059365
10858389
10858397
10858753
10858388
10864349
10858720
10858712
10858748
13022363
13022351
10858692
13022369
13022370
10858702
11122829
12935793
10265876
10386938
12056002
10457643
10456829
10457312
10457258
12994408
10227215
10264050
12056380
10424209
10227246
10227105
11500517
12704552
13022222
10423216
11024068
10530187
12056350
10226836
80406827
12356689
11744943
10228322
10423493
10423561
10423756
10423621
10423361
10423386
10423717
11185717
10423620
10423451
10423825
10423518
10423622
10423824
10423452
10423431
10423430
11930325
11185783
10423552
10423723
10423220
10423892
11185784
10423221
10423755
10423427
11930427
10423856
10423596
10423587
10227110
13333407
13333408
13333409
13333410
13333402
13333405
13333406
10681468
10771513
10228828
10228837
10225433
10770986
10225003
10423393
10423454
10423826
80406829
10227125
10802133
10226127
10858407
10858406
12682481
12648286
12682482
10423455
12548373
10228842
10228839
10228851
10225932
10226229
10228831
13979952
10059514
10227664
10228838
10456844
10228237
10265706
10263872
10264053
10228365
10456852
10387623
10265090
10265091
10769042
10265092
12648908
12042333
10758556
10227278
13836189
14170853
11155363
11155299
11155297
11155359
11150594
10228226
11155298
10748238
14170883
10228841
10719373
10456931
11175372
11245857
10455857
10456534
10228235
11155361
11155360
11155362
10714418
10228364
13376364
13376360
13376358
13376359
13376363
13376365
13376331
13376329
13376366
13376362
13376333
13376328
13376327
13376332
13376334
13376337
13376330
13376336
13376368
13376335
13376361
13376367
10694133
11147236
10759989
11175446
10265888
10791645
10423115
10228256
13636571
12401129
12057154
10802700
10228232
10264010
14271160
10228233
10265538
11196489
10785097
10743703
14271115
14271111
14271118
14271112
14271130
14271138
14271132
14271139
14271136
14271137
14271133
14271134
14271135
14271131
14271119
14271116
14271117
14271113
14271140
14271148
14271142
14271149
14271146
14271147
14271143
14271144
14271145
14271141
14271120
14271128
14271122
14271129
14271126
14271127
14271123
14271124
14271125
14271121
14271114
14271150
14213137
12736742
10804873
10443664
10387324
10228220
10709746
11461106
10340875
10340876
10264016
10461680
10228660
13002216
11461105
10059587
10387141
10686833
10387127
10059602
12151022
12151024
12151025
10265486
10265487
12151023
11646206
10687643
10228581
13025872
10059303
10265382
11745170
10228231
12051946
10227417
11646205
10764438
14211114
10228286
10227389
10227394
10227390
10227399
10227397
10227393
10227395
10227392
10227398
10228228
10227388
10682002
10227391
10227396
80406839
10227659
10059577
10711736
10791300
10774371
10698242
10228291
10226408
10228299
11821586
12051930
10227118
80406842
10228585
10388160
11196504
10031491
10227869
10387107
10228574
10226262
10059335
10265541
10265265
14281970
14648844
14281971
14281969
14281973
14281964
10059042
10226409
10228332
10228613
10227077
14260651
14260652
10227647
10227484
10228572
80403571
80403572
10424357
14260683
14260684
12056677
14260681
14260682
10227415
14260679
14260680
10059633
10227414
13062724
10265420
14260676
14260677
14260678
10797193
14260674
14260675
10460326
12682529
14271191
14271197
14271198
14271193
14271195
14271194
14271192
14271196
12682527
12682526
12682528
11045950
10444071
10444079
10444076
10444082
10444077
10444078
10387059
10444069
10387030
10387006
10387011
10387012
10387009
10387035
10387026
10387028
10387022
10387031
10387033
10387008
10387007
10387034
10387013
10444081
10387036
10387024
10386754
10387005
10387016
10387018
10387004
10387029
10444072
10387014
10387015
10387017
10444068
10387032
10444073
10387010
10387027
10387037
13910540
10387021
10387019
10387020
10387050
10387038
10387048
10387058
10387049
10387045
10387054
10387056
10387044
10387041
10387053
10387057
10387060
10387023
10387047
10387052
10387043
10387042
10387046
10387051
14260672
14260673
10387040
10387061
10387055
10387039
10387025
12700414
14260671
12700424
12700404
12700415
12700405
10225298
10227654
10227655
10298305
10226788
10388043
10059597
10779660
14222179
14222183
14222184
14637077
14222177
14222181
14222175
14222178
14222188
14222187
14640543
14222185
14649701
10228588
13025876
14649704
14222174
14222180
14222176
14222173
14222186
14649700
14649699
14649705
14649697
14649702
10265543
10059659
10058434
14260669
14260670
14260666
14260667
14260668
10226351
12057145
10690658
14260664
14260665
14260663
10228587
10228608
14260659
14260660
10228749
12058482
14260655
14260653
14260654
10228833
14260656
14260657
14260658
14223628
10265884
10228282
80407151
10228600
10797398
14260661
14260662
10227852
10263599
10059502
14858828
10803911
10059598
11470335
12058364
10059584
10227420
10228571
10228307
10228306
10059515
10093631
13308446
12056598
10226240
10809924
10227423
10812373
10227418
10093609
10443904
10809063
10387646
10387173
10227639
15552482
12508289
10387944
11045789
11047565
11047569
10031518
10228821
10059257
10228595
10227653
14191786
10387650
10443907
10031467
10227870
10387983
13024247
15553062
10228579
10228567
10387986
10227081
10387999
10094901
10226241
11170177
10705772
13484174
10227094
10228535
10227085
10228576
10228580
12042357
10094824
12051950
12051949
10265887
12955781
10094834
10094914
10767706
10799387
10225967
12548361
10771121
12057097
12955780
13551836
10228817
10225299
10911023
10911022
10226475
10423659
10265844
10423793
10265840
10228850
10423568
10423899
10423863
12546425
10460542
12565993
10460646
10059048
10460205
12057044
10539299
12566006
10228589
10880324
10460785
10228823
11773514
10227078
80406828
10228594
12057037
10225708
14225225
11203755
10227651
11322017
12057056
11788612
13025896
12057052
13066363
15553745
15553849
10225689
10059442
15553774
10226459
10228601
15553777
15553776
10059443
11788606
11789332
12483424
11788665
11788023
15553773
11788451
10225306
10228586
10227650
10227632
10227741
10387448
10387460
11237679
10387463
12524241
12524240
12999380
12999381
12999383
12999384
12999385
12999386
12999388
12999387
12999389
12999390
12999382
10228584
13376291
13376292
12657964
13214536
13214537
13214535
13214534
13551818
13551817
12899331
13388035
13388033
13388034
13388032
12130263
12130252
12130257
12130264
12130271
12130254
12130260
12130259
12130272
12130256
12130261
12130265
12130268
12130266
12130274
12130255
12130267
12130253
12130258
12130270
12130269
12130275
12130273
12130262
12528122
12152129
13634245
13634246
13376466
13376467
13376464
13376463
13376465
13388089
13388088
13388085
13388083
13388086
13388087
13388090
13388084
13466743
13466739
13466756
13466741
13466752
13466754
13463464
13463539
13463753
13466740
13466737
13466749
13466753
13466750
13466742
13463752
13463617
13466759
13466751
12987580
12987581
12987582
12987583
12987584
12987585
12987586
12987587
12987588
12987589
12987590
13463699
13463925
12987579
13376347
13376348
13376349
13376346
13376353
13376355
13376354
13376145
13376146
13376149
13376357
13376342
13376345
13376352
13376356
13376341
13376339
13376340
13376338
13376351
13376350
13376147
13376148
13376144
13376343
13376344
13383453
13463398
13464896
13464673
13383470
13464897
13464973
13464674
13464895
13464972
13465026
13466728
13383471
13464302
13464588
13463374
13464207
13464951
13464378
13464876
13464675
13464168
13464916
13383472
12999370
12999371
12999372
12999373
12999374
12999375
12999376
12999377
12999378
12999369
13611195
13611209
13611211
13611203
13611204
13611212
13611192
13611197
13611193
13611208
13611194
13611200
13611199
13611201
13611206
13611205
13611214
13611191
13611198
13611213
13611207
13611210
13611202
13611196
13381185
13381214
13381212
13381210
13381222
13381220
13381218
13383482
13383481
13383476
13381226
13381224
13383478
13383477
13381219
13381221
13381209
13381223
13381216
13383475
13383485
13381225
13381211
13381215
13383474
13383480
13381213
13363959
13388022
13388024
13388023
13376318
13376317
13376312
13376314
13376311
13376316
13376310
13376315
13376313
13381230
13381232
13381235
13381236
13381231
13381233
13381238
13381228
13381234
13381229
13381227
13381237
15032080
15032090
13381174
15032083
15032091
15032077
15032081
15032078
15032086
15032095
13381175
15032093
15032088
13381172
15032089
13381178
15032085
15032087
15032092
13381179
15032076
15032094
13381177
15032082
15032084
15032079
13381176
13381173
13510276
13510205
13510204
13510375
15543834
15543836
15543831
15543830
15543835
15543832
15543833
15543837
13376407
15032356
15032355
13383506
13383504
13383505
13383507
13383508
13383509
13383405
13383502
13383503
13388093
13388092
13381243
13381148
13376477
13376478
13381242
13381244
13381151
13376473
13376476
13381152
13381147
13381150
13381149
13381145
13381241
13381146
13376474
13376475
13381255
13381257
13003683
13003697
13003684
13003691
13003687
13003698
13003680
13003685
13003682
13003694
13003686
13003693
13003690
13003695
13003679
13003688
13003692
13003696
13003681
13003689
13003678
15543930
13381256
15543929
12999467
12999468
12999469
12999470
12999471
12999472
12999481
12999482
12999499
12999500
12999501
12999502
12999503
12999504
12999505
12999506
12999450
12999457
12999462
12999473
12999474
12999475
12999476
12999477
12999478
12999479
12999480
12999443
12999444
12999445
12999446
12999447
12999448
12999451
12999452
12999453
12999454
12999455
12999456
12999458
12999460
12999461
12999463
12999464
12999465
12999466
12999449
12999459
13376428
13376427
13376424
13376426
15544354
13376425
13381044
13381049
13381048
13381045
13381047
13381046
15543118
15543272
15543273
15543277
15543274
15543276
15543275
14403158
13383521
13383520
13376150
13376137
13376136
13376151
13376140
13376141
13376152
13376134
13376135
13376139
13376138
13376142
13376143
13383510
13383511
13383512
15032336
15032329
15032334
15032338
15032332
15032337
15032331
15032330
15032333
15032335
13376238
13376252
13376243
13376251
13376239
13376247
13376244
13376246
13376201
13376245
13376250
13376206
13376200
13376207
13376202
13376211
13376205
13376212
13376240
13376241
13376197
13376196
13376236
13376204
13376210
13376198
13376209
13376203
13376208
13376213
13376199
13376235
13376237
13376242
13376273
13376271
13376274
13376275
13376272
14598708
15543751
96326258
15004852
96322447
15542091
96111020
15543292
15543850
15544298
15544062
15544036
15544089
15544041
15543624
15544040
15543985
15544340
15544142
15543848
15544149
15544335
15543577
15543645
15543879
15544182
15543614
15542842
15542843
15542844
15542845
15542846
15542847
15542848
15542850
15542851
15542852
15542853
15542854
15542855
15542856
15542857
15542858
15542859
15542861
12497817
12497819
12497825
12497891
12498110
12498687
12498885
12498960
12498962
12498963
12498964
12978059
12999556
12999557
12999558
12999559
12999560
12999561
12999562
12999563
12999564
12999565
12999566
12999567
12999568
12999569
12999570
12999571
12999572
12999573
12999574
13010207
13510376
12497773
12978031
12978037
12978066
12978032
12978035
12499311
13142953
13142955
13142949
12498224
12497794
12497760
12497765
12497857
12497824
12497835
13466755
13466746
13466748
13463592
13466747
13466758
13466738
13463631
13466757
10228404
10784430
10810763
10265871
14213111
14213112
10816530
12548381
10228367
10745104
12059366
13022350
13022353
10858708
10858691
10858706
13022361
10858386
10858754
10858697
10858693
10858741
10858710
13022360
10858746
10864341
10858719
10858722
15764330
15769888
15770009
15766571
15747503
15753569
15745510
15750840
15754248
15749005
15744884
15747409
15726370
15745817
15745829
15742325
15746037
15721342
15722028
15745720
15714924
15753872
15721559
15724210
15718517
15718313
15722805
96383658
15719115
15672485
15678984
15669359
15669194
15674915
15674862
15669229
15679139
15718745
96386987
15674149
15645989
15719369
96396821
15734500
15705911
15628024
15652437
15686771
15623501
15677029
15667268
15667269
15667270
15671035
15671036
15671037
15671038
15606986
15600085
15624314
15597712
15648793
15588038
15590833
15693032
15597545
15612059
15600835
15578611
15628023
15600412
15609804
15590550
15666150
15701489
15597979
15585923
15670412
15693165
15578907
15582765
15564321
15559753
15580105
15560220
15562285
15560547
15588221
15678249
15586213
15567409
15566593
15657902
15557256
96400004
15573761
15579375
15619386
15563708
15593874
15534672
15656650
15691559
15691523
15566768
15679450
15511892
15484283
15503121
15641630
15504116
15703099
15504469
15518513
15705656
15691544
15577765
15493292
15493543
15484454
15609918
15465995
15468865
15500558
15486027
15482091
15503193
15628633
15579432
15579384
15449042
15458370
15465935
15528006
15470203
15583801
15678204
15572359
15438313
15480011
15612748
15442731
15474366
15364110
15443189
15634933
15486061
15381964
15378555
15375583
15463665
15705620
15454505
15376508
15551604
15454283
15382457
96386572
15368980
15455555
15455556
15455557
15455554
15356972
15720978
15376522
15437056
15412488
96365174
15575324
15405878
96322076
96345999
15337630
15637608
15575753
15314888
15342225
15436851
15339739
15444262
15318399
15372704
15362747
15705652
15308948
96351011
15361818
15338943
15455824
15545225
15268909
15296750
15342233
15271844
15318861
15365561
15444223
15243321
15245763
15249275
15497329
15221117
15393085
15444399
96300950
15374704
15222318
15201147
15206488
15254719
15439416
15255069
15374701
15196267
96306281
15205831
15374780
15242810
15323854
96317625
15304876
15285418
15403591
15403592
15200490
15206506
15157433
15196021
15196217
15358562
15335313
15296914
15374799
15226207
15234979
15300319
15147401
15290513
15374789
15235569
15239153
15255198
15379657
15361337
15115161
15374730
96365067
15300320
15104415
15182297
15182298
15182299
15182300
15374696
15227880
15150250
15273065
15167724
15106764
15161184
15276756
15138520
96306970
15054884
15098262
15093492
15040332
15184532
15081881
15374697
15025591
15376242
15069845
15075657
15043557
15362694
96306998
96296262
96291307
15271317
15085601
15002094
15226103
15271316
15100206
96289102
15099726
96310231
15207763
15302287
15005726
15138931
96289093
15321528
15374695
15000640
15010733
15207682
15207734
15105797
96281316
15022888
15379637
15166664
14996353
15186451
15021705
15207754
15207670
96298871
14989377
14989378
15176021
15009041
14989376
15006252
15020527
15148059
15067615
15100220
15001926
14980732
15193329
15027702
15006035
15005289
15100163
15008237
15076989
15098780
96272883
15141504
96280963
96280965
96280966
14993162
15001983
15374755
15374757
15374756
15374758
15374753
15374760
15374759
15374754
15071732
96280957
15005274
15302627
14962264
15081860
14929812
15374692
14988024
15009019
15166669
15001940
14938229
14965460
14995405
15006716
15006686
15002032
14953055
15374694
14979315
14979309
15001844
14995365
14995364
14995366
14965721
14965722
14949519
14854727
15148072
14988809
15207848
96307308
96307300
15207794
15207849
15207891
96307259
96307387
14962360
96307018
14937489
14996340
15207743
14960194
14867195
15122322
14979200
15184533
15047628
14891841
14967735
14967664
96271414
14836501
14836502
14829669
14960125
14817215
14932133
14798379
14805887
14811727
14855923
14835126
14891833
14822993
15097943
14749682
96257975
14751208
14800028
15751564
15098062
14891837
15087033
15112546
14904781
15087032
14890256
14774455
96245235
14997271
14955387
14805845
15013572
14800970
14997287
14880384
15166676
14874672
14845048
14874498
14929351
14800101
15166684
14838647
14804522
14874532
14886180
14786147
96277984
96344134
14805811
15209124
15161104
15374788
14747631
15005255
15078587
96238499
14810052
14786188
14795629
14711625
14874513
14717894
96234396
14829607
96259847
96255051
14874603
14757965
14731894
14777786
14735884
15038460
14690422
14721234
14917232
14731445
15038457
14717438
15478733
15001640
14790790
14855375
15038459
15007268
14717301
15308387
14874594
14709855
14709856
14717532
14717218
14711261
14715178
96321211
14645220
14715351
14717312
14722677
14805882
14715127
14699854
14699898
14640326
14717437
14640320
96377852
14665522
14641195
14617414
14653214
14715184
14635226
14645730
14643025
14727713
14727846
14583861
14665663
14726032
14626118
14569017
14600883
14600890
14721525
96211933
96203981
14627712
14637500
14678096
14731742
14731753
14726033
14726034
15651648
15648521
15648525
15648528
14717982
15648527
15648602
15648603
15648604
15648605
15648614
15648615
14729674
15648622
15648623
15648624
15648625
15648626
15648627
15648642
15648643
15648644
15648645
15648646
15648647
15648648
15648649
15648650
15648651
15648652
15648653
15648654
15648655
15651537
15651534
15651538
15651542
15651533
15651535
15651536
15651539
15651540
15651541
15648620
15648662
15651523
15651524
15651525
15651527
15651528
15651529
15651531
15651573
15651574
15651575
15651576
15651578
15651580
15651566
15651572
15651577
15651579
15651526
15651530
15651532
15648523
15648520
15648575
15648576
15648577
15651571
15648640
15651581
15651584
15651591
15651582
15651583
15651589
15651586
15651590
15651592
15651587
15651588
14724178
14699803
14699804
15648524
15648661
15648526
14745755
15648656
15648657
15648658
15648659
15648660
15648671
15648672
14731752
14731751
14731750
14731748
14731747
14731746
14731745
14731743
14731749
15648616
14731744
15648617
14633994
15648639
15648621
15648641
15648522
15648573
15648574
14745754
14699827
15651570
15651569
15651563
15651565
15651568
15651564
14699823
15651567
96287371
14729507
14805861
14699843
14600894
14758579
14793658
14635188
14699935
14631475
14551512
14597964
14727793
14708194
14706686
14729495
14641854
14726061
14472802
14793636
14632000
14699826
14518905
14729568
14612647
14545877
14615152
96203056
14729564
14683534
14683531
14683533
14683532
14471459
14471285
14591652
96193739
14427653
14472776
14427613
14429465
14507077
14555518
14472806
96233273
96230686
14472680
14643621
14726004
14721708
14699807
14721681
14726068
14721702
14729572
14653498
14726069
14579190
14509077
14726105
15112323
14401405
14520546
14427664
14499928
14545973
14422409
14424550
14726007
14729487
14727869
14613424
14356768
14506667
14499931
14499930
14471373
14504364
13537440
96030819
13575587
96227180
13658492
13656144
13577523
13662421
13568705
14050445
13520367
13627784
13650580
13520368
13520395
13520421
13520436
13520407
13520408
13521618
13658546
13767473
13520381
13611992
13568897
13662376
14322856
13524145
13586252
96109133
14089591
13662504
13852958
14107779
13577545
13580494
13658403
13571631
96084169
13640029
13628110
12820108
11452305
11496899
11460582
11614681
11638334
11474847
11452851
11592441
11854572
11831779
11642505
11496816
11432684
13809611
11836047
12055227
11443362
11421546
11797741
11393233
11544643
11663790
12058840
11835881
11398744
11416566
11398739
11646179
12055768
13542540
13407003
11392106
14984293
12245082
12403969
11738835
12648287
11669620
11645105
11642598
11393765
11368787
12055230
11828905
11422070
11642599
11642600
11685726
11393764
11393766
11662951
13891655
11436609
11370922
11447209
11372896
11339455
11324984
11369843
11355917
11339447
11339454
11354390
11647952
11436588
14095896
12055849
12058994
11355900
11339453
11359804
12055328
11355898
11569847
13053714
14213115
11376387
14135042
11339452
12042339
12945564
11664158
12289882
11355899
11339446
11303262
12648265
12059171
12299647
11339448
13648808
11355897
11339450
90072111
11436597
11508978
11544647
12649297
11359030
11405267
11297907
11297909
12820175
11352337
11369680
11544641
11465392
11400635
11544642
11543591
14126911
96262851
11856659
11645067
11645068
11645069
14984294
11544904
12057146
11283480
11283482
12117616
13073033
11283481
11271514
11581664
11278137
11267050
11575175
12042337
13179628
11280359
12820191
11394746
11394745
11543823
11293524
11271862
11271863
11271861
11271860
11266714
11266999
11265190
11246451
12146958
11271864
11551197
11543590
11645205
11210651
11237470
12820224
11246434
11311120
11771498
11225841
11280329
13783950
11287678
11280209
11235005
12247172
12247278
12247266
11182527
11758604
11356259
11280215
11465442
11744830
12247277
12247267
12247254
11199256
11181973
11207117
11279696
12042342
11280678
12404541
12817428
15696032
11356268
12660715
12660716
11544646
11328043
11316752
11207454
11159263
11211121
11544906
11279663
12129075
11279621
11207489
11200983
11211120
11237484
11500587
11074650
11645075
11266476
11235812
11856646
11118137
11027066
96103471
11235810
11279742
11235811
11543826
11543827
12538992
11323574
11160559
12945561
12573484
12573486
12573485
12573483
10815694
11155005
11113126
11544657
11279764
11174564
11160573
11160803
11160575
11160576
10945721
12533610
11235809
12404038
10895433
10895432
10895436
10895437
10895434
10881668
14499913
12820126
12272642
10822513
10822507
10822511
10822512
11160832
10896758
12042292
11279681
12058314
15305981
12055321
10856414
12404862
11029540
12535915
10843674
11154950
11160414
10844156
11160680
13355754
11155036
11111208
12250675
11114345
10465109
11109730
11160525
10465404
11235767
11280266
40551557
12945562
10422089
10503927
10421886
10422396
11280273
10421742
11189233
11160668
11991150
11500565
12055296
11160416
12820164
14583409
14583411
14583412
14583415
10885446
10430876
10405462
10422488
14882814
80411898
80411952
11202804
11160848
10422124
10390620
10422709
10457122
10457112
10390621
11171070
11280331
12736167
10352021
11645094
10387858
10387133
11235808
12288140
11497283
10388183
10387357
10387925
10430301
10421785
13676882
10411106
11743033
11645463
10387364
10388200
12298837
11447357
11197483
13174297
12566641
11207765
10227050
10388037
10062955
12056241
13335941
10423458
11155027
10387633
10227049
13752850
13427672
13347992
13752851
13752855
13752853
13348043
13427677
13034957
10427891
13348027
13752852
12507844
12515301
13370995
12507906
12546967
12633619
12515287
12454398
11274374
12462198
12464521
10227904
10226513
10225637
10227074
10094368
10227076
10443942
10058483
10058579
12893613
10227749
10825867
10227757
10387492
11046823
10058820
10975939
10228455
10227758
10387685
10387686
10387658
10225414
10785083
10387667
10387655
10227697
10094925
10387157
10387493
11234766
10749935
10387158
10387169
10058497
10227705
10228470
10297760
10387475
11832665
10265911
10443911
10713302
10746468
10228033
10227751
15635953
10058500
10226120
15636013
10227760
10228068
10058903
10227913
10227723
15218616
10227720
10058567
11816966
10228112
10228107
10058730
10228109
10227137
10387724
10228106
10058738
10058870
10227727
10228026
10228103
10768969
13016181
10058683
10227138
13048642
10227141
10711354
10774532
10227699
10710958
10462342
10461527
10461239
10462176
10461912
10058869
10462018
10462170
10460978
10461346
10461538
10461673
10461840
10461732
10812718
11481696
10227155
10506151
10163951
10227911
10390483
10811470
10800299
10802220
10506140
14223607
10227709
10802530
10784052
10227707
13238798
10227684
10058877
10058833
10228464
11500616
10788284
10163943
10228076
10227035
10297774
10058843
10058476
10058477
10058479
10058478
10094221
10058880
10227629
10814579
10227045
10227668
10227136
10227925
10058818
11447129
10228468
10228463
10227959
10227611
10058599
10058832
10227142
10387330
10058891
10227814
10227623
10058790
10227133
10739853
80406830
10058784
10506131
10227661
10817064
10794728
10698988
10227032
10716570
10058889
10387287
10793158
10163928
10152257
10227188
10753423
10688808
10058807
10227643
10058801
10228466
10228471
10228421
10684591
10227927
10058866
10031233
10681690
10227143
10227815
10263862
10227663
10228048
10228490
10227619
10058863
10058827
10328942
10227714
10227706
10811002
10227746
10058926
10228486
10228487
10228484
10228057
10228488
10163942
10228687
10058850
10058808
10058753
10686949
13886873
10735382
10227769
10751922
10227716
10227679
10227732
11054356
10058809
10802118
10163915
10058860
14252447
10768009
10806391
10782804
10737275
10227704
10228460
15218619
14362345
13434374
10228467
10712260
10767578
10228028
10770460
10093965
10805056
10790748
10694620
10228056
10228040
10807711
10778452
10805712
10265868
10805682
10711241
10228055
10774910
11831780
11831781
10160967
10802740
10227750
10058537
10058812
10058814
10817027
10806307
10703432
10058443
10228044
10811073
12500076
12500077
10227747
10228500
10805403
14169723
13504688
10731383
10058879
10767656
10297822
10227669
11500598
10228039
10324466
10748899
10227718
14503158
10058786
10228063
12650795
10684883
10680962
10228041
10787587
10764699
10530667
10354457
15635959
10808082
10735248
10720539
10227039
10816248
10712186
10094443
10058788
10781250
12004070
10227662
10163941
10228035
10031262
10227165
10816695
10227054
10790774
11544903
10769416
10758901
10789747
11082619
10800142
10058637
10228494
10094435
10058541
10796556
10228075
10340851
10228102
10387518
10806095
10094318
10696888
10727481
10058458
12020804
10791914
12561452
10094361
10058875
10808660
10296589
10724661
10228073
10788703
10228480
10720503
10733602
10058560
10094268
10809743
10775193
10443878
10784196
10704757
10794775
10387314
10297731
11160539
10774563
10807298
11500589
10227067
10797605
10227161
13594863
11256652
10795956
10802115
10297780
10753885
10705597
10811980
13623463
12820104
10227901
10791525
11447187
10346056
10675786
10227153
10779701
10711844
10786439
12648243
10725696
10781218
10787942
10731752
12648245
12648244
12648246
10801670
10809389
10063492
10443667
10803404
10749872
10694108
10741022
10698915
10063002
10793813
10785710
10265869
10063386
10741602
10774505
10816253
10791508
10723140
10227166
10774635
10759960
10723538
13884764
10694742
10704484
10817625
11514142
10688654
10786436
10778239
10767172
13774280
14566102
11185780
10737732
10802999
10796097
10746472
80405266
11002660
10658186
10733548
10058900
13891638
40308533
11316781
10388113
10800965
10227162
10024450
10725072
10443876
10227171
10227665
10058885
10757545
10785821
10023055
13364099
10227411
10814113
14206446
10227932
10957357
10228072
10227150
10228498
10227154
10702040
10227173
11054329
10749834
10734942
10058886
10692873
13109479
12227451
10227146
10814817
10792793
10685594
10227152
10695053
11279710
10227156
10714497
10806233
10795227
10777080
10698674
10806742
10227931
10387396
10227149
11645153
10227781
11171382
10227772
10386880
12820151
11645095
10227960
13411174
11500528
11500529
10227770
10470303
11279581
11500567
10667679
10752726
10672551
10227938
10063519
10684091
10227939
10743841
10809264
10424010
10725825
10227919
10227941
12313542
10761832
10790985
12533611
10297777
11159268
12847069
10792913
10058892
11500559
10265863
10227059
10807922
10750233
10755205
15308304
11201994
13823871
10388059
10430800
10726778
12546426
13444289
11160764
11316780
10387390
10387146
10388046
10227047
10443877
11155037
15763925
15764170
15764763
15767559
15764140
15769317
15767129
15764548
15764935
15765587
15768674
15767248
15767184
15769219
15769264
15747052
15753978
15769772
15749721
15769821
15767246
15747202
15744722
15744777
15768388
15764503
15745293
15747127
15745281
15764561
15750012
15767295
15754170
15753707
15744701
15754171
15750737
15744862
15744714
15747577
15750838
15747360
15764287
15769755
15744650
15754221
96391585
96391586
15729120
15729122
15721259
15729348
15722248
15729119
15722360
15721273
15722120
15718535
15722249
15729121
15728512
15729349
15744667
15750895
15744930
15753656
15754441
15764462
15754474
15754362
15753985
15747540
15760153
15749622
15753802
15764283
15746913
15764063
15754495
15747439
15753898
15767088
15752509
15753807
15769765
15744947
15753682
15750670
15754457
15753628
15763526
15754205
15768672
15764319
15721221
15754312
15754322
15745798
15745691
15734492
15770114
15745653
15770218
15745576
15745253
15745535
15745818
15745556
15724060
96391558
96391554
96391564
96391553
96391552
96391562
15722254
15645956
15721880
15724024
15724201
96396992
15742070
96396993
15742255
15725151
15745648
15747021
15721911
15742074
15747289
96396994
96396991
15754396
15754487
15745657
15729499
15772044
15754561
96391572
15678874
15672702
15736799
15718724
15722263
15726444
15729372
15718431
15718378
15718723
15714927
15718555
15754217
15734057
96399465
96391580
15736782
15745575
15721949
15703079
15732798
15754549
15745741
15745799
15725873
15668513
15722998
15678634
15725813
15677690
15677248
15674366
15725589
15668610
15725800
15723085
15722516
15721383
15725884
15668879
15721350
15728535
15714247
15677614
15723921
15737740
15766534
15723756
15766533
96400217
15714209
15714921
15718687
15745801
15743001
15668221
15725587
15725588
15718442
15682962
15678709
15670788
15689786
15714226
15722482
15674539
15682762
15722785
15695965
15669029
15689785
15674370
15674637
15689788
15668487
15674454
15728543
15676702
15725802
15714978
15678723
15718500
15674436
15726192
15726211
15729366
15729714
15745795
15668640
15668331
15745557
15771442
15696804
15672739
15677285
96391551
15676872
15670857
15668670
15668406
15696893
15686884
15698916
15657916
15714966
96386971
15674302
15674287
15674092
15652068
15714926
15669415
15679897
15677191
15670700
15714938
15645944
15674402
15745809
15750065
96396925
15745615
96396913
96386968
15734503
15695980
15725633
15743021
15725632
15674463
15674464
15620730
15649349
96387004
15672313
96386976
15714231
15714908
15719973
15670505
15674001
15678917
15651874
15674443
15678736
15653116
15653115
15653499
15722118
15645950
15672534
15696770
15696843
15645943
15652259
15645954
15653389
15669179
15653236
15639826
15660342
15671090
96400064
96396823
15766935
96396825
15761338
15761337
15727036
15677293
96396826
96386998
15676843
15734484
15726941
15676734
15727071
15749061
15726940
15745547
96386994
15708265
15674156
15687069
15713387
15727074
15727037
15727076
15745658
15672824
15639829
15651856
15673985
15621649
15682014
15652392
15653243
15652204
15696745
15645951
15667107
15639729
15678187
15651852
15645960
15671041
15670660
15621739
15745579
15704901
15645957
15652139
15628655
15654938
15701182
15690477
15645958
15701110
15645949
15645959
15696906
15627063
15671000
15627818
15771539
15716665
15716632
15745578
96386981
15760135
15713408
15765235
15761318
15655105
15766987
15760134
15693164
15674008
15714981
15604280
15651824
15714200
15693042
15679119
15713386
15674423
15690353
15624716
15716590
15647460
15738560
15624106
15627364
15624108
15696888
15642703
15627916
15674033
15622003
15653350
15687655
15642705
15599932
15629551
15620270
15693234
15652409
15738493
15670406
15701331
15652682
15697909
15678071
15654867
15627252
15696887
15621995
15670402
15666982
15671072
15678926
15653227
15667000
15701332
15601571
15766476
15742198
15734388
15745678
15624672
96396839
15684863
15694720
15686774
15714230
15601721
15693454
15767006
15763362
15766912
15754414
96374201
15583211
96374203
15590193
15622739
15661500
15697860
15666263
15590367
15691447
15639759
15678037
15620647
15592171
15587790
15694598
15693409
15590875
15597978
15600043
15626645
15578485
15578701
15714223
15624137
15703212
15599636
96381274
15583493
15585924
15583446
15604268
15590405
15598179
15600803
15590356
15696901
15614145
15614143
15599633
96396888
15614144
15716611
15736574
15713436
15600295
15629522
15670400
15598158
15713433
15596652
15628694
15590762
15587933
15583273
15583237
15596621
15594454
15666148
15598289
15622378
15588137
15627115
15590191
15587934
15578925
15578730
15583230
15628608
15701190
15583482
15592101
15701374
15699009
15583252
15714820
15590554
15590668
15593725
15595852
15664383
15586046
15623582
15597737
15593724
15607645
15738504
15585753
15716569
15590788
15590710
15592144
15633747
15633739
15592763
15594536
15678653
15691568
15714876
15687709
15670418
15691483
15738489
15670411
15691436
15691435
15691543
15691437
15691547
15697706
15570062
15594321
96381295
15697924
15701457
15596077
15590305
15600090
15597373
15584185
15582840
15573941
15597197
15624775
15582598
15690479
15588386
15619228
15691445
15624774
15624745
15766543
15627697
15585755
15755084
15585556
15736585
15678191
15586125
15738472
15738523
15600710
15619281
15573312
15614247
15598040
15607636
15609801
15606961
96366442
96381323
96380256
15559929
15590295
15567143
96367201
15573859
15690142
15614238
15559839
15597634
15593726
15580022
15608629
15582933
15579912
15596113
15567392
15582722
15691484
15578759
15573891
15573858
15595881
15590224
15691529
15582884
15586324
15597573
96381451
15636858
15569871
15606964
15602204
15596394
15761370
15570032
15691490
15691588
15610624
15631307
15690158
15691561
15579788
15571357
15587265
15591039
15734473
15592655
15569904
15587081
15577663
15564587
15616446
15588580
15558136
15563099
15633774
15557515
15567490
15691489
15584092
15579748
15557334
15563703
15596376
15537311
15691554
15557495
15656635
15579117
15585523
15584198
15691530
15559849
15584197
15689938
15587120
15691482
15691556
15581993
15584411
15616303
15628613
15606992
15713443
15746884
15606920
15602033
15606919
15607054
15585766
15554558
15656946
15579170
15772385
15691454
15690155
15772141
96357883
15559650
15573442
96372948
15534800
15742522
15559711
15714929
15555831
96381293
15691467
15579852
15570015
15535803
15712632
15655383
15559798
15554988
15558260
15519589
15556043
15749064
15567499
15691570
15607635
15714948
15545536
15691473
15705627
15691592
15691591
96357873
15534560
15531731
15534294
15743000
15535024
15580133
15619394
15534671
15579105
15562276
15534340
15608669
15559374
15714242
15604927
15590882
15518582
15517540
15555998
15535788
15536277
15714252
15593809
15555761
15519695
15691563
15555361
15660003
15563528
15534364
96395446
96354935
15579850
15535835
15705634
15507481
15579449
15545531
15579778
15691569
15578868
96367190
15517285
15655370
96373367
15506404
15612020
15614197
15535657
15631216
15575135
15534731
15557942
15536436
15653952
15517396
15508249
15534215
96381511
15612019
15534180
15534129
15549482
15691516
15691451
15614196
15534845
15512929
15555293
15568393
15690145
15534462
15522284
15545229
15691466
15656655
15691465
15690129
15570786
15531711
15691424
15567007
15691442
15504263
96357886
15535650
15507624
15534200
15678044
15507914
15580045
15661229
15508025
15656736
15656710
15656958
15507637
15609949
15564367
15508000
15488130
15534675
15656870
15679462
15714860
15656615
15690117
15494362
15656936
15566825
15656794
15563618
15693525
15693526
15620950
15691558
15503069
15506459
15714250
15594561
15504267
15505868
15721014
15496915
15656872
15619334
15534621
15506024
15736575
15716579
15716604
15503085
96372864
15484282
15691488
15525628
15690146
15714916
15691472
15691496
96373356
96373357
15497124
15485962
15705545
15507651
15494514
15628595
15497244
15506116
15714977
15487651
15490211
15690156
15479963
15479787
15716614
15621616
15745636
15508051
15655372
15549502
15507551
15490038
15500515
15653975
15511902
15494257
15679479
15656695
15496702
15480104
15465646
15465647
96354746
96374133
15473146
15563706
15678203
15451219
15471055
15584816
96360075
15494564
15500559
15691573
15653945
15508178
15568398
15493220
15500585
15493498
15656966
15480141
15475970
15655315
15655384
15525946
15476359
15494064
15487733
15497235
15465989
15475969
15470066
15641623
15582035
15505877
15606912
15746304
15468174
15465649
15410295
96397699
96365114
15658261
15691584
15691449
15522299
15493627
15691439
15487564
15479759
15471706
15480001
15453536
15598245
96341742
15470065
15471294
15600195
15619335
15656591
15714198
15471278
15470182
15469541
15469539
15451052
15656761
15480086
15451015
15593103
15473082
15449038
15480031
15579433
15453483
15451256
15525923
15656670
15656791
15468416
15449039
15473316
15493620
15716582
15568411
15497278
96365013
15443349
15465721
15691441
15465871
15593140
15736788
15691456
15466055
15691440
15409712
96354828
15495174
15528061
15471697
15527883
15593143
15466098
15436352
15528003
15504824
15656652
15409733
15653976
15624320
15568413
15468282
15500571
15616377
15568390
15495140
15486501
15411810
15443481
15468659
15655319
15495157
15693274
15409914
15653953
15497340
15504204
15720965
15691557
15474004
15495198
15413625
15734485
15705574
15736584
15458408
15466024
15409929
15736582
96365383
15593085
15472040
15568403
15442408
96345443
15410175
15393190
15471701
15436850
15448729
15457383
15656806
15534774
15570750
15457638
15687202
15448738
15473949
15655306
15678254
15448730
15720990
15656910
15457662
15442417
15637902
15658267
15412964
15678267
15581537
15443497
15471902
15466101
15690169
15497324
15412965
15527858
15497323
15690121
96353696
15448743
96354732
96363665
15528059
15403237
15457896
15567822
15403236
96372863
15691511
15437681
15555079
15458085
15401764
15438320
15471992
15403235
15678235
15486328
15656849
15691498
15438403
15705565
15393135
15375624
96345985
15371642
15393079
15449831
15371541
15393165
15495176
15393113
15396039
15584742
15393163
15369048
15691581
96374632
15393193
15396038
15393181
15442630
15449379
15495162
15368875
15393110
15456391
15393107
15375859
15378714
15442910
15656855
15495170
15380366
15368900
15656562
15497300
15448749
15393187
15472035
15393151
15495262
15568389
15396051
15393133
15401798
15402986
15396050
15402955
15495211
15443200
15456643
15393185
15497260
15497314
15436965
15500535
15772143
15398462
15375633
15393166
15372807
96368310
96346038
15378463
15495220
15376312
15376448
15495155
15393120
15653979
15497333
15497345
15486320
15705602
15658276
15395597
15705603
15393199
15607658
15705579
15375584
15378198
96345966
96368300
15378290
15393148
15376556
96334120
15393149
15393114
96354802
96386649
15376330
15457364
15393108
15378458
15699118
15376257
15495236
15393131
15367753
15549479
15457365
15376440
15393182
15653977
96364772
96364771
15372806
96364777
15393176
96365340
96365300
15376544
15497347
15363138
15378296
15364273
15365563
15337569
15393144
15365440
15372665
96332596
15372895
96354895
96368242
15339442
15495154
15342431
15393198
15393123
15362487
15372882
15495165
15363177
15350966
15549497
15337289
15495173
15376294
15495197
15350414
15372658
15342482
15557933
15656795
15378362
15365428
15361837
15393115
15376236
15393192
15376445
15376442
15372738
15390250
15372707
15376406
15332025
15549532
15691531
96328788
15393143
15412376
15393140
15365602
15339045
15354435
15365519
96322097
15360223
96354931
15372856
96354906
15387928
15362212
15339018
15360794
15412476
15363176
15593109
15309309
15412987
15372846
15361929
15360154
15359503
15372847
15495175
15365735
15381244
15357020
15365745
15341982
15336715
15444245
15723254
15393201
15497275
15314823
15495261
15375672
15473675
15593136
15656754
15454419
15772031
15772017
15771997
15771977
96377421
15317868
15359792
15317733
15318080
15336709
96381321
96317712
15607643
15393175
15393167
15292400
15372878
96324882
15305184
15376467
15570742
15372891
15691455
15314949
15371950
15472196
15393103
15275781
15318171
15495159
15340620
15538744
15359169
15393177
15346726
15393105
15457416
15393191
15295362
15336718
15567843
96381186
15653939
15375712
15318421
15295363
15295311
15359549
15348849
15655316
15363174
15393186
15495254
15393121
96382830
15339125
15549529
96354803
15339468
15317910
15340751
15317757
15273797
15361331
15292615
15305021
15271862
15361299
15393146
15317781
15393157
15393060
15393188
15291989
15495158
15393162
15656918
15656856
15444233
15656917
15368923
15292893
15393077
15393200
15595131
15658284
15268961
15312503
96332597
15354521
15298379
15361338
15495147
15293874
15293881
15393141
15393134
15372845
15393102
15301838
96314011
15279797
15324049
15268955
15312916
15393139
15495199
15323834
15317756
96341803
15393125
15273645
15251084
15255969
15254963
15309402
15439355
15254686
15275973
96364459
15312718
15474508
15656931
15361285
15393137
15298156
15372669
15393106
15324206
15314809
15393129
15301470
15690159
15393142
15296714
15399592
15268944
15275572
15284835
15273687
15314818
15393078
15393178
15312420
15268626
15291881
15393087
15393197
15691532
96364764
15335164
15393095
15255664
15301915
96317771
15279857
15318075
15393152
15393098
15393183
15284580
96368278
15273830
15251319
15405863
15393122
15568400
15393118
15393093
15273780
15301335
15259454
15245756
96328063
15393184
15284879
15304935
15233175
15255652
15361336
15348706
15393112
15284610
15437994
15286812
15376417
15240982
15249262
15245684
15444400
15444383
15363172
15249102
15374769
15261085
15336843
15300891
15234526
15249198
15296972
15301472
15705665
15393150
15393138
15395599
15256511
15653962
15361303
15255768
15290785
15249246
15314398
15250898
15342146
15328440
15656850
15284782
15336716
15497355
15314325
15393119
15393155
96365303
15324093
15243130
15289877
15255587
15262798
96308168
15374784
96308172
96336251
15393156
15352730
15240662
15298448
15284581
15324319
15240783
15393111
15194570
15314341
15255181
15393161
15662484
15436947
15393189
15336741
15255172
15289962
15268773
15563710
15254978
15301871
15301711
15368937
15256811
15324003
15242852
15245650
15336717
15275967
15361821
15727788
15245534
15323867
15439534
15281687
15262781
15256958
15259570
15336845
15300938
15323989
15324074
15393127
15300922
15263432
15493828
15263439
15324092
15324076
15293921
15264672
15323988
15324091
15300880
15235672
96374621
15351236
15300971
15336888
15242628
15379505
15301196
15239338
15301106
15213405
96374656
15261383
15290328
15218333
15217933
15393171
15243007
15273074
15262617
15234704
15379478
15495148
15245209
15256918
15468154
15393104
15239336
15393124
15273825
15656767
15230792
15230793
15328442
15256546
15233123
15497303
96300880
15379530
15240917
96317701
15239622
96300951
15379473
15217907
96300909
15567935
15379506
15237230
15204316
15239324
15284630
15232932
15379438
15379507
15230722
15206626
15495156
15283341
15495163
15495190
15240929
15211692
15328210
15379452
15301452
15374734
15242670
15230731
15372813
15254962
15273076
96300890
15379460
15497290
15250978
15361301
15202933
15236402
15656960
15300333
15262597
15235333
15226013
15262791
15233068
15325308
15233069
15374721
15190801
15196234
15298445
15393169
15393168
15393164
15374781
15254541
15255046
15298362
15358574
15393047
15393136
15379453
15305096
15305001
15221111
15379512
96297772
15255031
15305002
15239678
15301071
96297965
15226238
15230573
15301001
15336889
15301091
15300986
15301181
15301121
15336886
15301151
15301136
15273114
15196102
15336887
15255279
15254584
15254731
96372901
15379475
15379430
15363159
15242775
15300956
15264309
15361329
15578866
15209870
15256903
15379480
15558444
15379458
15393172
15201114
15206690
15379486
96364825
15300343
15243241
15233428
96364958
15379462
15374840
15236952
96300927
15379508
15362474
96307288
15208965
96300881
15301166
15228237
15362973
15212701
15325271
15656739
15246914
15358544
15208834
15245842
15234960
15300867
15362976
15379476
15379525
15232160
15230642
15226806
15374710
15393236
15393237
15393238
15393239
15393240
15393241
15393242
15393243
15393244
15393245
15393246
15393247
15379454
15229237
15195961
15336719
15336828
15229500
15336761
15312777
15221116
15379437
15273091
15201099
15238096
15379493
15218133
15324899
15328211
15326371
15379432
15240798
15212813
15238273
15379448
15379456
15379496
15393117
15208838
15379427
15206421
15374707
15379444
15280522
15209713
15374683
15230741
15232655
15208882
15160482
15230597
96337017
96310159
15236410
15379464
15379549
15208568
15362683
15234628
15226839
15217516
15136934
15358546
15209847
15261354
15208907
15240803
15230611
15230883
15226226
15133834
15393094
15284621
15233762
15379440
15251302
15372664
15285661
15393180
15379551
15255732
15240660
15379524
15273110
15273128
15379426
15393109
15281666
15140135
15161908
96398456
15326380
15217691
15138896
96337180
15444370
15159395
15239482
15372697
15362961
15379469
15274525
15238066
15315208
15238153
15300348
15325312
15157048
15209941
15159207
15226082
15230598
15297198
15133682
15336819
15158989
96309365
96297200
15208881
15296791
15379547
15273159
96332560
15133589
15374843
96337224
96297784
15208859
15153660
15393126
15379656
15236119
15133607
15336860
15379489
15379499
15379420
15495137
15240805
15147705
15656766
15379433
15379431
15273877
15379421
15284582
15379419
15379491
15379492
15266064
15393173
15208873
15379536
15379537
15379541
15454444
15379543
15361339
15208871
15379422
15379533
15379534
15139038
15379531
15379540
15379535
15379546
15273144
15379542
15102717
15379545
15379544
15379539
15226061
15379538
15379532
15379529
15379450
15297138
15169816
15150002
15199082
15379441
15395593
15379428
15379490
15208491
15379412
15300352
15301174
15374679
15300329
96365266
15374724
96365214
15236204
15374661
15077169
15079025
96307167
15144381
15379514
96297236
15150232
96317089
15144795
15147097
15379487
15150162
96310150
15147552
96307390
15381250
96346161
15379459
15236929
15374698
15220738
96305970
15114813
15144778
15374699
15220739
15202776
15150101
15144747
15325914
15298437
15379435
15302288
15225867
15147611
15150070
15147411
15226007
15209903
15374719
15083821
15379424
15144677
15253681
15495164
15133789
15379466
15234645
15144382
15147538
15147625
15379451
15240396
15379416
15149987
15154081
96286571
15123517
15209969
15495171
15379425
15237094
15136788
15150145
15598064
15325915
15201105
15147111
15159119
15272759
15144380
15075621
15300351
15691448
15149395
15225866
15156774
15379472
15237993
15272765
15300328
15180750
96297957
15149982
15201167
15272734
15209867
15066979
15150268
15167759
15105972
15274495
15063157
15066814
15153599
15242903
15179317
15167808
15094562
15208841
15118582
15180675
15184652
15374676
15379497
15147077
15283304
96381493
15191210
15150069
15077731
15374744
15180720
15208889
15374678
15374713
15495245
15271347
15149983
15226076
15259332
15379446
15209954
15273145
15150139
15147469
15091945
15273126
15147443
15134896
15252553
15147440
15112773
15160463
15160464
15147428
15379510
96307644
15093329
15147392
15226189
96310160
15238111
15096232
15271344
15207640
15063737
15379445
96297286
15061613
15123538
15121579
15117409
15098240
15326409
15098860
15379443
15098748
15079356
15325207
15379415
15374673
15106673
15076120
15151198
15063655
15106925
15098300
15226172
15237257
15273111
15379502
15150116
15208526
15106625
96297917
15180945
15243282
15314813
96307597
15300371
15226260
15083547
15336825
96365164
15095850
96291320
15077709
15095939
15208974
15178414
15374848
15374745
15110288
15096168
15110002
96381448
15172009
15063191
15133230
15098110
15104639
15115235
96307594
15067341
15121667
15379501
15374768
15063193
15444404
15226144
15379550
15376250
15374783
15098401
15104580
15106803
15065280
15168764
15300322
15238112
15067024
96307443
15336749
15100369
15210018
15106676
15100205
15374742
96295713
15336739
15107016
96280852
15104619
15379474
15100362
15155027
15326401
96285204
15155216
15098416
96291231
15336733
15108073
15074794
15149994
15106640
15379484
15379511
15314368
15336833
15096365
15374793
15207516
15094633
15098284
15184498
15208534
15121635
15144695
15284590
15179343
15094476
15059598
15284602
15076793
15076796
15180781
15033314
15336738
15106988
15283306
15374750
15096021
15106793
15076795
15083737
15097956
15136534
15103727
15374709
96307491
15053361
15136668
15136384
15110308
15207696
15105780
15272756
96307490
96307496
15230831
15325236
15076794
15100312
15093430
15095933
15061630
15253211
15108070
15076867
15156674
15099773
15099764
15054713
15336730
15379436
15099713
15099763
15374743
15374687
15379434
15153737
15275182
15174551
15073721
15076908
15082674
15144733
15336836
15372818
15103777
15095865
15126691
15026985
96281340
15076737
15186941
15184581
15184462
15207501
15081895
15026886
96281300
15184509
15047617
15085699
15212088
96279391
15379527
15212108
15126759
96317775
15077010
15076755
15025638
15075204
15059322
15092917
15085647
15271342
15043383
15106785
15184516
15184561
15076850
15184582
15118783
15155774
15184583
15271361
15103787
15030481
15073811
15061189
15095948
15238142
15105812
15076910
15026971
15020562
96297811
15096313
15184576
15201188
15201201
15207489
15314326
15314324
15099759
15100354
15379429
15374672
15336882
15103717
15336863
15336883
15075202
15100409
15076915
96291367
15081940
15077017
96281336
15184644
15073768
15184636
96285239
96324264
15076804
15076985
96298881
96298887
15184474
15037481
15184626
15203660
15095918
15095983
15106751
15106752
15151204
15325237
15184605
15001772
15108957
15108956
15073790
15096323
15109932
15044836
15374669
15095919
15379503
15098685
15096003
15104546
15184664
15081667
15081851
15379467
15374771
15098205
15274490
15207490
15098399
15105813
15081902
15098875
15026972
96286580
15033268
15207871
15126709
15271362
15081929
15100196
15379526
96307545
15100182
15059771
15059512
15081727
15184566
15076879
15655352
15151203
15379522
15209737
15324898
15027025
15001899
15184537
15207536
15208839
15047855
96307074
15024581
96285227
15015399
15184640
15184648
15207491
15064183
15010880
96298875
14992158
15005679
15379477
15001888
15076676
15002059
15374845
15099762
15026973
15026970
15625925
15051190
15059780
15047624
14971108
15139032
15027042
15001911
15273137
15006604
15005725
96388583
15207505
15138604
15064182
15027030
15155308
15001884
15379461
15497318
15076797
15081887
15379515
15073712
15008876
15075205
15379516
15379517
15379518
15379519
15379520
15034782
15060914
14971113
96296333
15379553
15100293
15047679
96307145
15064239
14971102
15073771
15049313
15044797
15051154
15186943
15630681
15033762
14994024
15081899
14971090
15023246
15186942
14971109
15253682
15047630
15076754
15028418
15073707
15379449
14976864
15034858
15099730
15006141
14995591
15156008
15005541
15086331
15237992
15551618
15000012
15027015
15006081
14992939
14976867
14986822
15226206
15001588
15030473
15034781
15076830
15099736
15362457
15235328
96307500
96307569
14996759
15208576
15271346
15027028
15027486
15300325
15300324
96285216
96281321
15148060
15034313
15030462
14993809
15006651
15379485
14978513
14971107
15081698
14971101
15008880
15324900
96298941
15001651
15009723
14946610
15336767
14971114
15034765
15148063
15033377
15020504
15148062
15226145
15379528
15073797
15273072
15184510
15001733
15005685
15673993
15379465
15020505
15001938
15010871
15099732
15030466
15020753
15666754
15026936
15666753
15166704
15207738
96285206
15023380
15379483
15379457
15017177
15006627
15186145
14996462
15001754
15001642
15001643
15001773
15207544
15379509
14994937
15076592
15379513
14993848
15006598
15016652
15017212
14992279
14971089
15005836
96281334
96381799
14977210
15001740
14997029
15006652
15326370
15148061
14995660
15379413
15129562
15001858
15006617
15009787
15001613
15030839
15119075
15012011
15001605
15005825
15184584
15207488
15021659
15081527
15207537
15006082
15166696
15100233
15001942
15005619
15099721
14979240
15034723
15035577
15006145
15026946
96296338
15025808
15027029
15006776
15010735
15208579
15321323
15271349
14996460
15006239
14994941
14994932
14994934
14980876
15006758
96289734
96274431
14971104
96274387
15009674
96291301
96307280
15099748
15009713
15055037
15006587
15001697
96293696
96298940
96298999
15100161
15009745
15005853
15374841
15100224
15008242
15006731
15184651
14982429
15005639
15005882
15184511
15166688
15148066
15168916
15100249
15001928
14996764
15035667
96279232
14968304
15025675
15005294
15379481
96307643
15002099
15185885
15002100
15379482
96307492
15379498
96274419
15005543
15005966
15006614
15099775
15005545
96274413
96326762
96274388
96350457
15235326
96271436
15001865
96299017
15207669
15184585
15006142
15006147
15006728
15379410
15001944
15168770
15032007
15024477
15081875
15374720
15193323
15379504
14979241
14988724
15148077
15226190
15370674
15001937
15379411
15129567
14967380
15168772
15027024
15001922
15031992
15014472
15014473
15009685
15166702
15001903
15193322
15379471
15379442
15207538
15184630
15009750
15148056
14967608
15081950
15379494
15075235
15001624
15102747
15100181
14959751
15001952
15034335
15001560
15005611
15001583
15005684
15005487
14994939
15006673
15002087
14991262
14994938
15148067
15099716
96265018
15099729
96274462
15179135
15095787
15379479
14962796
14946030
14967272
15374773
96280967
15098902
15096181
15167756
15073799
14994152
14984994
15005529
15073709
15238247
14929497
14958041
14988753
14944624
14953062
15009744
15006704
15166694
15005228
15057180
15374852
15157686
15006799
14996381
15300332
15129558
15157687
15129560
14954939
15016925
15129548
15100175
96364817
15078567
14994940
15005969
96365163
96336763
96274418
96274464
14967456
96307257
14937423
14946234
96263864
14944669
96336761
96336764
15396047
96336760
96263827
14965412
14938342
96257915
96280953
96280955
96280959
96280962
14964754
14938252
15208973
15379523
15055172
15148922
15374847
14988837
15374764
15082929
15082930
15098761
14938575
15005321
15031291
15151202
14979197
15002215
15209035
14986766
15098762
15055161
15374762
96280958
96280952
14949562
14988780
14944550
14956346
14978269
14961148
14961161
14961207
15208521
96272871
15005636
14968014
14960253
15009746
14988838
15001810
14979278
14946042
15006718
15374708
14937150
15009748
15078574
14905359
15022450
14961223
14961149
15148050
14962792
15132534
96267227
96267232
96267228
96267230
15184444
15148055
15374711
14979169
14961091
96255978
96263857
96263862
96271432
14946239
96298259
96298239
96298236
96298241
96298242
96298240
15157685
96298243
15001566
14938357
15458016
14965379
14953053
15001732
15325317
15166749
15009687
14964842
14962987
14937225
96258010
14961262
15379548
15006045
15005874
14996364
15028601
14867037
14836360
14961124
14960289
15006620
14961126
14993987
14961065
96284060
96271397
96263835
14979162
14961084
14879573
14995382
14988793
15207703
15129561
14836361
14866963
96248425
14885990
14961137
14961182
14961064
14957994
14961082
14979249
15148065
14867138
14937111
15379439
14882953
15148068
14906818
14988842
14870026
14866670
14867128
14882955
14910833
15001555
14961066
14961104
14995670
14961181
15129553
14988826
14854714
14979245
14937404
14961206
14961232
14961115
96262920
15374851
96263842
14979254
14988827
15184586
15001804
14996454
14987387
14867139
14867242
15300349
14979222
14867070
14885975
14870218
15005985
14885976
14867198
14867237
14991463
15157684
14854885
14885973
14885974
14930953
15008864
14867172
14867133
96254469
96254468
14930542
14941672
14906729
15085688
14979205
96307389
96259897
96307151
15374761
96271403
14979208
96307130
14961248
96307242
96254464
96271402
96307129
14929220
14867185
15064712
14943558
15001693
15005427
96280949
96280944
96280945
14961178
15166700
14961209
14961168
14961200
14961208
14961188
14961088
14962253
15009761
15001971
14961151
15086364
14961179
14867165
15000198
14961079
15075225
14961067
14961083
14961189
14961140
14961141
14961073
14961071
15379470
15379418
14961068
14961219
14961074
15001932
14961099
15009836
14961176
15225986
14961169
15009837
15009838
15457356
15006680
14961163
14961162
15166690
96254470
14995554
15184548
15379414
15184504
15020519
14932208
14961072
15374746
14977190
14863656
14961070
15166689
14961123
14934686
15033770
14993642
15238217
14979207
15005640
14836232
14961180
14863795
96248398
14965697
15006599
96251997
96251995
14962463
14932393
15129559
15637617
15129557
14903063
15157488
14780827
15129556
15087770
15023986
14867033
14867056
14979270
14961146
15129554
14885988
15129568
14829695
15105025
15125354
15184650
14929328
14960015
15018161
15184512
14886198
14886025
15129555
14930728
15001776
15148054
15148073
14836461
14830081
14993690
15005934
14961107
14903550
96248396
14979231
14979170
14885982
15005544
14979274
15148069
15393174
15148070
14961046
15157497
15157501
14853264
14867132
15148071
15148078
14961236
14870182
14849859
15157499
15157495
15157496
14979275
14893770
14961106
15395594
14870029
14809205
14867036
14977730
15374748
14836362
14827513
15023406
14866982
14866745
14809197
14961183
96243606
14925055
14981742
14867035
14964994
15169010
15168945
14961253
15027007
14885978
15141513
14961171
96321208
15061104
96271416
14961227
14867134
14979183
15129547
14879574
15091213
14879754
14829665
14814534
14979252
14838369
14979242
15148051
15002119
15208971
14882960
15034102
14814497
15238152
14809136
14961225
14867018
14961147
15001646
14867017
14870180
14885989
14967661
14887592
15132531
14886200
15006697
14870502
14880456
14874665
14979211
15001800
14995434
96258930
96258956
96271394
14893773
14782341
96257552
14979175
14780751
14816784
14880466
14816831
14809207
14809112
14809103
14885132
14814495
96259095
14764478
14962950
14979239
14874611
14880475
14814245
14879575
14749762
14787124
15041544
14961198
14961199
14961128
14961142
14880464
14911609
14816783
14838324
14961089
14961090
14979199
14979236
14809193
14932690
14809111
15041517
14932685
14778840
15374767
14961102
14961103
14961110
14985622
14789561
96242120
14826874
14979279
14884365
14930698
14822181
14838394
14884362
14816872
96307385
14816795
14893772
14824268
14824272
96237185
14814524
14748063
96245242
14816823
14809161
14814200
14748046
14808908
14830852
14827124
14816780
14870482
15653954
14874627
14886046
14852219
14785256
15367144
14829298
15656797
14744134
14979277
14836218
14961057
14836439
14911611
14822266
14751343
96307309
14816767
14762433
14880458
14863902
14979237
14822224
14780750
14880410
14911608
14855379
14874686
14938590
96243247
96237304
96237308
14809196
14930114
14874659
14757867
14917928
14778818
14800075
14800042
14778411
96237312
96259837
14870398
14780747
14863423
14816798
14751313
14780749
14808997
14814448
14816803
14917957
14827047
14800021
14778873
14809133
14824270
14816782
14880428
14749827
14748105
14809198
14789588
14805880
14917966
14809285
15026768
14789587
14753420
14874478
14833193
14880374
14743009
14911614
14789489
14885986
14758957
14874481
14854669
14838395
14884347
14749842
14927160
14882949
14880377
14824271
14909144
14832509
14780852
14880452
14870455
15001661
14814263
96237886
14880473
14882956
14867656
14819436
96240175
14816778
14961069
14791499
96258788
96240188
14747967
14874494
14880481
14880435
14789534
14769103
14898807
14791038
14874590
14880439
14789532
14780739
14898660
14819461
14816824
14814320
14847168
14789506
14961130
14809123
14816877
14809220
14742998
14791538
14787247
14979195
14838393
14814543
14816861
14816836
14814284
14880461
14765384
14763133
14766955
14874519
15078575
14836353
14917929
14744269
14874644
14870450
14870420
14874653
14961222
96258918
14961224
14809180
14898666
14867518
14979289
14983092
14979320
14979301
14979308
14979321
14983093
14870419
14807532
14809208
14880417
14884310
96274406
96235456
14874511
14780748
14884333
14780692
14874700
14790794
14809102
14870429
14789537
14782206
15374751
14746234
14880519
15374844
14979265
14808895
14808886
14749846
15374752
15379417
14761894
14874689
14805868
14854065
14879758
14733304
14814215
15005431
14827098
15078577
14780794
14747624
14747626
14780752
14826871
14874512
14898658
14780725
14880494
14874712
15016395
14816796
14911606
14874662
14961150
14809107
14874596
14816874
96287252
14724453
14747630
14874676
14809092
14870465
14856483
14877486
14749747
15230590
14816876
14800025
14874606
14827129
15018879
14789536
14707931
96238542
15078573
14870509
14789527
14877394
14886020
14880497
14749826
14741783
14763207
14745827
14884376
14880453
14874681
14805818
14870443
14757661
14856037
14917970
14800102
14757654
14880378
14833498
14856409
14856408
14877441
14776900
14744128
14874514
14832663
14783023
14789553
96232244
14749255
96240151
14747612
96234411
14832523
14816870
14814194
96234378
96277955
14789572
14789573
96234502
14874485
14803542
14716632
14877425
14783021
14880364
14961133
14780679
14824592
14809262
14816804
14917949
14711465
14809222
14829666
14783017
14870211
14714372
14977726
14799090
14961170
14713804
14809242
14734886
14874530
14864662
15692802
15078667
14800080
96231690
96240165
14814542
14832557
14874706
14832484
14880399
14874546
14789495
14838556
14731967
14789555
14731913
14882985
14874540
14874601
14854208
14961264
15078608
14803520
14855378
15379636
14961226
14857380
15186962
14720364
14961052
14863922
14961042
14816802
15691317
14789488
14791525
14911617
14874561
14689433
14880433
14835094
96243590
14703244
96243588
96243586
96307080
14747618
96243591
14880394
14884381
14870446
14874643
15001948
14870498
15078524
14877575
14870415
14711663
14780677
14882950
14809199
15495252
14893767
14961138
14751236
96240652
15046551
14814562
14979202
15078813
14880496
14816825
14800040
14874656
15078555
14729080
14809110
14789615
96233429
15086204
96237291
14819348
14880434
14816674
14921766
14816858
14870485
14649085
14791577
14717429
14686228
14805834
14870468
14805815
14778816
14814496
14809131
14809109
14800104
14917921
14829057
14874536
15655404
14921643
14789552
14717535
14856416
14744215
14722526
14780938
15009820
15009821
15009822
15009823
14800020
14961175
14880476
14847349
14791553
14816677
14814254
14809128
14791578
15078548
14717522
14715102
96242096
96277949
96235418
14715345
96259808
14713438
14809209
96234415
14870486
96248432
14816805
96234414
14819350
96233556
14791158
96242095
14874690
96242094
96242093
15086975
14816768
14816797
14717504
14789604
14816869
14717475
14708106
14808890
14735222
14917927
14803555
14711479
14717509
15001648
14717552
14789590
14814523
14789589
14715097
96242097
14816871
14789533
14778018
14854184
14742947
14809298
14854206
14874554
15016873
14880446
14809313
14814488
15097984
96254515
14880440
14711626
14917954
14884338
14880365
14870440
14979276
14789550
15002104
14909159
14819347
15384379
14717496
96212961
14715254
14717298
96212879
14715360
96212878
14708229
96237163
96212880
14715111
15500834
14711370
14789556
14711366
14717489
14717483
14874539
14708278
14719836
14708208
15001876
14708225
14717376
15006578
14780870
14722667
14708207
14642237
14715329
14715341
14789605
14814392
14814249
14780853
96212960
14814459
14717383
14856496
14809105
14717428
14893768
14717425
14780680
14816791
14717540
14642254
14711371
96321191
14646820
14715112
14717537
14717219
14711491
14719840
14715107
96231657
14717527
14715349
96242104
14715328
14717558
14717378
14780877
14874651
15005390
14708319
14662062
14789627
15001715
14717551
14717329
14717296
14729094
14704698
14717463
14719845
14751262
15349069
14717297
14713588
14717481
14717556
14717546
14721695
14713607
96242036
14706728
14717403
14717555
14870417
15184460
14643824
14855411
15151200
14721569
14721570
14717440
14715269
14857235
14711102
96227847
14648190
14710053
14721518
15078504
14711552
14641934
14655139
14721703
14721490
14721551
14721519
14717422
14710295
14646743
14721552
14706624
14721492
14721550
14715340
14701613
14648771
14642062
14874542
14715179
14715140
14715290
14715289
14717315
14715205
15001616
14715217
14704733
14713506
14715181
14707905
14711196
14715225
14727897
14640429
14715291
14715206
14717222
14717226
14721491
14721506
14721553
14648031
14713449
14713475
14715141
14793651
14874629
14648180
14880366
14778874
14662460
14749861
14727780
14819373
14717533
96237148
96237147
96237146
14719992
96305601
14708295
14646730
14657868
96221444
96321164
96235831
14643833
14727877
96237149
14631970
14649018
14643844
14615277
14729701
14710109
14710311
14717216
14644417
14662367
14642182
14961136
14654842
14717492
14642180
14727799
15394150
14722678
14643806
14646729
15006640
14653269
14708288
14715318
14648225
14711159
14648752
14706654
14710348
14711674
14724221
14654483
14642262
14724222
14645218
14645173
14646634
14642348
14724224
14638157
14805793
14634185
14634166
14611633
14634202
96260550
96210422
14612760
14634211
14612331
14659449
14640430
14640431
14725873
14635136
14653266
14653267
14634395
14638149
14603117
14816794
14645090
14727892
14612518
14809165
14642122
14641994
14701554
14615304
14641276
14699849
14710087
14699848
14634228
14699850
14653228
14653238
14727862
14635197
14634134
14648769
14635194
14761982
14583711
14583702
14809089
14812081
14646534
14629639
14612516
14698079
14646709
14646711
14629590
14635098
14640318
14627791
14721521
14911607
14699924
14882984
14699824
14629648
14641258
14608181
14639750
14586336
96210789
14609991
14717434
14626076
14592784
96245388
14616659
14641219
14629658
14681335
14604178
14724273
14634930
14749859
14587574
14711097
14587531
14717553
14582386
14646649
14698007
14586316
14721639
14699910
14711586
14711673
14646710
14711320
14646512
14608426
14641238
14595715
14729724
14586317
14611674
96289432
14583849
14643853
14604211
14586303
14615300
14590668
14603076
14635107
14586110
14898659
14789635
14592789
14634272
14602881
15279795
14600189
14643886
14699828
14603002
14600008
14699811
14699862
14603072
14699815
14699912
14607768
14699872
14603014
14603013
14602922
14640384
14634970
14612709
14587528
14551921
14626004
14626005
14612757
14626003
14603037
14626002
14699805
14710071
14643823
14589692
14614591
14631335
14600247
14648058
14719989
14602984
14602983
14604192
14612153
96210691
14586164
14578223
14701620
14594736
14566660
14725926
14699914
14587858
14643010
14708192
15006153
14646609
15459695
14595308
96209948
14600884
14789596
14727844
14717389
14556716
14556715
14641085
96242551
14555725
14699923
14553978
96242541
14586156
96203980
14587536
14708259
15078493
96210325
14675480
96233353
14699830
14602998
96233349
15078569
14561241
14699895
14632536
14644308
14699902
14559447
14575586
96203983
14605422
14559516
14699900
14917950
14546487
14566524
14613458
14793572
15648599
15648600
15648601
14612038
14612109
14719831
14713464
14573595
15648663
15648664
14755983
14623022
14727880
14717520
14706751
14545380
14699832
14726128
14561306
96203977
96203937
14611159
14698040
96203942
96204029
96203941
14631342
96203940
14608150
14713480
14662981
14711178
14713561
14713562
14550988
14559483
14559417
14566447
14713472
14566525
14566466
14566633
14566682
14710108
14713566
14715574
14568461
14561617
14713563
14713565
14566541
14519114
14701580
96264046
96229578
14568472
96229618
14857263
14573708
14631145
14531594
14557551
14611629
14612137
14612112
14568422
14717464
14699909
14917951
14590449
14699907
14617199
14566628
14699917
14725940
14568484
14608794
14699899
14577930
14580286
14727781
14617228
14675587
14717395
14595725
14531516
14621282
14553536
14800103
14599901
15184519
14551513
14575527
14699906
14717394
14699908
14568436
14612128
14612149
14612148
14676968
14612129
14711441
14614768
14711442
14699833
14917936
14612087
14717637
14612127
14699837
14612138
14612103
14724203
14557424
14612140
14612139
14612093
14614747
14717360
14612126
14612069
14612147
14917944
14546028
14709998
14614748
14575495
14531588
14593425
96242657
14604207
14726038
14636129
14591513
14706693
14471246
14591512
96205972
14559643
14629878
14531573
14619342
14793673
14793573
14624661
14713531
14559653
14699812
14886021
14559652
14531513
14604382
14641234
14604212
96225934
96210401
96237197
14546102
14704808
14595648
14706606
14713532
14568544
14701569
14721680
14729599
14533272
14528872
14731755
96196389
14525381
14469516
14725902
14713492
96221423
14699860
14727861
14509043
96229607
14559584
14555403
14528918
14471405
14644263
14726077
14559585
96205970
14509333
14559605
14559655
14559595
14533252
14509324
14471590
14731758
14509342
14559594
14611423
14533283
14611422
14553200
14528908
14509344
14553201
14472614
14559703
14533262
14509314
14509334
14793598
14533282
14533371
14615161
14533263
14724291
14548015
14724272
14533459
14713482
14551562
14612111
14654896
14553170
14652006
14471678
14471489
14471593
14552400
14724252
14472810
14724287
14727870
96208427
14471350
14729494
14533356
14727766
14651922
14472777
14528848
14727811
96223887
96196418
14439996
14727848
14471629
14590611
14557389
14533461
14724288
14559706
14727867
14487658
14472665
14699928
14645669
14726080
14471666
14793629
14669453
14727827
14568547
15327929
15327927
14528882
14533286
14729673
14780920
14727824
14727828
14727826
14727823
14471468
14727825
96225945
14471539
14653499
14809204
14725912
14793628
15327928
14559615
15271343
14472626
14471505
14471605
14471507
14471536
14793665
14471535
14473308
14553203
14590418
14557300
14568576
14472778
14516370
14725930
14725947
14706678
15026763
14531614
14472782
14699903
14729547
14495485
14472689
96237436
14615326
14727885
14604468
14651941
14581590
14725938
14472674
15271357
14724275
14615151
14726084
14725927
14722682
14471277
15086254
14531589
14727710
14471638
14755943
14528873
14509199
14722681
14436666
14814248
14699855
14471508
14509044
15006622
14575528
14727813
14879765
14725931
14724274
14646589
14471408
14472764
14808931
14500155
14616428
14727888
14724286
14487659
14676934
14472657
14699915
14699927
14471656
14800110
14439929
14472750
14979238
14472749
96233520
14527493
14929167
14531566
14706685
14706707
14471281
14472687
14789545
14819384
14456335
96225466
96193776
14472556
14440060
14440086
14435321
14471249
14725945
14729609
14699806
14814506
14816875
14711250
14917963
14528897
14918088
14471332
14559707
14471601
14789481
14725928
14715311
14465385
96196417
96258964
14780857
96213273
14662999
14789515
14591625
15007210
14472701
14516649
14780921
14711286
15445449
14814216
14501788
14929187
14825556
14471528
14778957
14471322
96221408
14793670
14507125
14471467
14699813
14499368
14472611
14435290
14471279
14445450
14474928
14471455
14711619
14507064
14471567
14471502
14674544
14729608
14471356
14471501
14471558
14471569
14472724
14507080
14471551
14439834
14471610
14429646
14472818
14789546
14911612
14471524
14472671
14468461
14503728
14471559
14472857
14472807
14460059
14427752
14755953
14722706
14499541
14671223
14472859
14468441
14596974
14725937
14600879
14471335
14825599
14653167
14548016
14471300
14460067
14472541
14420263
14789524
15392196
14725953
14469484
14814526
14724289
14711356
14879735
14399150
14469243
14471627
96243136
14426043
14450141
14460073
14396416
96209824
96193811
14819369
96196728
14450159
96209819
14471379
14501480
14489826
14488123
14469487
96229580
14471394
14469497
14399151
14537467
14471686
14430008
14427250
15257496
14426170
14444632
14729528
14731787
14793578
14471402
14472716
14447573
14780858
14809139
14440089
14727857
14468429
14816842
14699831
14726020
14471689
14447572
14471447
14472506
14471475
14893774
14472508
14471762
14469493
14471476
14471396
14472514
14507121
14780813
14726021
14435289
14450158
14789482
14725925
14472571
14430002
14704783
14699868
14507065
14726019
14487496
14726022
14725974
14755963
14623128
14450139
14816526
14435298
14450152
14469492
14800017
14471324
14725874
14472795
14463004
14452454
14471392
14424644
14399147
14463878
14725942
96233258
14348338
14374512
14432384
96209795
14427125
14421370
14472841
14545842
14756178
14421329
14825617
14756182
14756195
14421279
14450164
14727893
14724290
14501217
14724284
14725968
14729562
14725941
14725966
14472648
14487497
14729561
14503672
14553130
14347132
14756183
14727874
14347397
14348411
14445965
15460194
14347067
14528940
14427219
14347051
14548351
14471390
14471547
14503690
14704734
14501325
14706706
14472565
14347169
14469495
14346902
14348375
14825587
14472530
14727894
14724285
14725967
14727896
14727878
14799885
14348456
14427230
14395688
14452412
14711443
14421286
14789504
14427134
14345366
14421371
14397396
14365547
14469531
14428501
14472834
14348626
14348327
96173715
14347258
14472827
14573858
14471267
14421372
14383978
14507133
14471659
15096568
14471660
14497523
14471330
14584708
14471680
14711606
14471707
14507079
14471510
14507036
14345463
14503751
14425043
14447513
14501418
14472805
14471662
14503720
14503701
14725899
14435291
15004656
14381445
14503729
14727806
14471657
14729644
14727842
96243119
14825543
14414496
14346886
14395584
14708391
14711435
14425040
14427165
14395594
14348598
14445460
14471360
14347076
14348443
14453736
14348602
14348390
14348394
14348936
14348389
14348404
96189576
96190594
14503693
14348446
14472729
14471591
14819383
14345427
14348574
14347458
14507076
14348489
14345531
14499894
14471578
14348633
14346926
14800018
14347295
14391858
14724271
14445837
96186948
14348311
14503747
14348504
14471458
14348413
14424368
14347011
14415801
14347004
14348445
14347007
14348580
14346969
14347282
14421353
14348344
14347368
14342988
14345506
14347008
14724434
14347332
14725984
14345367
14366159
14345453
14346888
14819377
14348423
14345445
14427211
96190585
14347037
14348419
14710299
14782993
14408736
14615112
14375678
14381452
14417989
14348451
14676928
14347177
14471544
14472538
14347359
15271313
14361671
14369861
14347342
14368613
14345530
14347351
14355161
14345402
14885997
14471364
14725901
14348377
14347310
14348303
14365456
14348309
15271345
14345354
14363376
14885998
14345112
14375815
14328315
14471329
14345514
14347252
14369346
14814584
14444080
14348939
14348534
14348558
14345485
14472798
14819401
14819358
14789571
14348469
14348576
14346920
14469513
14365762
14699913
14630998
14348310
14503619
14348495
14347124
14427143
14361641
14447034
14347364
14816790
14725985
14348585
14347138
14347288
14421322
14421351
15271277
14369823
14471428
14809272
14346966
14415863
14361710
14503689
14499562
14376418
14719978
14471393
14427320
14429308
15271278
14347195
14347123
14361700
14471477
14472650
14345519
14361691
14472592
14420055
14361661
14472647
14503699
14348544
14419883
14429562
14713434
14471416
14347292
14385329
14361681
14347015
14348568
14672125
14472667
14615113
14346879
14348374
14348590
14345528
14366221
14421336
14471595
14348535
96173772
14347312
14503745
14727883
14471425
14424972
14347222
14347122
14421347
14789493
14348543
14363511
14471420
14503711
14348584
14471395
15664925
14340555
14427296
15271279
14731811
14358059
14348322
14814583
14472563
14348601
14711436
14346894
14395705
14711293
14324771
14374688
14345433
14348307
14348426
14472633
14713838
14347356
14377836
14609279
14341963
14348566
14345163
14303363
14348531
14374687
96165882
96241049
14577962
14453667
96181779
96198561
14427299
14348497
14348524
14371734
14347250
14426120
14713448
14346848
14793661
14421359
14347420
14729613
14343267
14595683
14507141
14348615
14471422
14377835
14793617
15098068
14345490
14472816
14469089
14347390
14375713
96234061
96237078
96237074
14345515
15445465
96179933
14347275
14341860
14341893
14374484
14335486
14507078
14345311
14348337
14347224
96196615
14343260
14345440
14246361
14345492
14471585
14345047
14375675
14348698
14399024
14545998
14348385
14330933
14516859
14516860
14318443
15257489
14348332
96181771
14673051
14471725
14345083
14347448
14473328
14530781
14825560
14825626
14345461
14825555
14816809
14341983
14825545
14503700
96179921
14364400
14348470
14321002
96179920
14347428
14347079
96229573
14507054
96192896
14246236
14344994
14264254
14347170
14376398
14246233
14302144
14316691
14387341
14348570
14347415
14515766
14327387
14345272
14316847
14324822
14348434
14347454
14347186
14731818
14731819
14500164
14453638
14345451
14346960
14345375
14303234
14471352
14347168
14348415
14421320
14780753
14345134
14303184
15103747
14726141
14310266
14331229
14816525
14294933
14356317
14346912
14347103
14347402
14347134
14346957
14347396
96156320
14254064
14471278
96179671
14276575
14347208
14346274
14533310
14274228
14347455
14277020
14278423
14396231
14348545
14348703
14348702
14348715
14345496
14347442
14348714
14347018
14277009
14277006
14277016
14469085
14348695
14348705
14277005
14252159
14347347
14251113
14251151
14276962
14348550
14348479
14348409
14347450
14345495
14345497
14348710
14276956
14348589
14854002
14277007
14302158
14457547
14507047
14277011
14277015
14277021
14489827
14277018
14276960
14303218
14303233
14277019
14346896
14276952
14507048
14277176
14298879
14251110
14304240
14276958
14338940
14347414
14415808
14278406
14322220
14432326
14303188
14277014
14277013
14409605
14825558
14400530
14327332
14327333
14416015
14345404
14343209
14572661
14278419
14725943
14725944
14268645
14295070
14276961
14917910
14825540
14825580
14401214
14507038
14347163
14277010
14276953
14348659
14340233
14327334
14429696
14415969
14347133
14361811
14352827
14346870
14755981
14472550
14471378
14324780
14345486
14219562
14219790
14348700
14329247
14302159
14276955
14268646
14347372
14277017
14219864
14295069
14329357
14415710
14329257
14268647
14329266
14329267
14329256
14329306
14303231
14298835
14347344
14329237
14302142
14725921
14276954
14333558
14886028
14345494
14348521
14276959
14303219
14347157
14348425
14715573
14507066
14268616
14348538
14278435
14348366
14277008
14374487
96156296
14356334
14268438
14208516
14469086
14268439
96234039
14530494
14626565
14626558
14527678
14331421
14348628
14274036
14268451
14626570
14251331
14251159
14251120
14262029
14276750
14276762
14268508
14277125
14276751
14276766
14276737
14358432
14276731
14276740
14276763
14268503
14276717
14276718
14276719
14276741
14372561
14323334
14276729
14276748
14276747
14276730
14348562
14253968
14251238
14276720
14253812
14276727
14276765
14276754
14527692
14276799
14276753
14306535
14274237
14276707
14276749
14404540
14304726
14254035
14253811
14727891
14278347
14268499
14347423
14276764
14917925
14276755
14276756
14276757
14276758
14917827
14917987
15184580
14276844
14432287
14509181
14548017
14276739
14917956
14885981
14346861
14503677
96156292
96156283
14472638
14503679
14347090
14268776
14276738
14276721
14208487
14503749
14253838
14276728
14210287
14274289
14315070
14276502
14654706
14819370
14819439
14267563
14726031
14583057
14277197
14267562
14267564
14334209
14274269
14274279
14268696
14346842
14270987
14254088
14268528
14348621
14278393
14277057
14347229
14208539
14215913
14507055
14469520
14268433
96159117
14440042
14277161
14503740
14262025
14262026
14268714
14268702
96163115
96150487
96150515
14268564
14214430
14253996
14251349
14268498
14268442
14527468
14673000
14268763
14251129
14216008
14251121
14214327
14262046
14251163
14679171
14278384
14755967
14372562
14253797
14274098
14347035
14315037
14585067
14252112
14253973
14276891
14278448
14276845
14262041
14276806
14276945
14253846
14276859
14348571
14755928
14262016
14471685
14278502
14277109
14268583
14407418
14262013
14268743
14314120
14344684
14590389
14257798
14285272
14304681
14268720
14445621
14331524
14789521
14280692
14251324
14251117
14253896
14278410
14427227
14268759
14268690
14268515
14252125
14347161
14331570
14262137
14267720
14276975
14277059
14278383
14268685
14274302
14278344
96298709
14251270
14268492
14676959
14885995
14322710
14276907
14886197
14879755
14885977
14885993
14313118
14885991
14277229
14224427
14224209
14274063
14268621
14181780
14879757
14206756
14268638
14710083
14366261
14347201
14502008
14268500
14347355
14816845
14313136
14324836
14348572
14268735
14274162
14276589
14254018
14376403
14280545
14444435
14313128
14315049
14251304
14224472
14277178
14253884
15086250
14335448
14885996
14882952
14274229
14295584
14254119
14254113
14263993
14270055
14262012
14268672
14253800
14276787
14263992
14251186
14472642
14268734
14348376
14252160
14441687
14253798
14268488
14274024
15168802
14327968
14825574
14255456
14210532
14214417
14277135
14911613
14216083
14263793
14225929
14236473
14323171
14236446
14217904
14277027
96227221
14472718
14251309
14276797
14224526
14224525
14278489
14331496
14268461
14251294
14251116
14313000
14267719
96198757
14216006
14252790
14228227
14276963
14268736
14268624
14348441
14219953
14253813
14918757
14268581
14268789
14506702
96198092
14268678
14274003
96197982
14268681
14276932
14268425
14264047
14274338
14252826
14502009
14254092
14755976
14825631
14277200
14252110
14177644
14236483
14338878
14322034
14268619
14274294
14317081
14318951
14264263
14286493
14276781
14793600
14278371
14421270
14277189
14241645
14356533
14277239
14332652
14671966
14241635
14267681
14276982
14277204
14331538
14338985
14212762
14268576
14298286
14262032
14189714
96197943
14278385
14253787
14331598
14252109
14261053
14274236
14276694
14276695
14276696
14276702
14276703
14276704
14276705
14276989
14918758
14277168
14216206
14265155
14251329
14251296
14252128
14276666
14276667
14276668
14276669
14276675
14276676
14276677
14276706
14276690
14276670
14276686
14276671
14276672
14276673
14276674
14236388
14276684
14276687
14276688
14276689
14276691
14276693
14683000
14276685
96150587
14276692
14471460
14268628
14212129
14265030
14314128
14212178
96166226
14277107
96129559
96182104
96269176
14213771
14268652
14262124
96227759
14215561
14276846
14277039
14672970
14276527
14222883
14327472
14143861
14277084
96133183
14143870
14175398
14272763
14277153
14225819
14212172
14318953
14503646
14225878
14373643
14268543
14471513
14267259
14276603
14276810
14222430
14251070
14471311
14317214
14277151
14328054
14275787
14183825
14277156
14212246
14322331
14278374
14225860
14274323
14331487
14268784
14276604
14503746
14236140
14215552
14259441
14276863
14268534
14183305
14268726
14145255
14332654
14215541
14236292
14273991
14277154
14190190
14146524
14176810
14183334
14276501
14222602
14183310
14525031
14217997
14177659
96221377
96133788
14265873
96150437
96234049
14183336
14274308
14254015
14183508
14277221
14274151
14274153
14183469
14274152
14315433
14268639
14183495
14183306
14268599
14274126
14212197
14235898
14183341
14183418
14277026
14318050
14276920
14278495
14262030
14222586
14181825
14236548
14268041
14183645
14317100
14177593
14183680
14391724
14183594
14819371
14253795
14278403
14274105
14317122
14277047
14274138
14183487
14183292
14277046
14288256
14503750
14274182
14277137
14503752
14331582
14274144
14254019
14376366
14268708
14277025
15720976
14252130
14183596
96150441
14268567
14277022
14472735
14212190
96227501
96227706
14276860
14177589
14331554
14332698
14278481
14183298
14183595
14345532
14183590
14268691
14274027
14276807
14304236
14183591
14252119
14183534
14683428
14807547
14253844
14253799
15086249
14253801
14222592
14251125
14163538
14166364
96129510
96190545
14183681
14183740
14161486
14161521
14182647
14182648
14163114
14161522
14183812
14276517
14183297
14183357
14163300
14163292
14190097
14145109
14161197
14173296
14108213
14274184
14183570
14183678
14209735
14183687
14473298
14183284
14274175
14161231
14164971
14473297
14473270
14473271
14182592
14473282
14473283
14502026
14183429
14276558
14183492
14155198
14166414
14222488
14473293
14473296
14161354
14252106
14253872
14181720
14189724
14473292
14331536
14677030
14844429
14209719
14225829
14332694
14226009
14507068
14254061
14153073
14166329
14268679
14110565
14276968
14278499
14158253
96132693
14257865
96226093
14161579
14166236
14276969
96166290
14162717
14158262
14809191
14163284
14160454
96242547
14348707
14254006
14170244
14276491
14161111
14277097
14207899
14164794
14163122
14164801
14264103
14208206
96227193
14729566
14164797
14327971
14332656
14875697
14163265
14153075
14322957
14181887
14274333
14104676
14181732
14313017
14208105
14181941
14104671
14104672
14071269
14102529
14104692
14170083
14274292
14216007
14071094
14182494
14183348
14156961
14163224
14163167
14161571
14725900
14174949
14155199
14155104
14170185
14322830
14276788
14166306
14161490
14274296
14317220
14166273
14161254
14236538
14825539
14725924
14163110
14332689
14166354
14156960
14161113
14276774
14138448
14332655
14177520
14276919
14319634
14276947
14778817
14277166
14278390
14395664
14278389
14161194
14277050
14208194
14190147
14274054
14789513
14254003
14304346
14154610
14322711
14277144
14331592
14310086
14571425
14472849
14160734
14170004
14138292
14154609
14274183
14274177
14538313
14302747
14183385
14163436
96135803
14173298
14176104
14274311
14170196
14170096
14277034
14276833
14274155
14170086
14170165
14170087
14278350
14274276
14278360
96150377
96137732
14183545
14277033
14278351
14278358
14268648
14273993
96159153
14241243
14274122
96134679
14274314
14277035
14507067
14213881
14854243
14322950
14277086
14503645
14174792
14142366
14268778
14183661
14183660
14276554
14320539
14223273
14331589
14277054
14183358
96150693
14170256
14276507
14376354
96129039
14183557
96150755
14212160
14274274
14304469
14108313
14228320
14190354
14277195
14268671
14274127
14277233
14358018
14726029
14183737
14177532
14133886
14909127
96135814
14160688
96225193
14277235
14160687
14082666
14137384
96150371
96150372
96136414
14264287
14276511
96150370
14121298
14137262
14274315
14137348
14152665
14137280
14137242
14137248
14137241
14152169
14152179
14152294
14143195
14137252
14077890
14160629
96190172
14082667
14183588
14108264
14104067
14274330
14156817
96150369
14183378
14108010
14918783
14105973
14322800
96137751
14184975
14254041
14268523
14331534
14183614
14276884
14268725
14277188
14183635
14137391
14274179
14108158
14138441
14277241
14183571
14152228
14156814
14727802
96150619
14183538
14253942
14274310
14152178
14137253
14183427
14148045
14345476
14918677
14133867
14070949
14918689
14073184
14147915
14707013
14206447
14918697
14276832
14145564
14142412
96287367
14274212
14187890
14121438
14143317
14277049
96212683
14187712
96150342
14145855
14121344
14121487
14145556
14183586
14121225
14121336
14142562
14121353
14145563
96137803
14268502
14183770
14121310
96134548
96137798
14142401
14183824
14121246
14126308
14143198
14252077
14145566
14145565
14183610
14793540
14183619
14108307
14160371
14121373
14672356
14149269
14331576
14253835
14025535
14183887
14183837
14183843
14183838
14142597
14073122
14162609
14183835
14183841
14138272
14183840
14138253
14183836
14183842
14073116
14158061
14331495
14276990
14183839
14183844
14890707
14131145
14183468
96150375
14142392
14168745
14142473
14262126
14187868
14121345
14268825
14276796
14077869
14238339
14503680
14264242
14262045
14082621
14238338
14274241
14262069
14322952
14503731
14302534
14302568
14011157
14033468
14025421
14025374
14276698
14322703
14252114
14142393
14137230
14265025
14265026
14325179
14205746
14183514
14503742
14672801
14128639
14128638
14274142
14276875
14322632
14071039
14268791
14589257
14829453
14503681
15193349
14265017
14265018
14379106
14100412
14276611
14276992
14104258
14322974
14121275
14276699
14276701
14187728
14276697
14276710
14276709
14277062
14276708
14254059
14276700
14472704
14328056
14379031
14070730
14121268
14277193
14276711
14277078
96134610
96134882
14376392
14376417
14189601
14238392
96105231
14254043
96269158
14184967
14104394
14023551
14277065
14268792
14183314
14187841
14262136
14138232
14268839
14274156
14268675
14158252
14137308
14277147
14276791
14274031
14251076
14147465
14183781
14076423
14183585
14023595
14781061
14121364
13984753
14006365
14025418
14268424
14885992
14070731
14018609
14074384
14183823
14274032
14076753
14137259
14137258
14363545
14121468
14274146
14306445
96137846
14268466
14004047
14151330
14207125
14223247
14527648
14212027
14212028
14348591
14209898
14128658
14268436
14727792
14128672
14918759
14147517
96137832
14147515
14187869
14276504
14187875
96137844
14472661
96137850
14145501
14076806
14274058
14376390
14277073
14147516
14141000
14141032
14332660
14137231
96192519
14379096
14472588
14471418
14277226
96137848
14276609
96137849
96137845
14126347
14187839
14515769
14317071
14117533
14124335
14223112
14117534
14133689
14331548
14322933
14131139
14104403
14346988
14121480
14187803
14332684
14277212
14317044
96254986
14304536
96222348
14379045
14151221
96137870
14156829
14501101
14084639
14098968
14276513
14274324
14626557
14183431
14147811
14144787
14302487
14325209
14503652
14184981
14278466
14332762
14140991
14140960
96150716
14142414
14331581
14314802
14325836
14317167
14236534
14100453
14184966
14035900
14152862
14342183
14143194
14332680
14128677
14082069
96137866
14166569
14099020
14067547
14306551
14151058
96150666
14254037
14332648
14023672
14655785
14072577
14088467
14332716
14031965
14332733
14268658
14182547
14035664
14149710
96117048
14374509
14725898
14136418
14100543
14318199
14151069
96265297
14088659
96135811
14022940
14040434
14274130
14376851
14331557
14017288
14170681
14126222
96137887
96159090
14183597
14126219
14187915
14187693
14121180
13940301
13976658
14086207
14332685
13976818
13976843
14102706
13976839
14001228
13976825
13976704
13976838
14332674
14987408
13984725
13984709
14111148
14317212
13984726
13954797
13960592
13960604
14126221
14151150
14017457
14151254
14162112
14209222
14098754
14213671
14184982
14010565
14503709
14236648
14033891
13976820
14236649
14031853
14104372
14117446
14238354
14058755
14149536
14149693
14151389
14149814
14149809
14104117
14010637
14098975
14117424
14263648
14263649
14427217
14151269
14268421
13940303
14674680
14295527
14984299
14374697
14268580
14063094
13976837
13972557
14149872
14149727
14503718
14323008
14241668
14126231
14241669
14149877
14322764
14151335
14376814
14187894
14376813
14187820
14316989
14165774
14374709
14162142
14332665
14374474
14035605
14886022
14086214
14379048
13972547
14136557
14102107
14128228
14117417
14886199
96198002
14893769
96198188
14165808
96198183
14322916
96178999
96197972
14911610
96198971
14151400
14152860
14053911
14567993
14331555
14331577
14091265
14149758
14149697
96192435
14011273
14070592
14111165
14264083
13942255
13942256
14149621
14672415
13940142
96192918
13933065
14151007
14152849
14151121
14331537
14042832
13954646
14885979
14133927
13957772
14074250
14151138
13942272
13938710
14151076
14149775
14322786
15271274
14304242
13940282
14183498
14100261
13942257
13931602
14276761
13940262
14263622
14074783
14102108
14153359
14322712
14152954
14322569
14149757
14241691
14241690
14180929
14131036
14166474
14332775
14322840
14180927
14152957
14121192
14252153
14152861
14149945
14268605
14331488
14166560
14322713
14183368
14189814
14984383
14217930
14217931
14166528
14307995
14126216
14067490
14043330
14131077
14317131
14126199
14043269
14063457
14332693
14170608
14187837
14067502
14063389
14170607
14151356
14151357
14151050
14155726
14104409
14104499
96135871
14278421
14043331
14026899
14161321
14332721
14325198
96081590
14153449
96269141
14058877
14322650
13943725
14152848
14149643
13943726
13967577
14038891
14152820
14149772
14152818
14152843
14274025
14153482
14149912
14155577
14074195
14150009
14151145
13967667
13929694
13938688
13929755
14331473
14149585
14149608
14109118
14044540
14155467
14038866
14149756
14317184
14152847
14155729
14153534
15263530
14036314
14152883
14322645
14155762
14126271
14322614
14149965
14322787
14149583
13931603
13967586
14503723
14322935
14051610
14051493
14067600
14026861
14151280
13960504
14332873
14149738
14153486
14155594
14329834
14133904
14151019
14166625
14250178
14250179
13940091
14100265
13962205
14155578
14153358
13962044
14676897
14038810
13947809
14074230
15410372
96381835
14029040
14029008
14046598
14153753
14149871
13923475
13978147
13971916
14149602
14149771
13986716
14151136
14031897
14149970
15410373
14112703
14149794
13982213
13978946
13971905
13959115
14151278
13978532
14046410
14676931
14322673
13969607
14153347
14153540
14151041
14051797
14322755
14151006
13932367
14322890
14149969
14183662
15184646
14149908
13896592
14314627
14046411
14166577
13933999
14032579
14105646
96137935
13979035
14046623
14100264
13942457
14046412
14046509
13940138
13942289
14502025
13940330
13938665
13940090
13896571
13969643
14028881
14044506
14672552
13938649
14044510
13964810
14149894
13901666
13918409
13900260
14153381
14149748
14238353
14166490
14151332
14046539
14238362
14676909
13960059
14317109
14317110
14034219
14034197
13954393
13916592
14503739
14250177
14149560
14882986
13954429
13938547
14367960
15271341
13900145
14347445
13959691
15336748
14050684
14151192
14102679
14151137
96134611
14024901
14028874
13919717
14918676
14149993
14028866
14151082
96103965
13927631
14149715
14051922
13927630
13902122
13913820
14151054
14149638
13914021
13919716
13972043
13981754
13901951
13915754
14672647
14151237
13942418
13933728
14155662
14153541
13949643
14149957
14151035
14153346
13942475
14155579
15336894
13929513
13933867
14151020
13964739
14151056
13919352
14070217
14152846
14149976
15002106
13918456
13971908
14155573
96198047
13934121
13918470
13925190
13900111
14151333
14149717
14153497
14153528
14153545
14155526
14032574
14149959
14036319
14070449
14153510
14170698
13902232
14134398
14322993
96117096
14041322
14121381
14046528
13932368
14331485
14153489
13917582
14041316
14151253
14166466
96119122
14155502
14170699
14153505
14331486
96137961
13934559
14672903
14276867
14041265
14024958
14121175
13931139
14325210
96134650
14152789
14151210
96080172
13900195
14153354
14149861
14153453
14151052
13959656
14153356
13962600
96137960
14317182
14331590
13971919
13931106
96092338
14155670
13925352
13971965
13902402
14800087
13901153
13971899
13941947
14152915
14471515
13885059
13941957
13925251
13971906
13971907
13971926
14001192
14149754
13971976
13962619
13925351
13962557
14151422
14187773
13944088
13922516
13941878
14184862
13900143
14238373
14149651
13971989
13887678
13887696
13971964
14153523
14091112
14158427
14041362
96129028
14152300
14041363
14153383
14155755
14053660
14158382
14072702
14053659
14140967
14153328
14149785
14149685
14024936
14034246
14152219
13939765
96137994
14046535
14325168
13964660
96117157
13962556
14041371
13964669
14158425
14024956
14158412
14158411
14332664
14155542
96137991
14051806
14160509
96131416
14024927
14053661
14317116
14024934
96137983
14735622
14507063
14036363
96084925
14507074
14507073
14152227
14028879
14677057
13964678
14152316
14024944
13964816
96138001
14028892
14028878
14152211
14153420
14155620
96190170
14044474
14151202
14021959
14021954
14021958
14024855
14034207
14024978
13941928
13934546
14170696
14148597
14053687
14332673
14503651
14151078
13909193
96077742
13986425
14169275
13934042
13863019
13917657
14151103
14151142
13887499
13913364
14151154
14151398
13913962
14264015
13927815
14322574
14155589
14169733
14507094
14376370
14315102
14264102
14153361
14325169
14276518
15086203
13957320
14153317
13969373
14149677
15374677
13986735
13924324
14165869
13934548
14323172
13927295
13934566
14331549
13962988
13981641
13989388
13909235
14153480
14116037
13964748
13927264
14155780
13881010
14151480
13909067
14153402
14507046
13911257
14376360
13922507
13913835
14155492
14169584
15210247
14207131
14322756
14023293
14155613
13919720
13869475
14051921
96086080
96108056
13885160
96077119
96130623
96130607
13930477
13935414
14155749
13879883
13879884
13879882
14155751
13865452
13837183
13841434
14949809
14153433
13932337
13934007
14155454
14155457
14155455
14155453
14155773
14155459
14155452
14155570
14155458
13931302
13931228
96117224
14155456
14155487
14155785
14155518
13895847
14149655
14155493
14150073
14149535
14730899
14376394
13905344
96117244
13895845
14332776
14143950
14331490
13885165
14984642
14188058
13944085
13927337
13927347
13885205
13918420
13915802
13931071
13882719
13841435
14207683
13924525
13880997
13858095
13858099
14150074
14099065
14503748
13932315
14039466
96229481
14001194
13964626
96183032
13805376
13805367
13805386
13788192
13820158
14082070
14375058
14155746
14155748
14331535
13836832
13915730
13836761
14721524
13905148
15340322
13913991
13913982
14503660
13805387
13970756
96117253
13931298
14879580
13805393
13844173
14503730
14332877
14885891
14153508
14155715
13915763
13905202
13846975
14153308
13931297
14332666
13908082
13846968
13931249
14503647
13908098
13970826
14238374
13924518
13931303
13805377
13846865
13895862
14153300
14927254
13846969
96117348
13833532
13844171
13924517
13833533
13831095
14928594
14158690
14155645
14322629
96138015
15662606
14507060
13805309
14155501
14169755
14155646
14982256
14155648
13913222
13830846
96117255
14332878
14184739
14155647
13932378
14332869
13924535
13862588
14155814
14155843
14379057
14023244
13934348
14187867
13813290
14155737
14155619
14155809
14155810
14155807
14155813
14155811
14155812
14155808
14155806
13909074
14153521
13896704
14367888
13826934
13836588
14155601
14044502
14153367
13803653
13788247
13819855
13801952
13820146
13774840
13830796
13775071
13775070
13775038
13837165
13837179
14677103
13931300
14143951
13847284
14376795
96138042
14332663
96093160
13984115
13803851
13890641
14155590
13903643
13859880
13859741
13859740
13862735
13859743
96117346
14155632
96138036
14129799
14331515
14379073
13855918
96117350
14153452
14153284
13954468
14151236
14151358
13803654
14158598
14348685
14150007
14153369
14153535
14152906
14153547
14187730
14150075
14153536
13897110
13846954
13854948
13859739
13913360
13830968
14151074
14155744
13851673
96138048
96138040
14153456
14153368
14096394
14153504
14155752
14323012
13915307
13880100
14152845
13873165
14051906
13921713
13866523
13903760
14202915
13932304
14151397
13803947
13879985
13893061
96244018
14152844
14096395
13932305
14169728
13924530
14151081
13749790
13788267
13794610
13749794
13808171
96227376
13798915
13798940
14277064
14076527
13798941
13859368
13831104
96086142
13798927
13797656
13921246
13799068
13895902
13895850
13805411
13805141
13799380
13808143
13808260
13862552
13862509
14169654
14503696
14503735
14503695
14503694
14076407
13862540
14238352
14503736
14503756
14879741
14170694
14503684
14017761
14169779
14325244
14325245
13866475
14170693
13934324
14503676
13919428
14503665
14274149
15711919
14276119
13862497
96117428
13749787
14503657
14503648
14155527
14503685
14503667
13929362
13903526
13854500
14503706
14503705
96117400
14322911
14026928
14503673
14503727
14503656
14155461
13881222
14187696
14155681
14503668
14503726
14503717
14276892
13830839
13831166
14155675
14503666
14503716
96117380
13831165
14503755
14325173
14155693
14187700
96138053
13808163
13905372
13913432
14149776
13808328
13909231
14452855
13853641
14149753
14155688
14187805
14153544
13890601
14322761
14155516
13851514
14170868
13769232
13808349
14151482
13903626
14169505
14153513
14153362
13931288
13849343
13929859
13890570
14274042
13895822
14155650
13753730
13891184
13777338
13848642
14886027
13848641
13851167
13745998
13726018
13847858
14051938
96324553
13865109
14155704
13792873
13888924
13853393
96198028
13749922
13865116
13820325
13791193
13860919
13891187
13860884
13860912
14153454
15672011
13862517
13799278
13726186
96117469
13772227
14063556
14153289
13801797
96117455
14169533
13812085
13772226
14070528
13726036
14503661
14151407
13859264
13788163
14153437
14169502
96057075
14153352
96088712
14070458
14070459
14170880
14153448
14151620
13866323
13765690
13848018
13927835
14315293
14375064
13859850
13788025
14153339
13890669
13795901
14156169
13828070
13788071
13788331
14121903
14841999
13851385
14317080
14155747
13788099
13820326
14155591
14155649
13890661
13847277
14121901
14155718
14001139
14155611
13924418
14169778
14150006
14134452
14381693
14155674
14152913
13799414
13871712
13839807
13868687
13919399
13919248
14911616
13745816
13722110
14036006
14503670
14187715
13993683
14169718
14155706
14169767
14153271
13802425
13814813
13831444
14155575
14187699
15336877
14151430
13831459
13993692
14323148
14089906
14503643
13932306
96130536
13762370
14023284
13927261
13849728
13993752
14375061
14155669
14155472
14375062
13891191
96117456
13814842
14503744
14151399
13859343
14155735
14153280
13745968
13786608
14155720
13911300
13758684
14169757
14155678
96262052
13812445
15300674
13924502
13814958
13769889
13769890
13769948
14161639
13765787
14201535
14155597
14155500
13729578
14153331
14170879
14158662
13771038
13923557
13807118
14151034
14151033
14149784
14302378
96057073
14155485
13769843
13769891
13848639
96088791
13792835
13807120
14503710
13771199
13726306
14604515
13756724
15300679
14149810
13779314
13769842
14141159
14141162
13836601
13814834
13814867
96117509
14155784
13924270
13743716
13814858
13808908
14097906
13806037
13871714
13871713
13871805
13834787
14155716
13757006
13814892
14153399
14020987
96267226
13793320
13799118
14379032
13771283
13771111
13745827
13771051
13798471
14151444
13856410
14374726
13788328
14319639
14372786
14370680
13771166
13746043
13850065
14314983
14503692
14151276
13854784
96107312
96092225
96107214
14158694
13851450
13828588
14155523
14207837
96166275
14155651
13917644
13729490
13778761
13842397
14149708
13987002
13729577
13837011
13729655
13710130
13722832
13891190
13745997
14202891
13729456
13700905
13744827
13854441
14151025
13729580
13729582
13729581
13719865
14149686
13729579
13714058
96048258
13771112
13814887
13761552
13944273
13771418
13795878
13771417
14153344
13767335
13767416
13969303
13969328
14984302
13735361
13760382
13760381
13760387
13746017
13767390
15336795
13736489
14254029
13767438
13767436
14984297
14151053
13722893
13767553
14023305
96092226
13771034
13723115
13932323
13771287
13710220
13793210
13765069
13862622
96092229
14155714
13771053
14155699
13795336
13792996
13844955
14155600
13845004
13771049
13771052
96092228
13755729
14155692
13838795
14710089
14153503
14166470
13786528
13692014
13773016
14152931
14155465
13917658
13925152
13725955
13702705
13681060
14984266
13771035
13773563
13842346
13699804
13810946
14169730
13765272
13761574
96089463
13860172
13778772
13778510
13802805
14503686
14155685
14201183
13778775
13771213
96117624
13824414
13726067
13814853
13778933
13778465
13769877
14061544
96057064
14238350
13778509
14278487
13764734
14153363
13767435
13742633
13767156
13767566
13904299
96117616
13700726
14050717
13767567
14834819
13767541
13796171
13838656
13756691
13771416
13758772
13719890
13765130
15336760
13705324
14169503
96262239
13771310
13767037
13850370
13921266
13677702
13773470
14153148
13771198
13778931
13765267
13856229
14155560
13838766
13786702
13765174
13680366
96070727
96154777
14155522
14155698
13700876
13748109
13700904
13714290
13850309
13702801
13702816
13700885
14155741
13704760
13700356
13702380
13802501
14152888
14386848
14092978
14648490
14126913
14153216
13767576
14155708
13764861
13661260
14149653
13783599
13704740
96055878
13724101
14201490
14201489
14138712
13828345
13949882
13773472
14155717
14155700
13767415
13764862
13730982
13731133
13700464
13690081
13771409
13839004
13721151
13890747
14169580
14155530
13734313
13761542
13761541
13764738
13767322
14155540
14143957
14158670
13799336
13920935
13727312
13821965
14201545
14158646
13680904
14885983
14213017
13712514
13731079
14141158
14141161
13683629
14151338
13761577
13761579
13810793
13872660
14885984
13838715
13838837
14080995
14158671
14080996
14080997
13731148
13810813
13712388
13824665
13765266
13944219
13922863
13831316
13686382
13700455
13799181
13680905
15336851
13763899
13748089
13773325
13731781
13921485
13755786
13729150
13755799
14144033
14143985
14143983
13764749
13836927
13836931
13769972
14125725
13921288
14151277
13752320
13806061
14126898
14101519
13773558
13758743
14179062
14158403
13767503
14158402
13767143
96055131
13748051
13761741
14155544
14166515
14149909
96048034
13838816
96048151
96055128
14155722
13944266
13692010
13659067
14150125
14143984
13764668
13729173
13837035
13690519
13702364
13702551
14150126
96048033
13704797
13704798
14158589
14141160
14507196
14150096
13731003
13705154
13767507
13674923
13769944
14129112
13773521
14471320
13767411
13761593
13838716
13843270
96118144
13764732
13767409
13807908
13807909
13807910
13872545
13843456
14134516
13882804
96056200
14169598
14153353
13775806
13807901
14870438
13692262
14150000
14322994
13931028
13828613
14331599
15336746
14138710
14151310
13696605
13711114
13883008
13700374
13661167
96092248
13761703
13752288
14155772
14274136
13690389
13662995
13698583
13831501
14141171
13997709
13860023
14149712
14149755
13700449
14153490
13699624
14155743
13662989
13800658
14151160
13705125
13824745
13765219
13700327
14187971
13699543
13702447
13700326
13686488
13663215
13717427
13747177
96055171
13692059
13698574
96130524
14149997
13824695
96105675
14148621
14503715
13712648
14155583
13748075
13814874
14187701
14187702
14187698
96130559
14503704
96055402
13694254
14151324
14098276
13700328
13663026
14503734
14187703
14503725
96075247
13700329
14358428
14092473
13771413
14151336
13812464
13752313
13724113
13752179
14187840
13765129
14979209
13771211
15372866
15372867
15372868
14151022
13822764
13724217
14152955
13922664
15372865
13706146
15184536
13725375
13713070
96227772
13674905
14984265
14155550
13661264
13684173
13752243
13674876
14158692
13700050
14155598
13694105
13703424
13703423
13686807
14102482
13767397
13713060
13807105
13989239
13764980
13771308
13773476
13673565
13771046
13656179
14317185
14317186
13721899
13702840
96138110
13773477
14169771
14155478
13700049
13694126
14054041
14152914
14161641
13666275
13730905
13680954
13898031
13730916
13730917
13677509
13686220
13837014
13856179
14505098
13862653
13717326
13686558
13663538
14149816
13702363
13690363
13920992
14169772
13725371
13712479
14152949
14155622
13681150
96047290
13767472
13742511
13767505
13688964
13696632
13662990
13698758
13765247
14166473
13631307
96154791
14153315
96154776
14170875
14166508
13705243
13673492
13659217
13683427
13838754
14238394
13776169
13843281
14151353
14149759
13771043
13837023
13765263
13651688
13666260
14201192
14503669
13932325
13683500
13927604
13959967
13786757
13893739
14984551
96090362
14332672
13729153
14150003
13883247
15379521
14152863
13789535
13692269
13658378
13679155
13771047
14856406
14153343
14115461
14153225
13922841
14169527
13676389
13727449
14169774
13683715
13718606
13776230
14155505
13708499
15336821
13689933
96089211
14223329
13683499
14153224
13706117
13717402
14158664
14158691
13703312
13703313
13694116
13694106
13708594
13706157
13676549
13713138
13706137
13708587
13742496
13852704
13691280
96092286
13694100
13689936
13708586
13708593
13706149
13706148
15659943
13865042
13767575
14149817
13717138
14143947
13706127
13706118
96092071
14150106
13702269
13704355
13767366
13708577
13771113
14169773
13690118
13843423
13662483
13843265
96324552
13661310
13711224
13631399
14161644
13677410
13716717
13614064
13614007
13909946
13683842
13645246
14153539
13674931
13613951
13843252
14153274
13673653
13748081
13843259
13673570
13677375
13659262
13670911
14155563
13670930
13645624
13675424
13673182
96117960
14170684
14151085
13701796
13610009
13690250
13712946
13676531
13633410
96117962
14155792
13758703
13631393
14121902
14153382
14151157
14150008
96058904
13789510
13925724
14089880
13872644
13714013
13661051
13771153
96088536
14503688
13659314
13904316
13660654
13682367
13728285
13676445
13872566
13748050
13714008
13658493
13807267
13669251
13699207
14201198
14503644
13860046
13883289
14503698
13686037
13748064
13656103
13738076
14805832
13716728
13676475
13676514
14927177
13682345
14153266
14040869
13771228
13675280
13676503
13694189
13684140
13755713
14276623
13685049
13642981
14134399
13677906
13660805
14155765
13765139
13620820
96081430
96081342
13860089
13631099
13612133
14152928
13658404
14169769
14155476
15336732
13642971
13642934
13639300
13628109
13655994
13613885
13620883
13662456
14149855
13640119
13665722
13628267
13660975
14051944
13656052
13601082
13662367
13614170
13670958
13660516
13653997
13759837
13658365
13784842
13862451
13633293
13770702
14151481
13653942
13653982
13654023
13664202
13675116
13670816
13758754
14332899
14332900
14332901
14332902
14068144
13640579
13671017
13770747
13721101
13770623
13633306
13734027
13631148
13633310
13756946
13710211
13728614
13633325
13789504
96042719
13620938
14151421
14679916
13770814
13872646
14155498
13651758
13661070
14068141
14143948
14927084
13669529
13669528
13667466
13872623
13776181
13765325
13662336
13646010
13618492
13642632
13660245
13767434
13658331
13771419
14909143
13661181
13684931
14129113
13759813
14040852
13677864
13618455
13660684
13675114
13658363
14040880
14158693
13704517
13615703
13639332
13655408
13613894
13602359
13626626
13602406
13658333
13601116
13601090
13645380
13626628
13601154
13578197
96042763
13633516
14158697
13656113
13847921
13666538
14122114
96042764
13773524
13620733
13767201
13601068
14150099
13665695
13626701
13633596
13630912
13602420
13660940
13626822
13690136
13623108
13640703
13656216
13658390
13872565
13947000
14816555
13631055
13662297
13658529
13660244
14149825
13773475
13708555
14155766
13650600
13631097
13800953
13653981
14040882
13620858
13731191
13621859
13653964
14187775
13878922
13660264
13618463
13662493
14507082
14158723
13653915
14148628
14507057
13618758
14507049
14507033
14507070
13653463
14158673
14054062
13633304
13618932
13658341
14042930
13662401
15495212
13562819
13656155
14149719
13660227
13614261
13664319
13767552
13650595
13664260
14095615
13658430
13792084
13662305
13653971
13621769
14886023
14187669
13620681
13699657
13686648
13614622
13564155
96030547
13665677
13558918
13660545
14158654
14148498
13872546
14155631
13767398
13606793
13554673
13860097
13860095
13860096
13552376
13549518
13552377
13944268
13602827
13606769
13552378
13662326
13552082
13552385
13655629
13552386
13568238
13860090
13658544
13658412
13518527
13518637
13631748
13556635
13583004
13662351
13569008
13564139
13518704
13872515
13625521
13658453
13645221
13656050
13655473
13633739
13612755
13612753
96108031
13729165
96089390
14241398
13639796
13640515
13664328
13636598
13631775
13631802
13655437
96057078
13612906
13620653
13620975
13664369
96124139
13729169
13773543
13612764
13612754
13872657
14080902
13673406
13673443
14984300
13837052
13546521
13650505
13631765
13631809
13631780
13631779
13631805
13631750
13675258
13636693
13631736
13631792
13653940
13554318
13631793
13653475
13664324
13611742
13611671
13561003
13631735
13662290
13662289
13688970
13947711
14169770
13650526
96030818
14187765
96030797
13650583
13662370
13660225
13664255
13572024
13537527
13537466
13537595
13542869
13549984
13518638
13546890
13571890
96227183
13580477
13571744
13579552
13577786
13532894
13662453
13571629
13640262
13665720
13754345
13618867
13664271
13534825
13656243
13600798
14155757
13653934
96030832
13604057
14223390
13631811
13653960
13665701
13771338
13629491
13616666
13628920
14277124
13660646
13730904
13730903
13511690
14331533
13660281
13653945
13653882
13602479
13650592
13602320
13602319
13518657
13578287
13532767
13590372
13662480
13662429
13627052
13605615
13664365
13623179
13625539
13650594
13664358
13623394
13623412
13658326
13664310
13554672
13640663
14909126
13664364
13688984
13872562
13664402
13640405
13640406
13665697
13577480
13660582
13623414
13623393
13623390
13623391
13623413
13623416
13664366
13587430
13664367
13664368
14138750
13562783
13773455
13568112
13626573
13773523
13577708
13767389
13750187
96030867
96030795
96030544
13546703
13530686
13543621
13622876
13773487
13632639
13529056
13549610
13525612
13552133
13525630
13658401
13549720
13623484
13518590
13591924
13571849
13525614
14183384
13576136
13550026
13757315
13568560
13515032
13636704
13587702
14184972
14325202
13532794
13626098
13650626
13564412
13572159
13619391
13614458
13658552
13510247
13660611
13590143
13587772
13608750
13626106
13629497
13568400
13586260
14151281
13629500
13537626
13590139
13605529
13577655
14166594
14131345
13610163
13660555
13665413
13883275
13568440
13752305
13626107
13655403
13567886
13626572
13568312
13843271
13552140
13656062
13662468
13586255
13524169
13586358
13664284
13525632
13618590
13559023
13665374
13623451
13613811
13698751
13590389
13590374
13590368
13562348
13591618
13525631
13525616
13568913
14917964
13620648
13606945
13530801
13732747
13626112
13549897
13525633
13525611
13525615
13662363
13640028
13619568
13587431
13665698
13650597
13578208
13665384
13587774
13662374
13525613
13587434
13767371
13618640
13541134
13655487
13947585
13587736
13492408
13458259
13537377
13514837
13543768
13511595
13572215
13511659
13572213
13664244
13572216
13572214
13662455
13750220
13534785
13511660
96130457
13515012
13506886
15296312
13511791
13558925
13665776
13524201
13650629
13543845
13653930
13601247
13662340
13585031
13660542
13577324
13627821
13585032
13627792
13665679
13568606
13626166
13568591
13587775
15464688
13587649
96092190
13841136
13602216
13626137
13771041
13629537
13554601
13629536
13525255
96040584
96040585
13580582
13495498
13767551
13568243
96092149
13662388
13841137
13841314
13541077
13605590
13662343
13947586
13540413
13568701
13626164
13635466
13653954
13530712
13543694
13658452
13660573
13499901
13662314
13482006
13515005
13658563
13554374
13664163
13626127
13571015
13527257
13571014
13571013
13571022
13571017
13527256
13527280
13586067
13571016
14332941
14332942
14332943
13497537
13504266
13554571
13654018
14332944
13531121
13656221
13537616
13542820
13543614
13568640
13540553
14325188
13532937
13515161
13571618
13576182
96047840
13627772
14332933
13529450
13627782
13569774
13479331
13488626
13653928
13482027
13593501
14080911
13511098
13535556
13660665
13515162
13506504
14505049
13532916
13656234
13525398
13529442
13525439
13532730
13518490
13656170
14187646
14187645
13541089
13525400
13525399
13525440
13511064
13656235
13665353
13571030
96030842
13944276
13625523
14153473
13654014
13625520
13564271
13662474
13564434
13576210
13475310
13451799
13437586
13512870
13508094
13640610
13656014
13660522
13479325
13658427
14144000
13656094
13627787
13627803
13662306
13492301
13510890
13511051
14080900
13627802
13509377
13660535
13662451
13658564
13505906
13626144
14169768
13629498
13516396
13571146
13574707
13495329
13662427
13505983
13475573
13508047
13662426
13662410
13650573
13656028
13504168
13510380
13627824
13492443
13513544
13464015
13656203
13394085
13656180
13449434
13516421
13665407
13664203
13510859
13513542
13511107
13660666
13448082
13513561
13516452
13568610
13577762
13654011
13654031
13537608
14315226
13653869
13664307
13571830
13445804
13594873
13542774
13441520
13592523
13509417
13627744
13505973
13522708
13507034
13650627
13729171
13660663
13514917
13664285
13505966
13512184
13664089
13638316
13449448
13499591
13501895
14375065
14151005
14331587
13615618
13437572
13511109
13511061
13505902
13435172
13435171
13435170
13472938
13510993
13662373
13650541
13581552
13587545
13487681
13531758
13510862
13495557
13511063
13511043
13653985
13505911
13662330
13504299
13577498
13529441
13632663
13606691
13665404
13571041
13492236
13510952
13511042
14131182
13510888
13664211
13756369
13510964
13510184
13511776
13535613
13610813
14158599
13458286
13511110
13510996
13483705
13654016
13591889
13508062
13653863
13640694
13514621
13610818
13514916
14129116
13510932
13483628
13660667
13511033
13660630
13433066
13631249
13449429
13665385
13662395
13944267
13658300
13514703
13433734
13619485
13535575
13767404
13435075
13535559
13505943
13664221
13473025
13441584
13532911
13492319
13583674
13467857
13660549
13568338
13535576
13510169
13540631
13665416
13415261
13525425
96091379
13567946
13640688
13497624
13510881
13662288
13662298
13949892
13518516
13501885
13660628
13508070
13587777
14865827
13492362
13455060
14184950
13529308
13516392
13532896
13510884
13411716
13629475
13505905
13535152
13653885
13515085
15018215
13660591
13463846
13632680
13662459
13510922
96047241
14170872
13944269
13533480
13944272
13944270
13470331
13435350
13806158
13569002
14155710
96088874
13435363
14155641
14155642
14155637
13658533
13626721
13654019
96089096
13944271
13510946
96058431
13666540
13602328
13432954
13653820
13445779
14155635
14155636
14155638
14155639
14155640
13485344
13449428
13527279
13591630
13443468
13660534
13448036
13443467
13511096
13947552
14155634
13505975
13524921
13580450
13500960
13449430
13500984
13500926
13524920
13568735
13949922
13762323
13449395
13461624
13455085
13500982
13500983
13631054
13571007
13437863
13524922
13658570
13505892
96119506
13483997
13448119
13448120
13448121
96033960
13448127
13431376
14503653
13431496
13448118
13448125
13448126
13425454
13944654
13510266
13452247
13662299
13448039
13872548
13416849
13455082
13510841
13664359
13452277
13463834
13455632
13415259
13448123
13737451
13467896
13409505
13594397
13414595
13431514
13455428
13455429
13596565
13389060
13461759
13664274
13443469
13414596
13510291
13590355
13389061
13405649
13601650
13594418
13409497
13654009
13448124
13452411
13513664
13654037
96074755
13737455
13448122
13449449
13431389
13464237
13591932
13586121
13391450
14886029
13596573
13511006
13389062
13527267
13500962
14254081
13737452
96089282
13391451
13737454
13737453
13527281
13583525
13389098
13836164
13590369
13455544
13431587
13594405
13513587
13455756
14331578
13594422
13640716
13431586
13480308
13455327
13406117
13409207
13455918
13947640
13455903
13463485
13650559
13594457
13455892
14332911
14332913
14332914
14332915
14332938
13433751
13432823
13433144
13660677
96118399
13413708
13456036
13513684
14332881
14332882
14332910
14332912
14332909
13656012
13664379
13513619
13495974
13400062
13433079
13594421
13594395
14332880
14332879
13478836
13413712
13413583
13478928
13656020
13446880
13656021
13511050
13455954
13533580
13640704
13407910
14169713
13399954
13412206
13452266
13399962
13455663
14332916
14332934
13449439
13836069
13513658
13467845
13460864
13495884
13461623
13405964
13511088
14332937
13520304
13455321
96092237
13419749
13416894
13452410
14503678
13442310
13455236
13433086
13408966
13594443
13662463
13496073
13650616
13487860
13455350
13457087
13346225
96012486
13382373
13452280
13394102
13662500
13348871
13431777
13594450
13407917
13425414
13414776
13510974
13414826
13456047
13455920
13414827
13415090
13422102
13411784
13411829
13411875
13384565
13391503
13384530
13416904
13664327
13466141
13416848
13407946
13660598
13632656
14151441
13425439
13513638
13452252
13416965
13446805
13511015
13441437
13627775
13650527
14984598
13393934
13426602
13442340
13348847
13510963
13446838
13944653
13413714
14155793
13572281
13426603
13348614
13407947
13513621
13446854
13407907
13389167
13520454
13391691
13446860
13511065
13455064
13431737
14130045
13406324
13360273
13431495
13511040
13505987
13352633
13452295
13416924
13463849
13456017
13403774
13399649
13396651
13467891
13431593
13664276
13455942
13408978
13413555
13416913
15086280
96031145
13416992
13449457
13632662
13405686
13421697
13464269
13416770
13447281
13421542
13394217
13668925
13452187
15362587
13415361
13442402
13409513
13466131
13455029
13403697
13650575
13511121
14115364
13455351
13455361
13455352
13458039
13315824
13453463
13455349
13411984
13529277
13417991
14950404
13418307
13328173
13328174
13422420
13452292
13489694
13417974
13328175
13604831
13415066
13422490
13393997
13399899
13373691
13412362
13848342
13360027
13505914
96118509
13511073
13455074
13381326
13466118
13416884
13376713
14145610
13944258
13510949
13404462
13501832
13429369
13505981
13405839
13466183
13328176
13356453
13336401
13505971
13399851
13594413
13360234
13510872
13576051
13360194
13501831
13594396
13409108
13521325
13413713
13505920
13391553
13340554
13399791
13394115
13394046
13537550
96031158
13389107
13403548
13449443
14170881
13500928
14130014
14984345
13360043
13594452
13394013
13444084
13516393
13427325
13484250
13413677
13413625
13416773
13471496
13461695
96060155
13413641
13466159
13416968
13466161
96060158
14155794
96060150
14376359
14927159
13590125
96060148
96060149
13656025
96060152
96060159
13413647
96030850
13317964
13410103
13592520
13396972
13411735
13382222
13382303
13315820
13312925
13310412
13376695
13376750
13418437
13403532
13376659
13313178
13947587
13427328
13394032
13376556
13376617
13521323
14507122
13640632
13338697
13391758
13382621
13455068
13372568
13412201
13413576
13319794
13348699
13372565
96134588
13419738
13376742
13356237
13373729
13389541
13382793
13511103
13322923
13381348
13377362
13416995
13346214
13300419
13416882
13315507
13510827
13592205
13317454
13416772
13944656
13369170
13382622
13412057
13383687
14118099
13416775
13944279
13310110
13416923
13336414
13406334
13592185
13431640
13416789
13317967
13416939
13365210
13376748
13376696
13664112
13376869
13339240
13771420
13334022
13653908
13444144
13376691
13505940
13334024
14169736
13372656
13376662
13286326
13594446
13381395
13594447
13396857
13328168
13412216
13312894
13596554
13315745
13376864
13662293
13310125
13494387
13376653
13310101
13317622
13315744
13452276
13406155
13376777
13326221
13676818
13417002
13315818
13406332
13376752
14314649
13376618
13381383
13306856
13390558
13381430
13336400
13656046
13452225
13883260
13466133
13665694
13404476
13511072
14155802
13594462
13372452
13884809
13452329
13456950
13596557
13418329
13474177
13365182
13452426
13626174
13390484
13369180
13365234
13376687
14118077
13473701
14507086
13406335
13317642
14155800
13381384
96125398
14170878
13510918
13394031
13484068
13449459
13448725
13416971
13838713
13369264
96056250
13662339
13660546
13421921
13361749
14984298
13310139
96056246
13841368
13514418
13658549
13372697
13654050
13361782
13354131
13416040
13366393
13627808
13662391
13277060
13366537
96237724
13300570
13300185
13332593
13413658
13386669
13386686
13286598
13315819
13376774
13295795
13248316
13286282
13281684
14153469
14153470
13326423
13640645
13859385
13276193
13344382
13306940
13310425
13275877
13361788
13372657
14080908
13390514
13310095
13654021
13325708
13265434
13279755
13381396
13372658
13443312
13508529
13520452
13381385
14158668
14155517
13310210
13271364
13275875
13416880
13264944
13592522
13324497
13357267
13362047
13378359
13331579
13376686
15329105
13381386
13295739
13347068
13640692
13275893
13286172
13324384
13369171
13388361
13271439
13253774
13376722
13275747
13300398
13662308
13295452
13264834
14158592
13276106
13594864
13282027
13390562
13366477
13291020
13275864
13388370
13324462
13386351
13378330
13376859
13315325
13416947
13416963
13381358
13376685
13376852
13376840
13594403
13376808
13344402
13315672
13265058
13416944
13691292
13357203
13376663
96030821
13259976
13357239
13200335
13290462
13332736
13279839
13248010
13300205
13236018
13271299
13210312
13254542
13210314
13229831
13215958
13260215
13275812
13339778
13279589
13248079
13290659
13295935
13300273
13650631
13323982
13236020
13271340
13241231
13324467
96015369
13164377
13248009
13449354
13248008
13221278
13271671
13279763
13225882
13271306
13324452
13404439
13324378
13332693
13324360
13253616
13220866
13324548
13376804
13944595
13344403
13230534
13295885
13381421
13381379
13339779
13357219
13324514
13324402
13290853
13376718
13271111
13286158
13290960
13521330
13229857
13279610
13265184
13281728
13328190
13295522
13324466
13271315
13271269
13271266
13275744
13350354
13324541
13271267
13286550
13271834
13209985
13275773
13290980
13291040
13284712
13594869
96126434
13271047
13200332
13284726
13300225
13180916
13594442
13281744
13215962
13291049
13279594
13596555
13281624
13412088
13824757
13264911
13276437
13279794
13225381
14507034
13284730
13805170
13279596
13167185
13215145
13271673
13416902
13324521
13248191
13324502
13300374
13286249
13324551
13324498
13205163
13282008
13200362
13279823
13401044
13324472
13253655
13320216
13944325
13300882
13189305
13400566
13376730
13275787
14507037
13189480
13253604
13300376
13204933
13284793
13271089
13521335
13300375
13883232
13279593
13300590
13300260
13383643
13296011
13221071
13210541
13383642
13220845
13215085
13210542
13265234
13189320
13205009
13253698
13521362
13200365
13324429
13337053
13189924
13279649
13209967
13356288
13627837
13376818
13253511
13164537
14184965
13341081
13189220
13542604
13253510
13205059
13241297
13253514
13200364
13260167
13253513
13209692
13204905
13260264
13313055
13260184
13410249
13277915
13176923
13329002
13176523
13189876
13398539
13180800
13365849
13391796
13195159
13300731
13205228
13185818
13384422
13487561
14927113
15376815
14927184
13339544
13346958
13275768
13248232
13346960
13166961
13487559
13195151
13325721
13325710
13204761
13542618
13284680
13346959
13210274
14155643
13200483
13650625
13324544
13284738
13324388
13444212
13291095
13185357
13521318
13274181
13487555
13626116
13160482
13323974
13944275
13521324
96030545
13462149
14207112
13189176
14207056
13279678
13274123
96197975
14207819
13136807
13164401
13444337
13355767
13125827
13320340
13136890
13767399
13504588
13136378
13382431
13318389
13459933
13376788
13225881
13444215
13131307
13355744
13660574
13136376
13595061
13160489
13318386
13134076
13459930
13459932
13284693
13521408
13385098
13110905
13164336
13130974
13136573
13466132
13297303
13121784
13155965
13459948
13384518
13166799
13357225
13859401
13279607
13276677
13148089
13257719
14201541
13122013
13320217
13131305
13164369
13126189
13152213
13152212
14207052
13570379
13385257
13326442
13155727
13401024
13653933
13185304
13398520
13664344
13385255
13473315
13276688
13147982
13601840
13787729
13468970
13324412
13508084
13664250
13397706
13274160
13444254
13156384
13230497
13528353
96116615
13279618
13330277
13357199
13121824
13279822
13444253
13413631
13284756
13521363
13372754
13171721
13284672
13459931
14201519
13459929
13378387
13444344
13320268
13279565
13466202
13658482
14170899
13235868
96116560
14583117
13279810
13664270
13174158
13664360
13563525
14155644
13944264
13466187
13658483
13416868
13260054
13200495
13376731
13168941
13174159
13279724
13291183
13596603
13416803
14169735
13563407
13320267
13284744
13185746
13459934
96115680
13324511
13434150
13413278
13434149
13236092
13521393
13189748
13944652
13176527
13160375
13320266
13318359
14207092
14207093
14207113
13320299
13382717
13404119
13404117
13376816
13248015
13324525
13233370
13334093
14207054
14207055
13404118
13241334
13324587
13414987
13318374
13126188
13374529
13241335
14212958
14212959
13320328
13189203
13160126
13323771
13241343
13577046
14201504
14201505
14201506
14201507
14201508
14169760
13577045
14207053
14207818
13518514
14201261
14201262
14201263
14201264
14201265
14201259
14201260
13328478
13521376
13124000
14201502
14201503
13123990
13200719
13325689
14207798
14207799
13577044
13577035
13594867
13473310
14201258
13390557
13460232
13594866
13594865
13398175
14188056
13152509
13274145
13336450
13279743
13284715
13444345
13279841
13627759
96010461
13296932
14188054
13296739
13345098
14188055
13626104
13279632
13200295
13297170
14150097
13375964
14118040
13279658
13284718
13284798
13325675
13320339
13124126
13331493
13595059
13324578
13320321
13320336
13318388
13284694
96029707
13388289
13944555
13320310
13324356
13320308
13324355
13265459
13279698
14202339
13320320
13416993
96081239
96034571
13296807
13097541
13274119
13775359
13117427
14051863
13284705
13128488
13297141
13117519
13274161
13843453
13279843
13366343
13128435
14203997
14202273
13274108
13473309
14134400
14158669
14153223
14158667
14148445
13335330
13398423
13274132
14201200
13115657
13487558
13487557
13487556
13629577
13115658
13115512
13117470
13297153
13274176
13284681
13279821
13297260
13325718
13110744
13189844
13318383
13300394
13366088
13117609
13297080
13110769
13115788
13110767
13110813
14073634
13110812
13444219
13284717
13279734
13279760
13592513
13307903
13279665
13762824
13110895
14158747
13279668
15659448
15659449
15659450
15659451
13279801
13230986
13274114
13381423
13279657
13296866
13156002
13128434
13274166
13279731
14984267
13284751
14141172
15692757
13274116
13274155
13279747
13320263
14201233
13284747
13370288
13279685
13117242
13886722
14161638
13279762
15306834
13297187
13284731
13296806
13110440
13886723
13514201
13473317
13521328
96089057
14151355
13325699
13391912
13284778
13279814
13262475
13324470
13227514
13274106
13182226
13297013
13182341
13088274
13336451
13366177
13324453
13063483
13284698
13383636
13086176
13081201
13097436
13179949
13083577
13334092
13179875
13274148
13296850
13297321
13182205
13126166
13179943
13179950
13125708
96055160
13274192
13279863
13274154
13279746
13110701
13284776
13086051
13083663
13097536
13083653
13279867
13296908
13284787
13279634
13284783
15100169
13086028
13297257
13063520
13094715
13179873
13279659
13626142
14201216
13284743
13279555
13284669
13279552
13284786
13178233
13274124
13274134
13297161
13707808
13274184
13274144
13297323
13274163
13297191
13284732
13284688
13180024
13629635
13279563
13284724
13284769
13296804
13279616
13126001
13174782
13182215
13324565
13324461
96055935
13183509
13182387
13279617
96055934
13324582
96055929
13366145
13182371
96055933
13063515
96055932
96056780
96055930
13279764
96261882
13182235
13070135
96018757
13284805
96087147
13043756
13274105
13044094
13043705
13041034
13057885
13063282
13182334
14161643
13044176
13413606
13341680
13086146
13083703
13083678
13034155
13040985
13041242
13182416
13296779
13341702
13184970
13341872
13182352
13459921
13416838
13043815
13416787
13279803
13223009
13284697
13413600
13063545
13413594
13123983
13416776
13838764
13041043
13257850
13366344
96044289
14130099
13086206
13375785
13279802
13091671
13594416
13413567
13063267
14169530
13066506
14169751
13416914
13413702
13182343
13223010
14158663
14982250
13320238
13838763
14375063
13334127
13334101
13334099
13297192
13413553
13416986
13063328
13413703
13413599
13626125
14581722
13947559
13353489
13121839
14201205
13416867
13296805
13413612
14376378
15329090
14169753
13657059
13413609
14169750
13838762
96119124
13413628
13416897
13413608
13839019
13279769
13182348
13416928
13182216
13413566
14268692
13223012
13413565
14376765
13279664
13417016
13341792
14169531
13366775
13627773
96025377
13416812
13041183
13413629
14647139
14169532
13413688
13182374
13185049
14169752
13040937
13185080
14650402
13043931
13334091
13417023
13182381
13334100
13334098
13052536
13334094
13191918
13044048
13297259
13088350
13023787
14054100
13279852
13033734
13413281
13540123
13309993
13021492
13632612
13023809
13404301
13296781
13182445
13070153
13063359
13083854
13185050
13376844
96130368
13674356
13457699
13297149
13771284
13604009
14130033
13448975
13534378
14319799
13033900
13332609
13707803
13043951
13182313
13257764
13297070
13444218
13047294
13047290
13047296
13534388
13542647
13182353
13091254
96080302
13296909
13297072
13297071
13318372
13872672
13182365
13707822
13023897
13033891
13037918
13041240
13648261
13021353
13023786
13041182
13393954
13182225
13626160
14170861
13279620
13066439
13182382
13043872
13584500
13257753
13223011
96019523
13838846
13045288
13192339
13011825
13195845
13632644
13052347
13262573
13627795
96055114
13473311
12944822
13301905
13279682
13570849
14121912
13040935
13171234
13355763
14130202
13534338
13019208
13416852
13078012
13355762
13274146
13297256
13006385
13091025
13292516
13284746
13279740
13033800
13511259
13757313
13344518
13182398
13292515
15184486
13301904
96085721
13632621
13091640
13227516
12944825
13172659
13182421
13182369
13182338
13279785
13032672
14507111
13037951
14161606
13297320
13023986
13355750
13125025
13203980
14201475
13540000
13419740
13341708
13779287
15184606
13296900
13296902
13517980
13094463
13592470
13182383
13009266
13184968
13632624
13665347
13419750
13296901
13296899
13656018
13573896
13182385
14183437
13786759
13773327
13052482
13011255
13413685
13043713
13182282
13257849
13296920
13182219
15692776
13090958
13042644
13182432
13292511
13182281
13337248
13227391
13355772
13300372
13436519
13436524
13182278
13171306
13436523
13436525
13436518
13023789
13045321
12998679
13023810
13001669
13234581
13436517
13325684
13173046
13009977
13039809
13413681
13182458
13191995
13279849
13483769
13185008
13000271
13296972
13297258
13284710
13108197
13012477
13279777
13279729
14130066
13010018
12939783
13287590
13185077
13215955
13627750
13587181
13876737
13876738
13023864
13297322
12998429
13629508
14143970
13279557
13041137
13366261
13182347
13398344
13279642
96233068
13776231
13841134
96232844
96232056
14158590
13087901
96019513
13016223
13706529
14153520
13318373
13707880
13182241
13185033
14170889
13504583
96231054
13571214
13015503
96232756
13632677
13768212
13327060
13182239
13540241
13182294
13196923
12945004
13021583
12990690
13016260
13042572
12994541
13002252
12945145
13174772
13182217
13296860
13150651
13355778
13070122
12922573
13021549
13182308
13341812
12939728
13019414
13182159
13002180
12940078
13757308
13459928
13436153
12945191
13021325
12997135
13182274
13459923
13001693
12941704
13396135
13296919
12945005
13171295
14733764
96025411
13162859
13019241
13370685
13182220
12941689
14151442
13184967
13296791
13398326
12941531
13183631
13212796
13054089
13341622
13131479
13171953
13024206
13192010
13027403
13355760
12996232
13001661
13279638
12998462
12994523
13009925
13298538
13182302
12939991
13182406
13182307
12944943
12944854
13006470
13016326
12944620
96119501
12944611
12994546
12996459
13019407
13013506
13262458
12937830
14170862
13779292
13000374
14170864
12928794
12940077
13182392
12998618
13027633
14150068
13027739
13027526
13203545
13296881
13444259
13045311
13182221
13274151
13227479
13296891
13227478
13884830
12949950
12998604
13422323
13279782
13354100
12996196
12945144
13354113
13354125
13300243
13674447
13174313
13027741
12932122
12928566
13203669
13013200
12998627
12998458
12941627
12941709
12944705
13182275
13182296
13396132
12944807
13023867
13296873
13182238
12944824
12888724
13462131
12994540
12935432
12922177
12962585
13182222
12962591
12997207
12962552
13182314
13182318
13059209
13054216
13182388
12948256
12951206
12937193
13459918
13462132
14134449
12937265
13459919
13416966
13182237
13019292
13004128
96019954
13459920
13009907
12932008
13016239
12937317
12937755
12932061
12937180
96046373
12939989
13262632
13027752
12922116
14646864
12939968
12948195
12940000
13182240
13627767
12948199
96002887
13021602
13296903
12939990
12944810
12922319
12997208
13182315
12941375
12934733
12922327
13002344
12924684
13009909
12919151
13002277
12888446
12982169
12996558
13005645
13005654
12946819
13021617
13010067
12946739
12998519
13024100
12962912
12974856
12916359
12968557
12962810
13064690
12962859
12998578
13192087
13005538
12990733
12922531
12998566
12998538
12996972
12998494
13182368
13117432
13174427
12935337
13064729
12998535
12998536
12934605
12941405
12881669
12937181
12998534
13013163
12937163
13002322
12924718
13027769
13009867
13010120
96044294
13284699
12918836
12979344
12954329
12944909
12998588
12954869
12997171
13027636
13027628
12948157
13008067
12974763
13013182
12946790
14183628
12990626
13019279
12928629
12922085
12994515
12979499
13027630
13000267
13042510
12931589
13045356
12979491
12946826
12922329
96118122
13008173
13008066
12946801
13002363
12935433
13007920
12919401
14322934
12947935
13366673
13010097
13002201
13024314
12947899
12951027
13027651
13182442
13257681
13291099
15662393
12922451
13009916
13009881
13182446
12960280
12881968
12979456
13279775
13024196
12979487
12944809
12949952
13366710
13366195
12968562
13016232
13019240
12998526
12934642
12994530
13008166
13182376
13182265
12939353
13019213
13027784
12945260
12936212
13172761
13019264
13016311
12934606
12996526
13008097
12937250
12949958
13274133
96015098
13533625
12998470
13005671
12998586
15662403
12931800
13005575
12998440
13108275
13117980
12931807
12934925
12924699
13002382
13676824
12997030
12941406
12937243
12924727
12998621
13019212
13182423
13013220
12992149
12946767
13027618
15086196
12946736
12960325
13027775
13027558
12924709
14571210
13013104
12934857
12939953
13473316
13461688
13027614
13014715
13027509
13027787
12996443
13218318
13182429
13005594
13001953
12934913
13019291
13059182
12888610
12924861
12924855
12884620
13257667
12924853
14583198
12924857
12879394
12998623
12881631
12936961
12937232
12937793
12884500
12884741
12884720
12937050
12937782
12951003
12888604
12884740
12937792
12884730
12937932
12924851
13088236
12924859
13027652
13257726
13027726
13019220
12998587
12998589
13027566
14781358
12924726
13005698
96130370
13016166
13375083
13059091
13436154
12974874
12992146
12997169
12994565
13027781
12932199
12950899
13019363
12937470
13019362
12994471
13027768
12888603
13177394
12992232
13009924
12884721
12937082
13013133
13257668
13019261
13533626
12962885
13027753
12979527
12979384
13341811
96014437
12949951
96198905
13760750
13013231
14130024
12990631
13002365
13024171
14169526
13019302
13103173
12990637
13019382
15186125
13013070
12922553
13779294
13009906
13016215
13505587
13016746
12998652
13771194
13064689
13002167
12979459
13013102
13019300
12994444
13005585
12994462
12994443
13013173
13019299
13016244
12994525
13262574
13278825
12998650
13007961
13016170
13009980
13005550
13182257
12979361
13182386
12922616
13010129
12979421
12974761
13279701
13279795
13042509
12962840
12980865
12992256
14927182
12965588
13027476
12998647
12949914
12965632
12965577
12954968
12997098
13013203
13203489
14507035
12966371
12946824
12974806
13008073
13027682
13174356
12992249
12937443
12888721
12949928
13027724
12888720
12998504
13279855
13779288
13279624
14153226
13257754
13002307
13013174
13013106
12979466
12979528
12994424
12997181
13757360
13013103
13006388
96112821
13174425
12944980
12949786
96111540
13376546
96007104
96114761
13005525
13024257
12962915
12982199
13027677
12977025
13436101
14143954
12965647
13027716
12974760
12949926
13436103
13436102
13015063
13008022
13021581
12954973
96001943
12979439
13008112
12992348
13013265
12965637
13182284
12998683
13436098
13008040
12954966
12954880
13027495
13016697
12994461
12962679
12949954
96019478
12954379
12889837
12968514
13005695
12966395
13009918
12962867
13002404
12827911
12992316
96122035
13014932
12979470
13013138
12979536
12827588
12931995
12997164
12962942
12864029
12994404
13063983
12960272
12962847
12946821
12979467
12979440
13008183
12954864
96122034
13005617
12965616
12974803
12831609
12950907
14317046
12830956
12979479
12951151
13775358
12968524
12808522
13013232
14169549
12977026
12992223
12990662
13005597
13009952
13174403
12974802
12938899
12827963
12997090
13005542
13005545
96112818
12828088
13283863
13002335
12979389
13002416
13467669
12979360
12979420
12990636
13019334
13025852
13025851
12996429
13174366
12998649
12990743
13297175
14327634
13064007
13024128
12946817
13002385
12827823
13016292
12965601
12996512
12827986
13073041
12941841
13009917
12966380
12826010
12962907
12996576
12992328
12966381
12844179
12982211
13002187
14158698
13004214
12807406
13040540
13008182
13002193
12962831
12810449
12998127
12966388
12994435
12828134
12810511
12814476
13002316
12888615
12811982
12872928
12812124
14909980
14909981
14909982
14909983
14909984
14909985
14909986
12820637
12992213
13016236
12960200
12808324
12808325
12808326
13009967
12960271
12966399
12810370
13013143
13000036
13021612
12808521
12966410
12974896
12966329
13005631
12946779
12962925
12808317
12808318
12808319
12808320
12808321
12808322
12808323
12812314
14910107
14910108
14910109
14910110
14910111
14910112
14910113
14910114
14910115
14910116
12969685
12872697
12960150
13381642
12966368
12960265
13883299
12810371
12818516
12872698
13021582
12979509
12990731
96124772
12966387
12810372
12818509
13009895
13341641
13516264
13002339
12872750
12820635
12982192
12872751
13016251
15642223
12820703
12954972
12979568
12962886
12952214
14909987
12965681
12996438
12954938
12810642
12982213
12949908
13013060
14170894
12932296
13002359
12820878
12946763
13019308
12979433
12979335
12990629
12975655
12975650
12975646
13013083
12992227
12833583
13013170
12974907
12810618
13008185
12812548
12820585
12771935
12954829
13015139
12809958
12786944
12803454
12830969
13024265
13024312
12854746
12946761
13502600
12996228
13030292
12974742
12992333
12949893
12962854
12965663
13000260
12814596
13000262
12789120
12994427
14170873
13063941
12974773
12810069
12822896
12998435
13002396
13837051
12820632
12808432
12952198
12788749
12818965
13025884
12998464
12996574
12822826
14098277
13008133
13838761
12810258
13013131
13002213
13002313
12982156
12784563
12820651
12790284
13016033
12979468
12962899
12966320
12979471
12979490
12960118
12990730
12996521
12954947
12951150
12812349
12812900
12998484
12854528
13013201
12962897
13019369
13007609
12960198
13004130
12788051
12788539
12979482
13182370
12824749
12854719
12824750
13002372
12973053
12809984
12788060
12808749
12809868
12810478
12789879
12954949
12974713
12788287
13007950
12788702
12810350
12810418
13004152
12965678
12779090
12996214
12996215
12975666
12975755
12856850
12969731
12997096
12962822
12820608
12973067
13174360
12808384
12969732
12784676
12812496
12789936
13002412
12795735
12790175
12820691
13030149
13009919
13838717
12975665
12975826
12998638
12788910
12822381
96111592
13174284
12831286
12811618
12965669
12818540
12954361
12994524
12998523
12820602
12820610
12820611
96168218
12974868
12784727
12784728
12812534
12808385
13010012
12817471
12990722
40562928
13027595
12782253
12757990
12992214
13000269
15637630
12769061
12975830
13522859
12768102
12768111
12840187
12954910
12998105
12772155
12859987
12790209
12769408
12965668
12756071
12962862
12962861
12757534
13013123
12751202
12755529
12997199
12996105
13024211
12748123
12996230
96014442
12822794
12994433
12788754
12749369
13024188
12751150
12979530
12755833
13015078
12996197
13009886
13002202
13024248
13019252
96122177
12756274
13002181
13002179
12776114
12767638
13627769
12810833
12859937
12998592
12776115
12776221
12757895
96111189
12794100
13098481
12996505
12982210
12966375
13818992
13818988
13818997
13182344
13818815
13818816
13818987
13818986
13818989
12772277
12999964
12954877
12946802
40562865
12990674
12840209
12760200
12752251
12767640
12757983
12997194
12756117
13818814
13818817
12954954
13559115
12743294
12871515
12807939
12974923
13208026
12747065
13884832
12871096
12828459
12755961
13419486
13419484
13419485
13002361
12788905
12762494
12759854
13024266
12888497
13884831
12760088
12757461
13013063
13452137
13776176
12743285
12743329
12782555
12996402
12994520
12873280
13008174
12996240
13016254
12808025
12966372
12760312
12751114
12979369
15483474
13341693
12760237
12750755
12713657
12954854
12760038
12992171
12762576
12757646
12763351
13016159
12820556
12979601
14201513
12730513
12979534
40562864
12788747
13848326
12725101
12762650
12776299
12808049
12772552
12739170
12859985
12769467
12763372
12949976
12744622
12751138
13006391
12743346
12894770
12762604
12728574
12817670
13760773
12860011
13000268
12763273
13002342
13002302
12728344
13014732
12763049
12764838
13002373
12824907
12764798
12990718
12723338
12730551
12763156
12762454
12979524
12762437
12763232
12760364
12756158
12759913
12759972
12990675
12762466
12764725
12740187
12790273
12762719
13002320
12807922
12735766
12808023
14646976
13002424
12728414
12764758
12772095
12776197
96199038
12728438
12769418
96078551
12760159
12965605
12730241
12726035
96198618
12750811
12762687
12765382
12772394
12825027
96198602
12722810
12762567
96199043
12859940
12752462
12764752
12763270
12763322
12772614
13355764
12762633
12808013
12771986
12711115
12725554
12998590
12801050
12769891
12762815
12765372
12859902
12996962
12725435
12873163
12734374
12950986
12739231
12733467
12954925
12946768
12946742
12762652
12728396
12772607
12762962
12888614
12760385
12771907
13760774
12728147
12859916
12725175
12712736
12773723
12752409
12764539
12768045
12769267
12962807
12773867
12771638
12859936
12762978
12762644
12764721
13002332
12728381
12760444
12762460
12996578
12767807
12717404
12751928
12759993
12872595
12871432
12873254
12871424
13029395
12776050
12772419
12762972
12776184
14134448
12728345
13172749
12996444
12762625
12749529
12836231
12808047
12769251
12763441
12762556
12749435
12763431
12740193
12744593
12768843
12762970
12762920
12763265
12757575
12714175
12735728
12722746
12998512
12740179
12740378
12769461
12773885
12869923
12772535
12762927
12769763
12773883
12996414
12816702
12997013
12751180
12768878
12762535
12762834
12750981
12763113
12735230
12996231
12859893
12949949
12728050
12771720
12751041
12992335
12728578
12759991
13002207
12998511
12751227
12725496
12732578
12762404
12946814
12776165
12749342
96001956
12751362
12828574
12740249
12751271
12775895
12998492
12760340
12762701
12717541
12717641
12722722
12762675
12758152
12998659
12769479
12808054
12723237
12769610
12872755
12870969
12749353
12762369
12750807
12733101
12725445
96198986
96199037
96126831
96078820
12762837
12751122
12812735
12831004
12836756
12946743
12879272
12772330
12879279
12762802
96007865
12725779
12725353
12725321
12722693
12801074
12724671
12732913
12721048
12712356
12764763
12860044
12732365
12809459
12989783
12809460
12735209
12759856
12725442
12974844
14597369
12725803
12712626
12725802
12726668
12759782
12721248
13082504
12764764
12719151
14150098
12722934
12725337
96004385
12732219
12732220
12974815
96078571
12771728
13013074
12996377
12728413
96078816
96078819
12966389
14148596
12735409
13008033
13227390
12735487
13016213
12796143
12725151
12856835
12717196
12998552
12719490
12725846
12717640
13341850
15005097
12997109
12725062
12713960
12710061
12998499
12807921
12997111
13341673
13339848
12738860
13341830
13005662
12705999
12859972
12728444
12807978
12795937
12996975
13605455
12701199
13314290
12756610
13016161
12996974
12937927
12728011
12949964
12796035
12808538
14153203
12998551
12859918
12725598
12712971
12946803
14169710
12715564
12859991
13944256
12734353
12996233
12730272
12752047
12715177
13006389
96107252
12726777
12859990
12711026
12692598
12800901
12728591
12738832
12799492
12732993
12725599
12722750
13174413
12725465
12672321
12801187
12709347
12744152
12740380
13064013
12795815
12704623
13182345
12808427
13174296
12802804
14158645
12801492
12700748
12801035
12706027
12799362
12719465
12803408
13272931
12859984
12719188
12667652
12860038
12728093
12725904
12725795
12692597
12796234
12799396
12693080
12704621
12741299
12800893
13019298
13019263
12996522
12801168
12667648
15361302
12700817
12960199
12723296
12809858
12860014
12808655
12760255
12796097
13007919
13837034
12801303
12794542
12808386
12814673
12794541
12966378
12709308
40562860
12740393
12966383
12712304
12751932
12719351
12701190
12704622
12807887
12762244
12760350
12670417
40562879
12859952
13341887
12715521
14148603
96231074
96031174
12670379
12674889
12666592
12801054
12795863
12794480
12801362
12801457
12801405
12801449
12723370
12715192
12801462
12794271
12801192
12800995
12794363
12684432
96008888
12675274
12810094
12715381
12628876
12796001
12801180
13462130
12801568
12741441
12801297
12755765
12665088
12667756
12666080
12994381
12672401
14585819
12801172
13182402
12795945
14984301
12801400
12801158
12744975
12689404
12675273
12728183
13008041
12685609
12794450
13087427
12701048
12689690
12625545
12709969
12625549
12795821
13002263
12701126
12689401
12996983
12724802
12724616
13009933
12997522
12799503
12675272
12966384
12748049
12686322
13071703
12662294
12689402
12689400
13015014
12810525
12764880
12717592
12764875
12713599
12717580
12612979
12795971
12817530
12998541
12619887
12810447
12966400
12796010
12664959
12621859
12624976
12966401
12612582
12621828
12615512
12617767
12616289
12617835
12801086
13010036
12692740
12664863
12680618
12801166
12809838
12756584
14169698
12670532
12680525
12794441
12625016
12667754
13002353
12996216
12795926
12722784
12801406
13009915
12809872
12670492
12996963
12666663
12741477
12677516
13010041
13182396
12750634
12701241
12613220
12664747
12949825
12616618
12979544
12625112
12700761
12794457
12796005
12748531
96198577
12680363
12625997
12711780
12734582
12626540
40315473
12639007
12734600
12724617
12650097
13182449
12772168
12741855
12795984
12801425
13002203
12686324
12686323
12619751
12628927
12628908
12619531
12609824
12609221
12665937
12734536
12680639
12624768
12709351
12631936
12626365
12616382
12599324
12616742
12612482
12624877
12666633
12666647
12968569
12796069
12726943
13787701
12796098
12796037
12734624
12686500
12616573
12899617
12636524
12609717
12645735
12610002
12796245
12632033
12619457
12643360
13002421
12734603
13008175
12616681
12636155
13341802
12636061
12636215
12663760
13005532
13009932
12673024
12616078
12672466
12619758
13108607
13108606
13108617
13108616
13008023
12616438
13016225
12672463
12998447
12795927
12700877
12960341
12619676
12796084
12663916
12609218
13024270
12666643
13010026
13002371
13227515
12615926
12615925
12693118
12619858
12619854
12619856
12617407
12608418
12616734
12619855
12645725
40315476
13776226
12616739
12801267
40315474
40315475
96184469
12997009
12631623
12616262
12678122
14158653
12619857
12643549
12686361
12619900
12536247
12578750
12619418
12683271
12596271
12598946
12643089
12645826
12601576
12645529
12556528
12801104
12795990
12694039
13066945
12596273
12997001
12603721
12645827
12608299
12599478
12596758
12617948
12645755
12596139
12599315
12527462
13002345
12532638
96122762
13410299
12625118
12612765
15362605
12676695
12559455
12636237
12997020
12734534
13080680
12599443
12609530
12800902
12616709
13000273
12628942
12599442
12643372
12616067
12673725
12743279
12596142
12734608
12800999
12800903
12596138
12599441
12596141
12601512
12619140
12596137
12599433
12596144
12596140
12596143
14201496
14201497
14201498
12643362
12631607
12615938
12992188
12599444
12799473
12601627
12599445
12601401
15361328
12599524
12612341
12593683
13016253
12665294
12859951
12650252
12625158
12603736
12601849
12612894
12616161
12734537
12605648
12596818
13182266
12678118
12678116
12678117
12605697
12599490
12616638
12599021
13019348
12605540
12663921
12556028
12596903
12526592
12962872
12599497
12555983
12598979
12599323
13063959
12853176
12551851
13063934
12631708
12596240
12601522
12608802
12584374
13002178
12551571
12527525
96113652
12603775
12532518
12616853
12612496
12992248
13013061
12533068
12605649
12603644
12596520
12593524
12608421
12631694
12616765
12616430
12601521
12596341
12794456
12593714
12533011
12616882
12638707
12608800
13314331
12599390
13192124
12601538
12599026
12612810
12636052
12598795
13370289
12636271
13002231
13063947
13008012
12645531
13002174
12619975
12631815
13707816
12527440
12598860
13005692
12532868
12998509
12992228
12601729
13063968
12556073
13002232
15263590
12515571
13015051
12586547
13182317
12636104
12515569
12555986
12551628
12781530
12512662
12512677
12556421
12555999
12605602
12556000
12960324
12533105
12596827
12638612
12556089
13246228
12526855
12556045
13024288
12527660
12992152
12586592
12605743
12652793
12994434
12998506
12551572
12596820
14161651
12591799
12637386
12527238
12665613
12527719
12859947
12593705
12992331
12625081
12967833
12605419
12734535
12661913
12809442
13007929
12605594
13541542
12636079
12605856
12551857
12666176
12556001
12536147
12539216
12536579
12638620
12603449
12599337
14158689
12808010
12676855
12589225
12650493
12526391
12616065
12742178
14650405
12559473
12533119
12551557
12990650
12542123
12601374
12808055
12612256
12596761
12556155
12739185
12556623
12740435
12556336
12527181
12594492
12515626
12996363
12556134
12742279
12556618
12591461
12488835
13005686
13005646
12492593
12627517
12807832
12477847
12536340
12488217
12624655
12556047
12512683
96046897
12542091
12542053
12620757
12734579
12615786
12744662
12515476
12515721
12743523
12512684
12620754
12636338
13005644
13019377
12527191
12474535
13000257
12615769
12556004
12975884
12616633
12508293
12485490
12736092
12428358
13998106
12631637
12807926
12470444
12589228
96035870
12603628
12734528
12718307
12735917
12608805
12739205
12739195
12482518
12515810
96078597
12827264
13004553
12670832
13066763
12508291
12478308
12613253
12725301
12667378
12542185
12613251
12583991
12508361
12613250
12523410
12485658
12488470
12470544
12474582
12515952
12608808
12594545
12601831
12488040
12488371
12485704
12966369
12508299
12599184
12470467
12608807
12613252
12485550
12488410
12539524
12488418
12760119
13071713
14589357
13019349
12470344
12485259
12591540
12477600
12488643
13002257
12605456
12474161
12599367
15373526
12412816
12512307
12522175
12441447
12485536
13370287
12656170
12487883
12424821
12488502
12742280
12589220
12512389
12656169
12656171
12470351
12656174
12522174
12717059
12492848
12526865
12508296
12424470
12418550
12425684
12996229
12915957
96011178
12366325
12527166
12425082
12656265
12424151
12441233
12612365
12615236
12598947
12455800
12807951
12488219
12396720
12512219
12466249
12436643
12522959
12482117
12482309
12526647
12512267
13182228
12488454
12423922
12455354
12448796
12878988
12844147
12508271
13314284
13002206
12451868
12482286
12828246
12432275
12836486
12968513
12488100
12589257
12478116
12474518
12609310
12487765
12807920
12449126
12738828
13031784
12474465
12840610
12735945
12609188
12487811
13053969
12556460
13462123
12508350
12556681
13182330
12470357
13514181
12457570
13016187
12737670
12474514
12998556
12415356
12414735
12478045
12456844
12415357
12725856
13005676
12512586
12478061
12438647
12670829
12485468
12437625
12465651
12642215
12584384
12457839
12512301
12428163
12676290
12532488
15285296
12656200
12783727
12515396
12748472
12477843
12428266
12636145
12408770
12442382
12469504
13007930
12451993
12474276
12652786
12437721
12508298
12424527
12400303
12743355
12859892
12442783
12488644
12474702
96178607
13007932
12946815
13007931
13007991
12425833
12482624
12425051
13029926
12415117
12928485
12457469
12738850
12425046
12425045
12412375
12488437
12487832
12461557
12489069
12872783
12526584
13008002
13007962
12735950
12436363
12424469
12432823
12590536
12432824
12478049
13007963
13007990
13007994
12482555
12482554
12979565
12912506
12523697
13024159
12363297
12532711
12742187
12591519
12652797
12432827
12432178
12432184
12820371
13008122
12962860
12962878
13007960
12809448
12809434
12809447
12415270
13048646
12638126
12432143
12627587
12742202
12432145
12432177
13182316
12508297
12436389
12432179
12809446
12404533
12414932
13436091
12452714
13218334
13218339
13218337
13218336
13218340
14131286
12734532
13436096
13218413
13218375
13218335
12642196
12642212
12448819
12452713
13436097
13436090
12414930
12414931
13459949
12432187
12656176
12989687
12432175
12877494
13021652
12676783
12726819
12396911
12974766
12425782
12425760
12425836
12508273
12432139
12734193
13444220
12642242
12432867
12425818
12442526
12542650
12452718
13026045
12411095
12436372
12996992
12418616
12769626
12427462
12430667
12644647
12425712
12425710
12393477
12373748
12416732
12427365
12425711
12974975
12390315
12465615
12992341
12452727
13082494
15186931
13016250
12734604
12407618
12736133
12416741
12452117
12466175
12439254
12466179
12447854
12456734
12407404
12423915
12373075
12464867
12420556
12466169
14113256
13008099
12354743
12465614
12396912
12373405
12380308
12373406
12391373
12391377
12373572
12377706
13014813
12432932
12390731
14829011
12465625
13048704
13024209
12734533
12384208
12407385
13019278
12775916
12408748
12372349
12465567
12465569
13009939
12996193
12997119
12992253
12390411
12441472
12465419
12465570
12356900
40286950
12400040
12478676
12407575
12371649
12424895
12434100
14073669
12452724
12434101
12333381
12420324
12420326
13002173
12465613
14158643
14158644
14073665
14073671
12465568
13002230
12420321
12412650
12420323
12556437
12363432
12420325
12420322
12404419
12425262
12452712
12700639
14146585
12434172
12424835
14127283
12409203
12366311
12396394
12466166
12739190
14073670
12466178
12363404
12424884
40286951
40286946
12381552
40291029
12539193
12407576
12423999
40565010
12508294
40287051
40286947
12447855
12441981
12399988
12384264
13341752
12371561
12424907
40286949
12428649
12385351
12304098
12350528
12333411
12333410
12347872
12354857
12415360
12366380
12385191
12372064
12357286
12317239
12422818
12647678
12354290
12356925
12354946
12384488
14169748
12411718
12385204
12416691
96111302
14332929
14332930
14332931
14146580
12384564
12409475
13504631
12336648
12416617
12407346
12419305
12455731
12373698
12333395
12332991
12508295
12357420
12333383
12332996
12336995
12960307
12348041
12380216
12333384
12411717
12411715
12416689
12357545
12319007
12350732
12456408
12424869
12998461
12332234
96113464
12363445
12997104
12738859
12332815
12394947
12456341
12413162
12384029
12997108
40286965
12997105
12997103
96120058
12416051
12997107
12357572
12354772
14363909
40287045
12329389
12408629
12442595
12997106
12357619
12345161
12657442
12997024
12336343
96048417
13021700
12431008
12276028
12276026
12335947
12434011
12363801
12301744
12347811
12434029
12376989
12354641
12286166
12336145
12385397
12400259
12292550
12302578
12310830
12350887
14151562
12301414
12452211
12311240
12347812
12316010
12456394
12354703
12329460
12347777
12301961
12420397
12301368
12333401
12411888
12333392
12333397
12333402
12356905
12441457
12308804
12319156
12345163
12292513
12329672
12292524
12286167
12419309
12345162
12347776
12357341
12373770
12508292
12332109
12336153
12442748
12354993
13676930
13002394
12457134
13676931
12311286
12400047
12372056
12331940
13676849
13676851
13676848
12332258
12372743
12301675
12306637
12315901
12269523
12269524
12301304
12269521
12336029
12428651
12274052
12273826
12457599
12268681
12301411
12281467
12261483
12308525
12261643
12295002
12428650
12289305
12285995
12399976
12276102
12493489
12273965
12249103
13048645
12430963
12418538
12333377
12269612
12264886
12441372
12264882
12269627
12464757
12430959
13298225
12807977
12380058
12457470
12307915
12321116
12329465
12321170
12292557
12315914
12329800
12357363
12385359
12302349
12333452
12276117
12275936
12275100
12335986
12385358
12385984
12295217
12350638
12430961
12332922
12316824
12418587
12265103
12274084
12264180
12808015
12424379
12424380
12285879
12734170
12275421
12261694
12357091
12386320
12456959
12990625
12438688
12416310
12377439
12303147
12550046
12249102
12356975
12377437
13298567
12306677
12438694
13541568
12292307
12278348
13019313
12248249
12274785
12274787
12261661
13293875
12287214
12424378
12438681
12377434
12416195
12303146
12307994
12391487
12377077
12302359
12377079
12366430
12566573
12198900
12301650
12377101
12377085
12301630
12404061
12377093
12377100
12276121
12377091
12393484
12377088
12377089
12566553
12301645
12377084
12380174
12377068
12279405
12279404
12393486
15201634
12276141
12393485
12195448
12243754
12373184
12216182
12233213
12733611
12273874
12287055
12269500
12218746
12481752
12216184
12481779
13009897
12203284
12216183
12301399
12218803
12218941
12249548
12286398
12221756
12276140
12269911
12205799
12506841
12216236
12219025
12258658
12283249
12205800
12274196
12248915
12198521
12249104
12381689
12678908
12470534
12452252
12249107
12736037
12264879
13048632
13666577
12261700
12239231
12235175
12233356
12232923
12274068
12246053
12283340
12225725
12283277
12416804
12199405
12199406
12263651
12214535
12199403
12267701
12420396
12438155
12274206
12235255
12263541
12235239
12186421
12413723
12243201
12195551
12413217
12205634
12255576
12184173
12186422
12186424
12174835
12185252
12198303
12275580
12246097
12203174
12203187
12269904
12535884
12203298
12203521
12283931
12203132
12413216
12274905
12264877
12243529
12274904
12994386
12287077
12994395
12249111
12194697
12994394
12264561
12184171
12275322
12275320
12201664
12648540
12201568
12781048
12274908
12275321
13010035
12264560
12264557
12201834
12403979
12208409
12198529
12225555
12205665
12199404
12199803
12233832
12162171
12203513
12286412
96082910
12274435
12199764
12302410
12205552
12648541
12176206
12184408
12404056
12203299
12203127
12164400
12201774
12275351
12184025
12390895
12211867
12286724
12283967
12404488
12420033
12234737
12403974
12181737
12286725
14158591
12191631
12206389
12209338
12275461
12274034
12205876
12269494
12508270
12162178
13509084
12286768
12194698
12817641
12351208
12533468
14490829
12176202
12181689
12198887
12259531
40237859
12243280
12243275
12290286
12243227
12243276
13444216
12994495
12162174
12243274
12243278
12194850
12243279
12201622
12403982
12201567
12847099
12243277
12199207
12196199
12162180
12155841
12135599
12248216
12184409
12175305
12404196
12413220
12168180
12205439
13010011
12175037
12205689
12283344
12404054
12166773
12175304
12283363
12175307
12735909
12221813
12282277
12196407
12196405
12351209
12205886
12286717
13005635
12206395
12205438
12196291
12205699
12206393
12206390
12674522
12198513
12174435
12166156
12157886
12189432
12178615
12203178
12217030
12181696
12181155
13066991
12279173
12286651
12403978
12173855
96000706
12138005
12168447
12286710
12205904
12140452
12243228
12186119
12216655
12189391
12107493
12404677
12185599
12144770
12216656
12141469
12734599
12178384
12155908
12438651
12207283
12174915
12205753
12205756
12141498
12207282
12206511
12091043
12390737
12207284
12094424
12120159
12091676
12996982
12258923
12091666
12178492
12209348
12146371
13040626
12185597
12199717
12128856
12420018
12416194
12990651
12136132
12174881
12166662
12454904
12290975
12566629
12275042
12107524
12164230
12174878
12150513
12290973
12246403
12212038
12290972
12185323
12290971
12533625
12193876
12141487
12186111
12186126
12186117
12186109
12186033
12508375
12233956
12185602
12396090
12997014
12165637
12333399
12259151
13479221
12282666
12186028
12249130
12186121
12206514
12208345
12194849
13061351
12396089
13196918
12301823
12186127
12301824
12103333
12141459
12286922
14172393
12095255
12144435
12212731
12186112
12141457
12438069
12126730
12148608
12164198
12186114
12184456
12144520
12186040
12478187
12533616
12301822
12186108
12186113
12150449
12142748
12478188
12142755
12095257
12278402
12142842
12164197
12452212
12186128
12144764
12420017
12396088
12235176
12235307
12235311
12490902
12094413
12144775
12268175
12205798
12186120
14172392
12201577
14155689
12259155
12319036
12186122
13341588
12239737
12094324
12139455
12150678
12998561
12279251
12095577
12178696
12205510
12198396
12094320
12180884
12095685
12263563
40282525
12678915
12135439
12120108
12137628
12184239
12213207
12184704
12164264
12135438
12112371
12186115
12180834
12290259
12216985
40562938
12137113
12252444
12248146
12094323
13316410
12114150
12114153
12184775
12138046
12135432
12225112
12137108
12186110
12094319
12095684
12536174
12216981
12095073
12239760
12239738
12235179
12094315
12913363
12290372
12290368
12290371
12290370
12295937
12290369
12125510
12203271
12144485
12233770
13046489
12295403
12508300
12201830
12189184
12212549
12112456
12990710
12427968
12095260
12203270
12195546
13182263
12203250
12186564
12171483
12114149
12118942
12096813
12106002
12164177
12091486
12181212
12249121
12140446
12249120
12185592
12173748
13005612
12552866
12098237
12945830
12283837
12082564
12141484
12091986
12110749
12212704
12094431
12533421
12533420
12996499
12212702
12074849
13002172
13019234
12075142
12074764
13002183
12992329
12168345
12533419
12074576
12097009
12115559
12178488
12533418
12074181
12212701
12096889
96082830
12094895
12095642
12945834
12113782
12142936
12246296
12067382
12324554
12082930
12082920
12557312
12115436
12086041
12095130
12118418
12098024
12120835
12062098
12082770
12093715
12535916
12081120
12091357
12064374
12140506
12178640
12407190
12296547
12246348
12557448
13048706
12092946
12135913
12212732
12173596
12141595
12119430
12126732
12108322
12124761
12212730
12393255
12108438
12205533
12064550
12324564
12119220
12119219
12183258
12183257
12086815
12118827
12062097
12082868
12094939
12297107
12067761
13055006
12082860
12165393
12094933
12122377
12094618
12095743
12066413
12066415
12134689
12066474
12066471
12113995
12037435
12066976
12569987
12120998
13002275
12506834
12064876
12070233
12212710
12120448
12120447
12066473
12139349
12120449
12066472
12066467
12067096
12137438
12136413
12998602
12082949
12998529
12404033
12372559
12079022
14589324
12139258
12066414
13016252
12141425
12734618
12120440
12091401
12066819
13048713
12120446
12996514
12569980
12065005
12062069
12095597
12095744
12116338
12118850
12131879
12062146
12097502
12064435
12095489
12166453
12103127
12067484
12404479
12142902
12023884
12108317
12094785
12121964
12121957
12076387
12037874
12119786
12128606
12096333
12068174
12076910
12037868
12120467
12120468
12091994
12284056
12735884
12074798
12113818
12221936
13289123
12134358
12165384
12064372
12096378
12092348
12681189
12192481
12067408
12097358
12096352
12183486
12062877
12096232
12005117
12068176
12068172
12403983
13893471
12094879
12094878
12376530
13638003
12066529
12076116
12066669
12094875
12086841
12094876
12094877
12094784
12091991
12735916
12067852
12067851
12067850
12324495
12142981
12092343
12295399
12295400
12295401
12295402
12069941
12199733
12390619
13182390
13008016
12084194
12077099
12067857
12086364
12121956
12086365
12076469
12096273
12234974
12118989
12992350
13002377
12091816
12403977
12077961
12067470
12066330
12234631
12234633
12738838
12095625
12099783
12091813
12091814
12091817
96085730
12113381
12440420
12324585
12324565
12107539
12206869
12324480
12131267
12657450
12324478
12002516
12002514
12213607
12067749
12550199
12324552
11982020
13009869
12557391
12377884
13002364
12439310
12121832
12781049
12097851
12087724
12557390
12285162
12107774
12113815
12067865
12055767
12058638
12075871
12105661
12087295
13008000
12121833
12081227
12113397
12108119
12108117
12092356
12074909
12005541
12234966
12096389
12067563
12108118
12023609
12039214
12087362
12552865
12098116
12077728
12113395
12534533
12734573
12118982
12069611
12042410
12997170
12082774
12076280
12084696
12068205
12165374
12088193
12533620
12042416
12092980
12098126
12552791
12058484
12075877
12028759
12056735
12013590
12113391
12122379
12029067
12069953
12116151
12037216
12042374
12992250
12068036
12239034
12058688
12035479
12125003
12112877
12097706
12068106
12068109
12027358
12027380
12533459
12027362
12059275
12056481
12058862
12070681
12014906
12028136
12087932
12078957
12078958
12707138
11960904
12037143
12212545
12324574
12070594
11962455
11962456
11962469
12992321
12140611
12078954
12992320
13676800
12055207
12083837
12403988
12501219
12068032
12055287
12058837
12056482
12140609
12707132
12678907
12005324
12998639
12035482
12035486
13015999
12006782
12165383
12106388
12035487
12058888
11962203
11962204
11962454
11966142
12140610
12034130
12029209
13218872
12035998
12017724
12110744
12114882
12029339
12075639
12122381
12028215
12087573
12087618
12028143
12028165
12062874
12083895
12535934
12021943
12807950
12024207
12029606
11978960
11983544
12005271
12029614
12121969
12005359
11978795
12071033
12028957
12070990
12070991
11965221
12070985
12023730
12070678
12055270
12014713
12014710
12070986
12070987
12095623
12558834
12062093
12071023
12070988
12003103
12438678
13039105
12037748
12006986
12013358
12095061
12070989
11961885
12036557
12083786
13013144
12083272
12024350
12070992
12022204
12022186
12022206
12087935
12203173
12002372
12003104
12005441
11964087
12002601
12029363
12021996
12028766
12097208
12393234
12097207
12099659
12002745
12087588
11979238
12029216
12007284
11955980
11951820
11959102
11961807
11979513
12029599
11962416
11961887
12018493
12035896
12014839
12029217
11935699
11981148
12206337
12005309
12212720
12212726
12028154
12212721
12029859
12029868
12206324
12212723
12007852
11954072
12212725
12212719
12206335
11958958
12037152
12087727
12087728
12807936
11962849
12083785
12107810
12002542
12029352
12212722
12029862
12069938
40248125
12967791
12029852
12037217
40262399
12108016
12007538
12091358
11955982
11965451
12393245
12029853
12942463
12945464
12506835
12014430
11955940
12120471
13674347
96024594
11958981
12056025
12056118
11937251
11960728
11960731
12056396
12055338
12005590
11953331
11978844
12738827
11965311
13462137
12055204
12056751
12125041
11968954
12055307
11956153
11972268
11897607
11978822
12035757
12090978
11955930
11955960
12055652
12055650
11970804
11970009
11921802
11923601
11956110
12036542
12058598
12058443
11912603
12032326
12121975
11979891
11962770
11978185
11899052
12035758
11979883
11935250
11969229
11899050
11964590
11899161
11899053
11927159
11968264
11956013
12021932
11951481
12997137
12029604
12105288
11967612
13022216
12056622
11956031
11979435
11965816
11965817
11951292
13182361
11925580
11937663
12058411
12256649
12059003
11965815
12042373
11890198
11960634
11883877
11972392
11972393
11972462
11970178
11958901
12017611
12506836
12508360
11954082
12105283
11934522
12506837
12047673
11953801
11951404
12590251
11972391
11967869
12014706
12007629
12005061
12005079
13341577
12055323
12017592
11924003
11982173
11972150
12042380
11967870
12056516
11978841
11897700
11932401
11932402
12032270
11925127
12035752
11961864
11979887
11900777
11960732
11955962
12042422
11884826
12105291
11955961
11956109
11951687
11937288
11962863
11965340
11940683
11969573
12029125
11899055
11979889
11979890
96022215
11935297
96022196
12036559
11940680
12037220
11962832
11979886
11979884
11899156
11965731
12618927
11962647
11962648
11897965
12618954
12618955
11935678
96022212
13542609
11963413
96022189
12618952
11897816
11884876
12056391
12125042
11979888
96022226
11940682
12087952
11960727
11960730
11964857
11979885
11979784
12618953
12618928
11962861
11978842
12034126
11912577
11953972
11899443
11968072
11968074
11951823
12014435
12058966
11889504
96085877
11967903
11967902
11967901
11951390
11925964
11954062
11969878
12808008
12056078
11765694
11970110
11963251
11968073
11971393
12002597
11900665
11928860
11889406
11932232
12029617
11969583
11928920
11883901
11968833
12056275
11927708
11897766
12015659
11969935
11969659
11968192
12002806
12042325
12042448
11925609
11968345
11968308
11964919
11962161
11968198
11975272
11968196
11968193
11969075
11968195
11968194
11968731
11975470
11978816
11932591
11932982
11929448
96014434
11919173
11925710
12734594
11900671
11928854
11913868
11935103
11927231
11901801
11909002
11926957
11883785
11979483
11940925
11970331
11937399
11928462
12146386
12058117
11915067
11905202
13182405
11926971
12508311
12042450
12055335
12042452
11898860
12042306
12404505
11940031
12042451
12015664
11962407
11968032
11898005
11927204
11899081
11899079
11899080
12042304
11940030
12042305
11955981
11854811
11854930
11968150
11898466
11929449
11918972
11913971
11906573
11898977
11915316
11898964
11939129
11919203
11919095
11923145
11927600
11855154
11901854
11898959
11898958
11919927
11920548
11939126
11923230
11937681
11914034
11933584
11927609
11855084
11935811
11858118
11927230
11913812
12730010
11945386
11968348
11927119
11906447
11925143
11923236
11889558
11972099
11927536
12013155
12083053
11927205
12024251
11856420
12120442
11962534
11974717
11974715
11929064
12058718
11962545
11927910
11919059
11929038
14201483
12619023
11920041
11917878
12942569
11856978
12619015
12619016
12619017
12619018
11856847
11898957
11910429
11925852
11929190
12056388
11910344
11927186
11919364
11900724
12033363
11928603
11909066
11909064
96114737
11899009
12056290
11966180
11858127
11909065
11902735
11934935
11927247
11897785
11925608
11926967
11928861
12042376
11933771
11927253
11914119
11913830
11951704
11925779
11970870
11913794
11967853
11923371
11920113
11910439
11927311
11923370
11925778
11925251
11925837
11910380
11927283
11925269
11927325
11925456
11959179
11962126
12055203
11971780
12018599
11927326
12055492
11967585
11921599
11969926
12736154
11858145
11913867
11898000
12056581
11940535
11940807
12058675
11943833
11925052
11936432
11927006
11936515
11942473
12678750
11928527
12678745
11940425
11940798
11856272
11939815
11963857
11908387
11927107
11936188
11938945
11927181
11936431
11936381
11967437
12781026
11925001
11925060
11925061
11925457
11927499
11919299
11925216
11974836
11901292
12056617
11913866
11913793
12742204
11913792
11940661
12820376
11974714
11932386
11885177
40211957
11948299
11913846
11857016
11944490
11948627
11924415
11858041
11942592
11948290
11921560
11925653
11915018
11915306
11921561
11920095
11897250
11929093
90122155
11922411
11928851
11944286
12042449
11939191
11919935
11944103
11931057
11879585
11890873
11908999
13459259
14143999
11923119
11942475
11933580
11923117
11906556
11923420
12147112
11943666
14589263
11923278
11924012
11979607
11974721
11925144
11915131
11918923
11915064
12056186
14158621
11856801
11936558
11944536
11850708
12055444
12573324
11928224
11937711
12056288
11917761
11857292
12413496
11934844
11857291
11923151
11843656
11940436
11928556
11917819
11918630
11878323
11920105
11863508
11843742
11843573
11843500
11842840
11919060
11945822
11969919
11863485
11919811
11919995
12026572
11919810
12058413
11878297
11925069
11974716
13444217
11914316
13244379
11974718
12016830
11878378
11923382
13016301
12055214
11931242
11931923
11931241
11811874
11913750
13448974
11916688
11842835
11978115
11913825
11967998
11842782
11913657
12056159
12994437
12994410
12994411
11948457
11862008
11944316
11857243
11930822
11842847
11885029
11945715
11863475
11948158
11948555
12058613
11843733
11943938
11943715
11979405
13064148
11885031
11929414
11905055
11842862
11940005
12552717
11901379
11842755
11838702
11922353
11946142
11842853
12056246
11948480
11948481
12996399
13182403
11943740
11863442
12552836
11850655
11914141
11925125
11863441
11923327
11948065
11945876
11863443
11937926
11841724
12058842
11865311
11906372
11913718
11899157
11862065
11934221
12058955
11913896
96111943
14207817
11883919
11863486
14148499
11843727
11940082
11925874
11863041
12014712
12022705
12022706
11863384
12056514
11863439
11883826
11885227
11899006
11921501
11945555
11944210
11858032
14135040
11898997
11838700
11838703
11901340
11842756
11943831
11861903
11842927
11843480
11843479
11818237
11889523
11819810
11944385
11878141
11898861
11856837
11820940
11842836
11818477
11819811
11923189
11863413
11878282
12056182
11935546
11863387
11906371
12056235
12056239
12056183
11939662
11876201
12055659
12056354
11815488
12734601
11948187
11885078
11808077
12055538
11945672
11884032
11808600
11884024
11944417
12992193
11939206
15393568
11844762
13047887
11863393
11857982
11819879
11859214
13047922
11934411
12056456
11942625
11889439
11811859
13462124
11936564
11876243
11808787
11935598
13005602
13005702
13047910
13047902
13047911
11808702
11808701
13047921
11811819
11927640
13005712
12055200
12921302
11939449
11878325
11889391
13444343
11956097
11820645
11808700
11876244
11878331
11899012
11925242
11808825
11856015
11818479
11767414
11878319
11821202
11884447
11799356
11928926
11823289
11949257
11877315
12058529
11740784
11925534
11936698
11789900
15397293
11796457
11878274
11764971
11767101
11764731
11877142
11944049
11944114
11808630
11863528
11863523
12056542
11786472
11840635
11843731
11847750
11856572
11799298
11997915
11808691
11878315
11820448
11821107
11809602
11889476
11796460
11877198
11889492
11884914
11833793
11997912
11818187
11889491
11889543
11889530
11820682
11820646
11856614
11927218
11876223
11919533
11900646
11938887
11791732
11791736
11859213
11808824
11842770
11900645
11818179
11791734
12042421
15395794
12945831
11857807
11842876
12042307
11791733
11871769
11949379
11928842
12990740
11919534
11949381
11877209
12945837
11925738
11821030
11842811
11842788
11979651
11863450
11979655
11791590
11842771
11840636
11949380
11946752
11726759
90113808
11979650
90113593
11925863
11897960
11856036
11979636
11810220
11863527
11842805
11822263
11822917
12056550
11998168
11921004
11979665
11871768
11979662
13676854
11821247
11947977
11819749
11796502
11765610
11959110
11808025
11842787
11890132
11840676
11842878
11811603
15461779
11931620
11813383
12146966
11808985
11760824
11765640
11765637
11765641
11765639
15395822
11765638
11765636
11813382
11797566
11838705
12058866
11928927
11872749
11789835
12982184
11943093
11943094
12742269
11812386
11859582
12962916
11872732
11767244
12056195
12056191
12056196
12056197
11858573
11838706
12583659
12404066
12056193
11821125
11947478
11856582
11814910
11943095
13707806
11871798
11789979
11843607
11873170
11974784
11974801
11905351
12734591
11855977
11956274
11947237
11797471
11797625
11797626
11765331
11783672
11783535
11765509
11783489
11783508
11956297
11956281
11797632
11783518
11956233
11765611
11765286
11766122
11765511
40211814
11778083
11766335
11797548
11766244
11783488
11783491
11947002
11797459
11790123
11765721
11731280
11752762
11764724
15393563
11741069
11766569
11767595
15371015
11773752
12059140
11741638
12215246
12058587
11783666
11827953
11856017
15393489
11872733
11949157
11741501
11733311
11789831
11843684
11857841
11767625
11729323
11765289
40192717
11767203
11729796
11874028
11765938
11789937
11858519
11766561
11767049
12403987
11931582
11858580
11752807
11770803
11695181
12058610
96114807
11783848
11686429
12056189
11859521
11858525
12056149
11765731
11871758
11871761
11871763
11741178
11871762
12056741
11858642
11767529
12847421
12847422
11856084
13065470
13307887
11856016
11820655
12047678
11731581
11723969
15395719
12403989
13065469
13065472
13065471
11871767
11871759
12648968
11764716
11731654
11827951
11821422
12056705
11871756
11871760
11790232
11871799
11871757
11871764
11858640
11765803
11857811
11731634
11731622
11767446
11729868
11858687
11710473
11859580
11711510
11765523
11625019
11765623
11702131
11733427
11856547
11764726
11759880
11717171
11727062
11822187
11783503
11909084
11726756
11783467
11783500
11789919
12942557
11813443
11856621
11765726
15395730
12034016
11735708
15395792
11857888
11727043
11751140
11684307
11625015
12820247
11727058
11735711
11735710
11735709
11733327
15765612
15768563
15764092
15764088
15769316
15764946
15768532
15768200
15770089
15768700
15765810
15767196
15767277
15764766
15768508
15764497
15769310
15767074
15765640
15747158
15745272
15744946
15765927
15749722
15750013
15767213
15769361
15745496
15768552
15747605
15753970
15770179
15766298
15745225
15754022
15750652
15744937
15750108
15754473
15747533
15767175
15747251
15726337
15700888
15749623
15749624
15747231
15745718
15745843
15742044
15752668
15766951
15754034
15744816
15746975
15755176
15745254
15742309
15772454
15772455
15754280
15745751
15745255
15774962
96391568
15729143
15745774
15728836
15724029
15722160
15723922
15745732
15747401
15767515
15723762
15725614
15745552
15745085
15762049
15741395
15774778
15775272
15775271
15775006
15774760
15775270
15700826
15714207
15674448
15652320
15657969
15687649
15678641
15674476
15721488
15668309
15679008
15668896
15670503
15745590
15716603
15716652
15678741
15654622
15714944
15757517
15724016
15645771
15672748
15667059
15645690
15704876
15669004
15674385
15696772
15669377
15674541
15651952
15671258
15666412
15674664
15720007
15676697
15674203
15667121
15701305
15652541
15676935
15766701
15754526
15766699
15766700
15689949
15725530
15714920
15718574
15725292
15703026
15718290
15758957
15736801
15756243
15742277
15746307
15746312
15745781
15736793
15728240
15714895
15703082
15714201
15745595
15762040
15745775
15745860
15731133
15745813
15774898
15774758
15774897
15718706
15678841
15677548
15728559
15721428
15672578
15668603
15723815
15677457
15745824
15728832
15745661
15713446
15725817
15742199
15745594
15714980
15722678
15745760
15745593
15728981
15745823
15674392
15670911
15669137
15722538
15679194
15668968
15722568
15721373
15678599
15677638
15700928
15700915
15676700
15670739
15668698
15731134
15764511
15713447
15677397
15745830
15679025
15668627
15714222
15700951
15775157
15775158
15775253
15676660
15645765
15677585
15713420
15745852
15674899
15714922
15766746
15676655
15774912
15774913
15687646
96386970
15651859
15652542
15620644
15674977
15671069
15646203
15738592
15639840
15652386
15714225
15624182
15736773
15627176
15745756
15745757
15767041
15736772
15671054
15651833
15646196
15645998
15690409
15648876
15655114
15668510
15761290
15754588
15775107
15775106
96366343
15648924
15624148
96374209
15627402
15620305
15696891
15626875
15652516
15666252
15597544
15660434
15714855
15607012
15597613
15719176
15649898
15627831
15678325
15621797
15621967
15627367
15701330
15766993
15734083
15620563
15726729
15620718
15714945
15583466
15608731
15693364
15774848
15774847
15774849
15774850
15774851
96374227
15597750
15601680
96381535
96381351
96381536
15659379
15689725
15696892
15624038
15674929
15599570
15627945
15583468
15601953
15590394
15634306
15597849
15599512
15649923
15700264
15775196
15775197
15590800
15582726
15590157
15586043
15594286
15590818
15714254
15600477
15598080
15590633
15583150
15600475
15600476
15638097
15701261
15597857
15578652
15604372
15627208
15583325
15627362
15627363
15587850
15600479
15597941
15682890
15586222
96396903
15731603
15585957
15640156
15690143
96382769
15600296
15594482
15594480
15593640
15774961
15774960
15656813
96395545
15629037
15584355
15628647
15588176
15696905
15579074
15578724
15691478
15734461
15587921
96395513
15716643
96367207
96367183
15570769
15590306
15690164
15690167
15529438
15591016
15587553
15534552
15616445
15588086
15690168
15690165
15594334
15612674
15588555
15581988
15534688
15690166
15634286
15587128
15594288
15582687
15585672
15585673
15731567
15584660
15586010
15585674
15582837
15585709
96391566
15614264
15545562
15532169
15532171
15745677
15607663
15593733
15532170
15691517
15560081
15614119
15586472
15569932
15669597
15656656
15558235
15636825
15568385
15607678
15558398
15691475
15584432
15586856
15584499
15590843
15716570
15746302
15714822
15691539
15595946
15655342
15559766
15716585
15571493
15571641
15583620
15775244
15558507
15555843
15534846
15566795
15563707
15580118
15534205
15535628
15557480
15559796
15653943
15714960
15617598
15577381
15554568
96395431
15582594
96382796
15583600
96382834
96401118
15560124
96357893
15535595
15534460
15579113
15558481
15579714
15579773
15558482
15614116
15691535
15569919
15579343
15579341
15583716
96381526
15579344
15579342
15536163
96396889
15716606
15570766
15563490
15531709
15691549
15691538
96401045
96401033
96401046
15534828
96357900
96357896
96357898
15691504
15631215
15534482
15522271
15653918
15656950
15531741
15560110
15593100
15590018
15679384
15536371
15596354
15557210
15736554
15691513
15557211
15557212
15745692
15691503
15653930
15549528
15691576
15577252
15508072
15486034
15691428
15678047
15588573
15507983
15501594
15525827
15705635
15497000
15656698
15607627
15507930
15549518
15504315
15534620
15507264
15691453
15736576
15500516
15562568
15691464
15593101
15690131
15632396
15494560
96360071
96360068
15488166
96371470
15549494
15690163
15531732
15549515
15449074
15488141
15488142
15488143
15488144
15580180
15593144
96394930
15691495
15716505
15486110
15576696
15658288
15484006
15557928
15656804
15690130
15656857
15498132
15471634
15465994
96386488
96366347
96360076
15456077
15473095
15656978
15510391
15468172
15481739
15510392
15497122
15496697
15482159
15656818
15672798
15471176
15655371
15494400
15510389
15510390
15493175
96391384
15563711
96397698
96397700
15691508
15656697
15656962
15540027
15763039
15713439
15690116
15763009
15572456
15540413
96365139
96354848
15455973
15593089
15619058
15471786
15691525
15720948
15653949
15465723
15570751
15451257
15449087
15465873
15468790
15653964
15653929
15479919
15449040
15455974
15481959
96395056
15678244
15655304
15457393
15632840
15525941
96365377
15691474
15601117
15772194
15772193
15774836
96345473
96346107
15472161
15443529
15436392
15459218
15409873
15413673
15593115
15616467
15402555
15459010
15560915
15457026
15469979
15442252
15457397
15658269
15497297
15485996
15568405
15570747
15451619
15451798
96334096
15495217
15442427
15409967
15570755
15641443
15402561
15441908
15457921
15393097
15570738
15387913
15437683
96377372
15495185
15656731
15495225
96377387
15484406
15449373
15774940
15774939
15398463
96346055
15467886
15560074
15456988
15438260
15443464
15693395
15442449
15485262
15713431
15641254
15412983
15438430
15387911
15401381
15371651
15395539
15378417
96381190
96322110
15380117
15457699
15395548
15395572
15387920
15441933
15457343
15441810
15442880
15412539
15342208
15458438
15458439
15458437
15372852
15458440
15495150
15705532
15395565
15387916
15497310
15568419
15508217
15442653
15402517
15438496
15456463
15497316
15457039
15412572
15436711
15399819
15412470
15412302
15470776
15720952
15497311
15387914
15473802
15402954
15395534
15470277
15524564
15390217
15547174
15575429
15449572
15656972
15449574
15449534
15449573
15473801
15656890
15549539
15774824
15775114
15442638
15378447
15402551
96353754
96368302
15367750
96353766
15387915
15380390
15393038
15395549
15378425
15393034
15393128
15387923
15436921
15378267
15376051
15378549
15378550
15691493
15457344
15568408
96381296
15690119
15705662
15393036
15457593
15393035
15525859
15378195
15390223
15457346
15457382
15393130
15395560
15705655
15375949
15495166
15387922
15372898
15395580
15549503
15371758
15691479
15691555
15691470
15390220
15378289
15656829
15572460
15495138
15375905
15442266
15470783
15474901
15457363
15456861
15393147
15393170
15549501
15435519
15457353
15411358
15691477
15570740
15456519
15691593
15382420
15731693
15570744
15376002
15395570
15378419
15376589
15456257
15378207
15457345
15436709
15691497
15371557
15593080
15656574
15395581
96382817
15656977
15393028
15448444
15395541
96365125
15402556
15372830
15497296
15375873
15395569
96353803
96345346
15395571
96338198
15372873
15339619
15395543
15395542
15449094
15410201
15395591
15378652
96396995
15454976
15454981
15454980
15454979
15454985
15454978
15454983
15395588
15454977
15454982
15454984
15454975
15326306
15349038
15395550
15375522
15629209
15395544
96365133
15454443
15456378
15705546
15445305
96322096
15363169
96317508
96317509
15336292
15372642
96317486
15376235
15387921
15354626
96317522
15705560
15372660
15457368
15714952
15497281
15340632
15372955
15395568
15378403
15495187
15395532
15376481
15395540
15393041
15442657
15359175
15372957
15367151
15376555
15395567
15354513
15372718
15497319
15395585
15354726
15775699
15775700
15458219
15458220
15337570
96341762
15340530
96309219
15610842
15392954
15339167
96322106
15545228
15525976
15444243
15549523
15660289
15376314
15456993
15392971
15326315
15318426
15393159
15775024
15774835
15364220
96322070
15359403
96324912
15540032
15356880
15442405
15360102
15361292
15296929
15361271
15361273
15392950
15326308
15495169
15507270
15350428
15313147
15275796
15271868
15275795
15340634
15376328
15342147
15403555
15343830
15363582
15775280
15775279
15775282
15775281
96345962
96346108
15392947
15392981
96374612
96314012
15343841
15350401
15393004
15354698
15396068
15393043
15375878
15376237
15457357
15372899
15315562
15361293
15495161
15497282
15558535
15691522
15392952
15689013
15254715
96313977
15275637
15322752
15324005
15251258
15301556
15306236
15392944
15295886
15315666
15497258
15255927
15255928
15403158
15393030
15444237
15397893
15359370
15393012
15318102
96348281
15271834
15250994
15310944
15273845
15271737
15271738
15273617
15387917
15268962
15273954
15302277
15272032
15308598
15273844
15323888
15361313
15266158
15393032
15596974
15283255
15282537
15301834
15775189
15775188
15271967
15378330
15393033
96313958
15392956
15549601
15495208
15230745
15282551
15393022
15714865
15714845
15299998
15392977
15336288
15323873
15392955
15296989
15570754
15270298
15252566
15392458
15361280
15232286
15251288
15255320
15336803
15314337
15283287
15311255
15763361
15284596
15363151
15256821
96317707
96310792
15275774
96308217
15361278
15279856
15298465
15318876
15300890
15284820
15298405
15374589
15276025
15439322
15374583
15279760
15361290
15259458
15560914
15247359
15236360
15328444
15245871
15361288
15300892
15270224
15289891
96320687
15236840
15283245
15235928
96308125
15392959
15293923
15300923
15323990
15243115
15392957
15298476
15280190
15295364
15230728
15260234
15246912
15392972
15230606
15316398
15284606
15255247
15263210
15249169
15245484
15336848
15298451
15324090
15313152
15374578
15283307
15263035
15298478
15658271
15230794
15277804
15298449
15270350
15318850
15393003
15277803
15277805
15260255
15235339
15392973
96317406
15259272
15236292
15273092
15287748
15358538
15374554
15374803
15210233
15205684
15206505
15206640
15208447
15205611
15495207
96297810
15238038
15374576
15234959
15300359
15230790
15235750
15232341
15213286
15208897
96300883
96300942
96300936
96300944
96300885
96300941
15304880
96300938
15392962
96300906
96300930
15255904
15326382
96308148
96300955
15361261
15272727
96300877
15290146
15376258
15702904
15283261
15267304
15374462
15225880
96300905
96300904
15253704
15316293
15218185
15309043
15237213
15549478
15397652
15225879
15374549
15300353
15361327
96312146
15239047
96317611
15393021
15235338
15304989
15199234
15261617
96307293
15227704
15221113
15343828
15374463
15240521
15245205
15218315
15222265
96308185
15321100
15393042
15210391
15393029
15393013
15374785
15234611
15374828
15262496
15274489
15374551
15392953
15284574
15209916
15231399
15495246
15335356
15335357
15226482
96300910
15240960
15655341
15361289
15283262
15444369
15224843
15375573
96382762
15230553
15210026
96317773
15238136
96310215
15255478
15374582
15226102
15231491
15234093
15230696
15316357
15374647
15301081
15311339
15208544
96296316
15374577
15374832
15392996
15235332
15300341
15230834
15374591
15374525
96308188
96354789
15225472
15226167
15217846
15300355
15208900
15393010
15393027
15231121
15316284
15205702
15374831
15343826
15343835
15343824
15343834
15374674
15251058
15240828
15325212
15310465
15310461
15233126
15231492
96364750
15374480
15243125
15392951
15261243
15236480
15326389
15315895
96297249
96309404
15393011
15325333
15457770
15374735
15256629
15238232
15197458
96297272
96297937
15228084
15234097
15157155
15304987
15393132
15721005
15157154
15438013
15374573
15239677
15226165
15374815
15240630
15284597
15229494
15495230
15227695
15374592
15238048
15160658
15374607
15238047
15300361
15273158
15260232
15159252
15235324
15234970
15300364
15238083
15300334
15321073
15226395
15775013
15775015
15775014
15147386
96297808
96297807
15201170
15374739
96297216
15374594
15208528
15108056
15374835
15208495
15374469
15230771
15209893
15231315
15236651
15367557
15374805
15273118
15393101
15234670
15144412
15238110
15190763
15238208
15374584
15156728
15235325
15238020
15336706
15374539
15336727
15201153
15230832
15314365
15300360
15336826
15374476
15139956
96291385
96291348
96295695
96297720
15302289
15094502
15374468
15279825
15374824
15149996
15316406
15117086
15209965
15374820
15374823
15374821
15374822
15238104
15374819
15495186
15497304
15374553
15374477
15150343
15245240
15374833
15374533
15273124
96307531
15260238
15273125
15238067
15300362
15208530
15201176
15212007
15374458
15335241
15336708
15180527
15336754
15374556
15336700
96285205
15144775
15374483
15285417
15273057
15374741
15271263
15273060
15279770
15376238
15374552
15271266
15374472
15374804
15136708
15240649
15075761
15336802
15147470
15147456
15147427
15147718
15149935
15149934
15147446
15147447
15147294
15217998
15234175
15155464
15160461
15160465
15255804
15147457
15272728
15335157
15144338
15491275
15137887
15374765
15135717
15105967
15374470
15108055
96308200
15336710
15062838
15208865
15274496
15230520
15208866
15090705
15226443
15205619
15335354
15167802
15374529
15336837
15098730
15326419
15393001
15326417
15090854
15136649
15100230
15235169
15096098
15095920
15209959
15112726
15230740
15209911
15116917
96308203
15208855
15208856
15184572
15184564
15374459
15094519
15208852
15208850
15208851
15208854
15208853
15112755
15318907
15379552
15336743
15100363
15238159
15374664
15374738
15374574
15098164
15209988
15099680
96337218
96337148
15090700
15226153
15226152
15140268
96307550
15100145
96307541
15100150
15184495
15374460
15184465
96308201
15090771
15285408
15281672
15325331
96381224
15374801
15095956
15374501
15151371
15374628
15335281
15374802
15184496
15226182
96291435
15119140
15083145
15098370
15093333
15106949
15208833
15374475
15119221
15059989
96305260
15098013
15140555
15230672
15271283
15201180
15076954
15186148
96322465
15037462
15121732
15121733
15121734
15121735
15121736
15121740
15108096
15121739
15121738
15121737
15121741
15059362
15081951
15118853
15144823
15081947
96281305
15026984
15186934
15073793
15271275
15031712
15184563
15076938
15076937
15076944
15034690
15374465
15081847
15092896
15076943
15041504
15100217
15321327
15271260
15184507
15100268
15100305
15314829
15076939
15393031
15087475
15184594
15325352
15184497
15081471
15184517
15073749
15057685
15026891
15271259
15087476
15073718
15186147
15100267
15073756
15073757
15092996
15073755
15054727
15271262
15271280
15271261
15271281
15271282
15073758
15155775
15300342
15374737
15081843
15076006
15374853
15100443
15374736
15273059
15335341
15099720
15335339
15208832
15274503
15691537
96307493
15082012
15073818
15207644
15094926
15095996
15207796
96284469
15096025
15108973
15108975
15108974
15109946
15078314
15117292
15186130
15186121
15033360
15186960
15096026
15109961
96291220
15109962
96289068
96298882
15335335
15037454
96298883
15095997
15207797
15184565
15095779
15374544
15030510
15184503
15184484
15085674
15207643
15206725
15081521
15076859
15076825
15094768
15207645
15374655
15374654
15392197
15127084
15033359
15030585
15034868
15138482
15085640
15374652
15374651
15206726
15073791
15374657
15374659
15374658
15374650
15374656
15374653
15083135
15374543
15358552
15374826
15081547
15374457
15081796
15037455
15374581
15374494
15186152
96400329
96400330
15184555
96310086
15359464
15030427
15076788
15081548
15073772
15081795
15325340
15030479
15284563
15325339
15033369
15238221
15374818
15374558
15007275
15056630
15184468
15033414
15279704
15034863
15030856
96289968
96291356
15076858
15076738
96290005
15207837
96353185
15186956
96289972
15024427
15081946
96290006
15314342
15374555
96280839
96289974
15184562
15044664
15081841
15082011
15207835
15081836
15207799
15374527
15371008
15371009
15081482
15076779
15099760
15073766
15073734
15081715
15374528
15026975
15081949
15006610
15335280
15081483
15374466
15004988
15004989
15081484
15186935
15081481
15374565
15085668
15207836
15064579
15155810
15064920
15263450
96291168
96291170
15155209
15155208
96291160
15238224
96291169
96291166
15300374
15081532
96291171
15126742
15207798
15073735
15374560
15076884
15186961
15374505
15047492
15230768
15081703
14999729
15374481
96289981
96291292
15073800
96297809
15076956
14996752
15008403
15008345
15049067
15051139
15226111
14995045
15374838
15037456
15027677
14971092
15374830
15082010
15166695
15006154
15374732
15495131
15374495
15031215
15374559
15154999
15027111
15031735
15019502
15024294
15374731
15705528
15001910
15207698
96286550
15629250
15001723
15055118
96281317
15060946
96289973
96336762
15001762
96289436
15300350
14971095
15186146
15184442
14971098
15238264
15325251
15005979
15374811
15095745
15371120
15374637
14977166
15006749
15207715
15009719
15222557
15374461
15127064
15374586
15705632
15168891
96324272
15184469
15098003
15075134
15018730
15031133
15019670
14994930
14995185
15005542
15166655
15005622
15005483
14980873
15051007
96291402
15047600
96272061
14996449
96299035
15080077
15184453
14987950
15108082
15034860
96293701
15143504
14980866
15326386
15009734
15273079
15336745
15033478
15238106
15006670
15017382
15024356
15081702
15022351
15022440
15006596
15009673
96274430
15006696
15207684
15001923
15374829
96289989
15325338
96291447
15005842
15033280
15031697
15001845
15187125
15034217
15720939
15007247
15246885
15023930
14996621
15030549
15013340
15155132
15374479
14998997
14998738
14998739
15001615
15374733
15374541
15374542
15006726
15002095
15097254
14995111
15168984
15168985
15168986
15168983
15038453
15014509
15374665
15374562
14968949
15027071
15005428
96299644
15184451
15374464
15720957
15097963
96289885
14995707
96298885
15459749
15001670
15373636
15023412
15011078
15374456
15014983
15374575
15401476
15374530
15061131
15023493
15068761
15032006
15102745
14978350
15184448
15014456
14945860
15374615
15005952
15100156
15009664
15077013
15186952
15374471
15184501
15027700
14982436
15637633
15030477
15006703
15395592
15184470
14970610
96298936
96365211
15010448
14968008
15076909
15144773
15374605
15034336
15010608
15637618
14996356
15374473
15078506
15166657
15166645
14971118
15005108
15374467
14971119
96272895
15166650
15081900
96280971
96280974
96280975
96280976
96280977
96280978
96280979
14967810
15002011
14967941
14996162
15002089
15157504
15001943
15103721
15002015
15002012
15374606
15374612
14967463
14998951
15001930
15207567
14959747
15374535
15075196
14967389
15078668
15002013
15002007
15016949
15395595
15112776
96280972
96280973
15016872
15001837
14968045
15226166
14985241
15374478
15336858
15374540
14994919
15006240
15078507
15005395
15078519
15002115
15374814
14941727
14962810
15233021
14960292
14994794
15001997
96280954
96280961
15005633
15052515
15374663
14937421
15086338
15132274
15460177
14979148
15004646
15018861
15105024
15166668
14937480
15086363
15300358
14960477
14941781
15001951
96263828
96263876
15008943
96263887
14960087
15015965
14996352
15272783
14941695
14968940
14944841
15374616
14962236
14951672
15005221
14977723
14961173
14943368
15002569
15144842
14979146
15076654
15076648
15076649
15076650
15076651
15076652
15076653
14951624
14987401
96341639
96263829
15006144
14946075
14961122
15006798
14967362
15044804
14995482
96280970
15006796
15625695
14991384
15006157
15625705
15625669
15625704
15002049
14961250
14961239
14961101
15086325
14961159
96263869
96279932
96279973
15086321
15001817
14961231
14961238
96272872
96272873
96272874
14988828
15705675
96284002
15001824
96284029
14870028
14961166
15078541
14852586
15006600
14961154
15157502
14957980
96326958
14991464
15086206
14867054
15006595
15078554
15006592
15009708
15001833
15086318
14849504
15166708
15166707
15166709
15166710
15086327
15086328
15027077
15002533
15002000
15086330
14849505
15078678
15078674
15006594
14962770
15056034
15038510
15078476
15006795
14995120
15001798
15006593
15056040
14965115
15076901
14965114
15009763
15009791
15705646
15007754
15166711
15166712
15007755
15007753
15007757
15007756
15086315
15006137
14836337
15078581
14925100
15086319
14945975
14993653
14867219
14961050
15078580
14866848
14866847
14867197
15225902
15139472
14967887
14958282
14867243
14854729
14955604
15001891
14961196
14996164
15005214
15004650
15081814
96317973
96317970
96307239
14971116
14852608
15038504
14930548
96307128
14944742
14994511
96280947
96281214
14928008
15705647
15031293
15005426
15005788
15001664
15207817
15166698
15166697
15374474
15374631
15006709
14979178
15009658
14961152
15080334
15037488
15001818
14960209
15168872
15168870
15168871
15374613
15374567
15374580
15374634
15663691
15374520
14961246
14997092
15078655
14997346
15078665
15078656
14914320
14944844
15005749
15374579
14956353
15620425
15006156
15006707
15038454
15582144
14854728
14996390
15009691
14836460
15125348
96248489
96296266
15125351
14961145
14961243
14961230
15125353
14929223
14961031
14929476
15374548
15374531
15374547
14902522
14946097
15038523
15630811
15125350
14979185
15374632
15374633
15374546
14929418
15374532
14857122
15001598
14979198
15001853
15006730
15374488
15009807
96251996
14958011
15129552
15048553
14928294
15001591
15001599
15125349
14852506
14896968
15001565
15006148
96262302
15184588
14903425
14835161
96312153
96299526
96247842
14885892
14961204
15011727
96263105
14887681
14863769
14836473
14789624
96252000
96263722
14893984
14827722
14867019
15006677
14867055
14961121
14979150
15001597
14948027
15001977
15006675
15001678
15374550
15207716
14961093
14961044
15374516
14979147
14827741
15026981
14887636
14986715
14866964
14870162
14958333
15018813
14977722
14991387
14826939
14809028
96248384
14824291
14780890
96287212
14817726
96248376
14928060
15184440
15006613
15038709
14821347
14961030
15279487
14879673
14961212
14778858
14932109
14979165
14870496
14789621
14789622
14880457
14824302
14800095
14800094
14778849
14814316
14800084
14961095
96277916
96260231
96248457
96312155
14827064
96247812
14870483
14808947
96248374
96248314
14826905
14827055
15374534
14932992
15006607
14780947
14860303
14780746
14961233
15135753
14874515
15100077
15099743
15038527
14961036
14805840
15002116
15374489
14809013
14931295
96242345
14979317
96242323
14930725
14749828
14853476
14805789
14863792
14961043
14808930
14749858
14808894
14906738
96259884
14801215
14819612
14808966
14808387
14827119
14889222
14819852
14880436
14842666
14832498
14977727
14979322
14886114
14819389
15374500
14961045
96306977
14819797
14805869
14913402
14749843
14749803
14824327
15001617
14742760
15105982
14749680
14939874
14880391
14749746
14747625
96343152
14799996
14778831
14751256
14805857
14778877
14748032
96256636
14884353
14870449
14880412
14880402
14819398
14842936
14829375
14780872
14880382
14809009
14979134
14893987
14880362
14809007
14809065
15207800
14808968
14807544
14809012
14809027
14880372
14749723
14809011
14870480
14874523
14870448
14929168
14749681
14836421
14814578
14880465
96237875
15374813
15009689
96237885
14816806
14791574
14814489
14808915
14741839
14870425
14880375
14780944
14789883
14789518
15230766
14838829
14800029
14809317
14870435
96289692
14780868
14822275
14743003
14808889
14773593
14880515
14961119
14760073
14741815
15209914
14808905
14820232
14783133
14783132
14783131
14747611
14783130
96237187
14791424
96247678
14859087
14747628
14757868
14961174
14780745
14816844
14859084
15086257
14938881
14851790
14851791
15034664
14854166
14859081
15086308
14741840
15006155
14809340
14749894
14809195
14961195
14851858
14775199
96312154
14947944
14834194
14880442
14730741
14804022
14805809
14898738
14898737
14780932
14979142
14822268
15086334
15086339
14977731
14822267
14789595
15086344
15086346
15017073
15086340
14783129
14780718
14804010
14783128
14805785
15086355
14882959
15078564
14809315
14884324
14822280
14780939
14902318
14832563
14786226
14782347
14808944
14803562
14870476
14756304
15086234
15086347
15086177
14789620
15086191
15166667
15374564
15374502
14809010
14880521
14833724
14724509
96277957
96237873
14780862
96237874
96258772
15086366
14747622
14757954
14804023
14816817
14716650
15371072
15086200
14814555
15086349
14755111
14724446
15086357
15086348
15086237
15086292
15086278
15086356
14789559
14814544
14814315
15086267
14835232
14814573
15371077
15371079
15371081
15371082
14819475
15086288
14808943
15086336
14790812
15086329
15086188
15078566
96234416
14711400
14792966
14783665
96231745
96235402
14853975
14808888
15004637
14808946
14726253
14819390
14778872
14791436
14884417
15086261
15379648
14780834
14856410
14756301
96234418
14722504
96237269
14741772
14794458
14857213
14854168
14870434
14794419
14870474
14722521
14789511
14722502
14874551
14790998
15370972
14854167
14870478
14979290
15081688
15129563
14961177
14977728
15001601
14800093
14809019
15371076
15371073
15371078
15371080
15371083
15371084
14716645
14851857
14793204
96242109
15497286
14874492
14979269
14979307
14780737
14815161
14880450
15374608
14880479
14874678
14870458
14769053
14827049
14909146
14805434
15006710
14789597
96249770
15001627
96229386
14874559
14708318
14805855
14870500
15371053
15371052
14853919
14853920
14987394
15009816
15009817
15009818
15009819
15078488
14805835
15099744
14809080
14780742
14791556
14800076
14745891
14854185
14713622
14747620
96271358
14717477
96233563
96278004
14789480
14805837
14870202
14717560
14715169
14715187
14884346
14884344
14805859
14741016
14783069
15006667
14715355
14917945
14854207
15078644
15080401
14814313
14961032
14917233
14917926
14880411
14853974
14715449
14809320
14884331
14879759
14880389
14713436
14715094
14715105
14805876
14717256
14717303
14708289
14805828
14715109
14711129
14870481
14870378
14717541
14805354
14717441
14711355
15078647
14724443
14709859
14717467
96312156
96326642
96227811
14733852
96260464
15017173
14809008
14706488
14717237
14709999
14870422
14707913
14717281
14807509
14710025
14730261
14708209
14717439
14717578
14724293
14713439
14713433
14976258
14721566
14929141
14715268
14711592
14643825
14655294
14642189
14646593
14710229
14645080
14715207
96265313
14642344
14711612
14645138
15078495
15001631
15001632
14793660
14641978
14656583
14715139
14715315
14717313
14722712
15020172
14640212
14653211
14642340
14642181
14640433
14646717
14715250
14717454
14640321
14717317
14653424
14642202
14711145
14642118
14653414
14874694
96229453
14791545
14749837
14645137
14641302
15184456
14699829
15184616
14721590
14642243
14648030
14648105
14641281
14642230
14724437
14645133
14706461
14662481
14635251
14809155
14655147
14708388
14641280
14643807
14662493
14634380
14805788
14717494
14717600
14880444
14880445
14642275
14713752
14724220
14724223
14642188
14711112
14640327
14880443
14717361
96237441
14635183
14701515
96210385
14615333
14701516
14727773
14632180
14583692
14715568
14641223
14793562
14645139
14662230
14612371
14615184
14717252
14717629
14641979
14961100
14721640
14884329
14725964
14651558
14648057
96229638
14641824
14635216
14729680
14634270
14717607
14735659
14604193
14597950
14643388
14645057
14886126
14641275
14631795
14627883
14699864
14640322
14592991
14603119
14583860
14879756
14699918
14591703
14578032
14586068
14713885
14882820
14623051
14623041
14586292
14603036
14586425
14626051
14809170
14606386
96237134
14573847
14631366
14610848
14708340
14893977
14874648
14586337
14893976
14578033
14578130
14793592
96211924
14586302
14643361
14578220
14621369
14578077
14886122
14870479
96254316
14623232
14880517
14624652
14640323
14835165
14566653
96344024
14715320
14603164
14577985
14603174
14546614
14577974
96204022
14578155
96204049
14617121
14721651
14597982
14566622
14689609
14889218
14886121
14832420
14713442
15582145
14612032
14568441
14889215
14889216
15584906
14623025
14717410
14733553
14715226
14701639
14870374
15478772
14575375
14870392
15086350
14733552
14549347
14590543
14584803
14557448
14640803
15006719
15005234
14501776
14549439
15005484
14714404
14590463
14590465
14626116
14584884
14546016
14882818
14889220
14713693
14528944
14713486
14545306
14578193
14733551
14568420
14713559
14549193
14704845
14573699
14573709
14583843
14583852
14583842
14583812
14573698
14583803
14557482
14689292
14727740
14583792
14585084
14599881
14559604
14608829
14698083
96213203
14689293
14701577
14583802
14583833
14583832
14724295
14643895
14599851
14741078
14593540
14710106
14699926
14573582
14540781
14726070
14639517
14573571
14889225
14701521
14701542
14882827
14793678
14590815
15371017
14551754
14701514
15017098
14701549
14793565
14551328
14793642
15042118
14870477
14612124
14880495
15329423
14721575
14882821
15086351
14612150
14561061
14566545
14918024
14545206
14889213
14699838
14913669
14614779
14893988
14889224
14880427
14880429
15086361
14793653
14555519
96203966
96268672
14528947
14701579
14568537
14579591
14713469
14726098
14701594
14611643
14645932
14886113
14617198
14553546
14701548
14533511
14793557
14617220
14729665
14629888
14528921
14555352
14900570
14657032
14528814
14698127
14676973
14793650
14904286
14879663
14886195
96233350
14548178
14880472
14542028
14893978
14533397
14471705
14471700
96197005
14612110
14699922
96225428
14546100
14604214
14471401
14533330
14496538
14533303
14604154
14612094
14755991
14471286
14729710
14599968
14599973
14599974
14593332
14557377
14533506
14603365
15285861
14472603
96197160
14533357
14608362
14600015
14614535
14471570
14653410
14554120
14727758
14472608
15257449
14471635
96225412
96230507
14472852
96223861
14644360
14471442
96231711
96225407
14472789
14533395
96213229
14674530
14533331
14825588
14600895
14559657
14577929
14472683
14472540
14825581
14559668
14471370
14617229
14555564
14472629
14825565
14634332
14706709
14533353
14643658
14471623
14498304
96213823
15184613
14466089
14612623
14537478
14519143
14711576
14519144
14585091
14499361
14726123
14495539
14624660
14531606
14699882
14929095
15157576
14727808
14643156
14624440
14731087
14643381
96229622
14726099
14726111
14882957
14469508
14724164
14793625
15007211
14471554
14447210
14713818
14471671
14472753
14711211
14472600
14499266
14531532
14501787
14808906
14528828
14701486
14471380
14819606
96207285
96209741
14551029
14800085
96213317
14626063
14727830
14499532
14528955
15004630
14610817
14499559
14499570
15006629
14499376
14626044
14499599
14724126
14471403
14626043
14499569
14499531
14886232
14528196
14711212
14499551
14889226
14495464
14889227
14886224
14809184
14885896
14809113
14435292
14445467
14471674
14725955
14450101
15086179
14507162
14435361
14469505
14727729
14913667
14447574
14463725
14463702
14503682
14463703
14509180
14500152
15517082
14456333
14435283
14816793
14456337
14893982
14533448
14727890
14463745
14471562
14755979
14825553
14472628
14740987
14729619
14463749
14472562
14528860
14471264
14727807
14503754
14460063
14503675
14488142
14503654
14398913
14503663
14494116
14819375
14503662
14503703
14463721
14503743
14528938
14503674
14889210
15363624
14507123
14507222
14507088
14507097
14507216
14507114
14472518
14425878
14885786
14578019
14428502
14885787
15457413
14525346
14727786
14819365
14510982
14450157
14893973
14399168
14472828
14430017
96188047
14466098
14507207
96324968
14443163
14756179
14347290
14503683
14425095
14530839
14425107
14425096
14422445
14425104
14471598
14472868
14471597
14577911
14604695
14347010
14460076
96209811
96221396
14384018
14756196
14469087
14472730
14507153
15272893
14472500
14731821
14731822
14731823
14731824
14731825
14731826
14731827
14731828
14731829
14731830
14731831
14731832
14499895
14893980
14452468
14382275
14452491
14713696
14507194
14427311
14466068
14348640
14793649
14456358
15007241
14466038
14507175
14414490
96268629
14445481
14443169
14421357
14472575
14407391
96186872
14555495
14423124
14376415
14414489
14471571
14701501
14503714
14727875
14471695
14471342
14487553
14507174
14472544
96235426
14507106
14507179
14466661
14447554
14463707
14472673
96180644
14348637
14345536
14363848
14432420
14427248
14347358
14755964
14600898
14426226
14833929
14499918
14471688
14701602
14341375
14825576
14507150
14348607
14472564
14348588
14348459
14499899
14708082
14345348
14800083
14347173
14348442
14347376
14421341
14348033
14346925
96186921
96186920
14427315
14369821
14444449
14432431
14345469
14471275
14367582
14473435
14415931
14545983
14363843
14347330
14348595
14507191
14347146
14347147
14755945
14809156
14348401
14499919
15271395
14510436
14445990
14789516
14683001
14503753
14726044
14499917
14701663
14701664
14701665
14704737
14503733
14348461
14499912
14347106
14463741
14347143
14503724
14499898
14540187
14348340
14885784
14699929
14348384
14805844
14713511
14348507
14889219
14471384
14377883
14374488
14361755
14369243
14345502
14495058
14346968
14472773
14825618
14503691
14347059
14369242
14672535
14503655
14503664
14453476
14345130
14409305
14361769
14731813
14472555
14889212
14893985
14347433
14886116
14423155
14893986
14780715
14348370
14369259
14369320
14889221
14348618
14886227
14348506
14347427
14347074
14391814
14472710
14755959
96208791
14472632
14472706
14472707
96229585
14471391
14349525
14345387
96237656
96225440
14346929
14361483
14630964
14346868
14361803
14347326
14348536
14515773
15159650
14347211
14889217
14341745
14420163
14819414
14914574
14499906
14729707
14471573
14345321
14913670
14471450
14727852
14533407
14416620
14729567
14914580
14727728
15186149
14340252
14347054
14347055
14472532
15159653
15159649
15159655
15159651
15159652
15159657
15159654
15159656
14448377
14361759
14409606
14909603
14345331
14348339
14346856
14341959
96159108
14347199
96214107
14602971
14306359
14347370
14347393
14348362
14345458
14351274
14347322
14505944
14729511
14729510
14345501
14356513
14698118
14499922
14727855
14825602
14399149
14347340
14729681
14729582
14347182
14347373
14510423
14701637
14701638
14701513
14499927
14347251
14340547
14347197
14374505
14509051
14430058
14346981
14347261
14726067
14347334
14348525
96159125
14347362
14347267
14347226
96258855
14347232
14741037
15271378
14268553
14307587
14347244
14342985
14347323
14469521
14346528
14333940
14345522
14499925
14404578
14678097
14427300
14484280
14335514
14347167
14324848
14346917
14443791
14351273
96178869
15271273
14882958
14284915
96197833
96180640
96159162
96159124
96159163
14322482
96159161
96234066
14347235
96159089
14348331
14251118
14285028
96166412
14333938
14718202
14359295
14825573
14499896
14276828
14351306
14316738
15271334
14729493
14507206
14366281
14348516
14278395
14347468
14347469
14698116
14507053
14278420
14347467
14347470
14356369
14515775
14277114
14251170
14278397
14344533
14254117
14448310
14885789
14365690
14274303
14369236
14346921
14361001
14369281
14183639
14152495
14328269
14162782
14147904
96175767
14252132
14137228
96232629
14142525
14147896
14982218
14147895
14152423
14162712
14183335
14171037
14163087
14258205
96227322
14143475
14276645
14254072
14161280
14471699
14183713
14178767
14316990
14278942
14263386
14274092
15371235
14253922
14278472
14274071
15663848
14676898
14278450
14252096
14253913
14278477
14278475
14253912
14270958
14164677
14161153
14322639
14268795
14825582
14268594
14268595
14278941
14268585
14322640
14268635
14268636
14208218
14152747
14155127
14379022
14982228
14255407
14143587
96132671
14152421
14183574
14257563
14183442
14183756
14161036
14115948
14115949
14907330
14136892
14121485
14183776
14163144
14209128
14158272
14183377
14274093
14183346
14170075
14131055
14317040
14177573
14137350
14206410
14183617
14085121
14170257
14316987
14164980
14155353
14252079
14890696
14160402
14610024
14183404
14183615
14893972
14274015
14268766
14207897
14143892
14164769
14414814
14163113
14276598
14276770
14374490
14320491
14182548
14317215
14161505
14499932
14313122
14183791
14183414
14473269
14183606
14209923
14251014
14183581
14170225
96192711
14331566
14183539
14277052
14276552
14183303
14183697
96134692
14277043
14183607
14183578
14274264
14262189
14183403
14183394
14183494
14183694
14183653
14183602
14819368
14317172
14183583
14212262
14789607
14260964
15086207
14314694
14914567
14819367
14825634
14819399
14808945
14814278
14277196
14183300
14348560
14322991
14283558
14183612
14183793
14755972
14314714
14182095
14183458
14182096
14182269
14182093
14177552
14819385
14283763
14183499
14317077
14322976
14225931
14328161
14241317
14177595
96234010
14225935
14253999
14278349
14251266
14252098
14298377
14183826
14276918
14268574
14213725
14179776
14183475
14361706
14218142
14315338
14219720
14329814
14236354
14274254
14275769
14268715
14317034
14254033
14322618
14502059
14499926
14276808
14459894
14527462
14278413
14278438
14276580
14317066
14345351
14268728
14471462
14348616
14260969
14206710
14274062
14472676
14274085
14274082
14255466
14264915
14251394
14265013
14317156
14317155
14891835
96190560
14330142
14236280
14251235
14276626
14219940
14219631
14672116
14314215
14789557
14322594
14800038
14416607
14278400
14494132
14213812
14917940
14701526
14551375
15374837
14277023
14264914
14882826
14469533
14317065
14241295
14251337
14217863
14278388
14267536
14268654
14469517
14346999
96209757
14253817
14264000
14271803
96166533
14347452
14274336
14236110
14251193
14274334
14262144
14277066
14262190
14276916
14251161
14530561
14268637
14302624
14314379
14469506
14253819
14263385
14720755
14545808
14273122
14502072
14278363
15374702
14568986
14276981
14789558
14789520
14262181
14617439
14502075
14252143
14324746
96137714
14316699
14274322
14268462
14261048
14251336
14267535
14276530
14251289
14276579
96260203
14158316
14264895
14264925
14264984
14316856
14264924
14255486
96192085
96192128
96192126
96227550
14208754
14276926
14264071
14891836
96192127
14303180
14254016
14303150
14278365
14886181
14251164
14305130
14347404
14268426
14304507
14278496
14268661
14586669
14278503
14277215
14347117
14278455
14278456
14253949
14886118
14277191
14427258
14276631
14278486
14816552
14274083
14304420
14278461
14319037
14278504
14268642
14278364
14252082
14825596
14515771
14276521
14733570
14316929
14253815
14254020
14347159
14280643
14277140
14268495
14276964
14252122
14278380
14274143
14469527
14253966
14253967
14441410
14270816
14346909
14346866
14277041
14499923
14870395
14471484
14395617
14266927
14374450
14253852
14425059
14407397
14356339
14387532
14268774
14407427
14391825
14799553
14253868
14347337
14277058
96166252
14346860
14567988
14251328
14471426
14676130
14251352
14274278
14251139
14345487
14252163
14274084
14276531
14303232
14183392
14277087
14328200
14173297
14241242
14268428
14276885
14183650
14347459
96110092
14267006
96159132
14276610
15006639
14183387
14317078
14170226
14170979
14170968
14254005
15006621
14274080
14316993
15371222
14306371
14253910
14215683
15371209
15326387
14268469
14183568
14576258
14280276
14278359
15371109
14183362
14316996
14274121
14733895
14331547
14317074
14274017
14160637
14156890
14904292
14316997
96150366
96150367
14274316
14165949
14137254
14152654
14152652
14137250
14152314
14183580
15721023
14152217
96137772
14138449
14278356
96192759
14142550
14183327
14121313
14225924
14276836
14325185
14274211
14510422
14322595
14147596
14317010
14317210
14183806
15371200
15371201
14183830
14317209
14252103
15371233
15371234
14317113
14327763
14254000
14317015
14445641
14183831
14325229
14190340
96137874
14274147
14325167
14152181
14152656
14183291
14183811
14510432
14327726
15006244
14152170
14137324
14889211
14341872
14472606
14253982
14471654
14225989
14183797
14277130
14152410
14183422
14348586
14183283
14472755
14268660
14121346
14145734
14137342
14268465
96197847
14154662
14173266
14262125
14137387
14274154
14097012
15271314
14142487
14223348
14223343
14317009
14187656
14223301
14278432
14274124
14182389
14141023
14121247
14276544
14253950
14253965
14253976
14253985
14183790
14312308
15371207
14209779
14182278
14182406
96137808
96137805
14559183
14276545
14312312
14312313
14152632
14223344
15621034
14154661
14145554
14379105
14182657
15763358
14253862
14274140
14274272
14268756
14183352
14186682
96232803
14096887
14183464
14164252
14121276
14507176
14113903
14183821
14274065
14274066
14274068
14113901
96150404
14187713
14317145
96150341
14238344
14221864
14715607
14276905
14264063
14278379
14412749
14265802
14886192
14263381
15371089
14104455
14274072
15371113
96150335
96150336
14241622
14187748
14241621
14274067
14376823
14187830
14276572
14441408
14273990
15371039
14298488
14223347
14104507
15371112
14314610
14133954
14317115
14018569
14121434
14126285
14277032
14126258
14121436
14258157
14116240
14610091
14183649
14104494
14145377
96131161
14328063
14124381
14183452
14278394
14183301
14768611
14263681
14263682
14376376
15086270
14304563
14253907
14374457
14276913
14238349
14322855
14128618
14914510
14277227
14317179
14274214
14376375
14158015
96105302
14348600
14128611
14183440
96137858
14084117
14140979
14893979
14914578
15373635
14072814
14011468
14131149
14214341
14890701
14187738
14207057
14510431
14131098
14126293
14266040
14319748
14510424
14323033
14116078
96131574
14274135
14152880
14121422
14023533
14325204
14013612
14076491
13960658
96128975
14268740
14223345
14284940
14268430
14253794
14253803
14253804
14140980
14145511
14183462
14254052
14929073
14253814
14223346
14249400
96137862
14187772
14151406
14277301
14187824
14021064
14374466
96137872
96137871
96128976
14376358
14152853
14672797
14274239
14157774
96128974
14151071
14276873
14183467
14100408
14133880
14062211
14376396
14276862
14166548
96150409
14151314
15018160
14187892
96198179
14117444
14151388
14217480
14102143
14153276
14559895
14077139
14176018
14149851
13960374
14151327
14097506
14149996
14100257
14223320
96131597
14223342
14274077
14091496
14223391
14778953
14151359
14104090
14223336
14187891
14276599
14126210
14128688
14164227
14086298
96136415
14149859
15371091
14314641
14322615
96178796
14174278
14223203
14104102
14104111
14008951
14331542
96198186
14507139
14499910
14187677
14187714
14187843
14051500
14155469
14141027
14209223
14147785
13940280
14043282
14028817
14026880
96135873
96135872
96135876
14155511
14499933
14918672
14187686
14036382
14000803
14347110
14178996
14179121
14179120
14276662
14317160
14145407
14891834
14091326
15271299
14253933
96137891
96150662
14268590
14170571
14252075
14072653
14137295
14503708
14170663
14091274
14022985
14152817
14252091
14918669
14067611
14043224
14149722
14043329
14043340
96135878
14077488
96178956
14104147
14067539
14121161
14331575
96135875
96135869
14043350
14332715
14043290
14067612
14325081
14067581
14063380
14067610
14036294
13940342
14051599
96183774
96081595
14155703
96214412
14038799
14053701
14180471
13959581
14053696
14053699
14155491
14053719
14151604
14927171
14026891
14053711
14091641
14121212
14153533
14879760
14153532
14155803
13967543
14038876
14322782
14018020
15086226
14918732
14312101
14155587
14151045
14053718
14155558
14155559
14053744
14149958
14053720
13942363
14152939
14155673
96090377
14503633
13929729
14149803
13978298
14150005
13944863
14572659
14364488
96243884
13942414
14053646
14034199
13914650
14054039
14058867
13942407
14044571
14662985
14145497
13944736
14503632
14053743
14317779
14098835
14036296
13989290
14507151
13944832
14325099
13962632
13984366
14053745
14058856
13933236
14131082
14149869
14058850
13938399
13932849
13933170
13940310
14312120
14047131
14499909
14499908
13901318
14026821
13986686
14046455
96084892
13964787
14058855
14024892
96137951
14151028
15362696
14151619
15321324
96107770
14384490
15321344
14207085
13947014
14910282
13954428
14034218
14051584
13954323
13954440
13927544
14100383
14149852
14166465
13962571
96258850
13949644
14151036
14152919
14155727
14024856
14149858
14376849
14841075
13946737
14054060
14170570
14121245
14158680
14166549
14148450
13919658
13917325
14090140
96117094
14187792
14322577
14036338
14028903
14223303
13917097
14152796
13993703
14148449
14158651
14148448
14023387
14317079
14169582
14170654
14158404
14499904
14155557
14045005
14322578
14155707
14155712
15086365
14322876
14169705
96117127
96117278
13969503
14169706
14322917
13938273
14207109
14254069
96227292
14155564
14150064
13925355
14153445
13941665
14133887
13922443
13925361
14028868
13962579
13941915
14187882
14155831
14032472
13901719
14162111
13922509
13922510
13929353
14024942
96117180
14024952
14503721
14907026
14153290
14155605
14158429
96150362
14149983
14028958
14155508
96105034
13967255
14155509
14041372
14024947
14145402
96154750
14153372
14331517
14155479
14155566
14149860
14028891
14044560
14153403
96128713
14331474
13943888
96084564
96084566
14051795
14152662
14140904
14155494
14041339
96130537
13984400
14499901
14308004
96234040
14024165
96133327
13957390
14158401
14046534
14023172
14332657
13867302
14170852
14152297
14158749
14155496
13914543
14223393
14024862
14153322
14223240
14153323
13954475
14152900
14155627
13971952
14858789
14858790
14858791
14858792
14023180
13981726
15371191
15371211
14024946
13971963
14053677
14153373
14153374
14153375
14153376
14153379
14858794
14858795
14858796
14858797
14858798
13981826
15159647
15371059
96137981
13981820
14145372
13981836
13971917
13971942
14223245
15371210
14024965
96137992
14152877
14153324
14153432
14250173
14250174
15371224
15371190
13986633
14153434
14024935
14183725
14503631
13943907
14027019
14155495
14046607
13986648
13971975
14507075
13932461
14024925
14001200
15371220
14158400
96117156
13984397
14158414
13964687
14169648
14332940
14332939
96138005
14169658
14169568
14155628
14158390
14153326
14332907
14332906
14332908
14914507
14155610
15371189
14153431
14155541
14250148
14250149
14250150
14250151
14250152
14250153
14250154
14250155
14250156
14250157
14250171
14250172
13927044
14332905
14155795
14158629
14158601
14170882
14250138
14250139
14250140
14250141
14250142
14250143
96261962
13925445
14053678
13984164
14858793
13957051
13981834
14914511
14503618
13917639
14145410
14148623
13986641
14153522
14149661
14891843
14253828
13941951
96117200
13914031
14187749
14507160
13984347
13969464
14151612
14223332
15371205
14507142
15371188
13973138
96117190
14207681
13911272
14325082
14331579
13941482
14332737
14158655
13915801
14325100
14155489
96130606
96089014
96159073
96130618
96130621
96130622
96130620
96130616
96227291
14149658
13888926
14155798
14149723
14207472
14169579
13919728
14155665
14253953
14253956
13885201
14184254
13895727
13896035
14184268
14184264
14184257
14510420
14510419
14184255
14153275
14153336
14184262
14184267
14815497
13909252
14184249
14184245
15654312
14155721
14184252
14184259
14184260
14184266
14184247
14184261
14184248
14184263
14184246
14155624
13934577
13895901
14169684
15371090
14184250
14184265
15371204
14184256
14184251
14184258
96130617
96080155
13879901
13903599
13935634
14153475
13913197
13908054
13913196
13871081
14054040
14155599
96117310
13885206
14169805
14155464
13865449
13927357
14149660
14175141
14328478
14175131
13902193
13895744
13909056
14150990
13918545
14021966
13865419
13884507
14153342
13934603
96130535
96130613
96075265
13853608
13813309
13868263
14149904
13984160
13903549
13949551
14153524
13928864
14731036
14733897
14733898
14169588
14169601
14733554
14158618
13932302
14141142
14223363
15371217
15371218
13927256
14259800
13927312
13895870
13919687
13932293
13917648
14153474
14152794
14023255
14499934
14499935
13989221
13949751
14510430
13927343
13917646
14169592
13927313
14169804
14499915
14499916
15696054
14332871
14153506
14332872
96117288
96117289
13840562
14051945
14153327
13941400
13924460
14170613
13849583
13917666
13881283
13931224
14035140
14153446
13872527
13702424
13966861
13807266
13702456
14097903
13743731
14151445
13848693
13705132
13706237
13794922
13700844
13920933
14151477
13705258
13944215
13917623
13729166
13742605
13742581
14158724
14051798
14051799
13729172
13764973
13764987
13742580
13742635
13764751
13771108
14332661
13765000
13703305
13773574
13771055
96138128
13947605
14169631
13838714
14148592
13731082
14153371
13699719
13715205
13719900
13824580
14158602
13761576
13702789
13771042
13771273
13856482
13764717
13708585
13705087
13712616
96117657
13711183
13711198
13761690
13947558
13771335
13817814
13944196
13947555
13947554
96089905
13742689
13767262
14169738
96117663
13838849
13704995
13773579
13767580
14169747
13725977
13838765
14317037
13837037
13947522
13947572
14169594
14158393
13722876
96138168
13838850
13703318
14327688
13662993
13947557
13764714
13767441
13764716
13681045
13710212
13767479
14927178
13742611
40291167
13723094
13919160
13718741
13771290
96107354
14927125
14149745
13711117
14885882
13748174
13837050
13771359
14151402
14063401
13692177
14890853
13771291
14885893
13767480
13761728
13752200
13778661
14891832
14166551
13994567
13729542
14158681
14317181
13807115
14155477
13765021
13767534
13767537
13767660
96117656
13771288
15336711
13821685
13824825
14202312
14169746
15661381
14151405
14169725
13947596
13755756
13742632
13767661
14927179
14169745
96130571
13771036
14152797
13726356
14207111
14155697
13836813
13731249
14153477
13856443
15285787
13767455
14155730
13828622
13723247
13828611
14169717
14207835
13949494
14375057
13969318
13802534
13722932
14276549
14169653
13719814
13744822
14276548
13864740
13752314
13831347
13947578
13831381
13771054
14170851
13760218
13797581
13808911
13760315
14001199
14153190
13969357
13815622
14943783
14918773
13947518
13771414
13814821
14169720
13746873
13731780
14732536
13839779
13775839
13854813
13854802
13856529
13748079
13816112
96055409
14119292
13767556
13854799
13856467
14323143
13859786
13799391
13842334
13795433
13793198
14153525
14155666
14153481
96096160
13765274
14153311
14755949
14158752
14187747
15336736
13772216
13800474
14169555
14169681
14169589
14169743
13949909
13807122
13808900
13944286
13949918
13949919
14150076
13807119
13821825
14907331
13807124
14187858
13949920
13949912
13947589
14989679
13944140
13831454
13944141
14166584
14223341
13944464
14886117
14376364
14379016
14155506
15005316
13949827
13949828
14170893
13924296
96077101
14155724
14155567
14155556
14155586
13853097
14155466
13748088
13831516
13931027
13844961
13831360
14900580
13893130
14898113
13964692
13831557
14155680
14169744
96117920
13839767
13831449
14155805
13780206
96130539
13866302
14169534
13944285
13820198
14223291
13746114
96117463
13944345
14258984
13815624
13772417
13864761
13947573
13947618
13749582
13979748
14205300
14153439
14188062
13944366
13772070
14161620
13931026
13814988
13864733
14169766
14900576
14900575
14499897
14152897
96086085
13807252
96227539
14151027
14325097
13808092
13960174
13831378
14155667
14314712
13771946
14319764
13803658
13808211
14209729
96107810
13834848
13869496
14151611
14889214
13947575
96130594
13769226
13846806
14151605
13844339
13840962
13821573
13769316
13788024
13772807
14507738
14153484
13981813
96154823
96226448
14203973
13798931
14153277
13937912
13808147
13799505
13854494
13981772
96117355
14268608
13854828
13845003
14330166
15371115
15371231
15371232
13808041
14322596
15159648
13803651
14314693
96130534
13769103
96117386
96117387
96117383
96117385
14276029
14276506
96117384
13863055
13964718
13840963
13897123
13878846
14172394
14161622
13801300
13788044
13895863
15335278
13840965
96075406
96074656
14153450
96070704
96070721
13840595
13966887
13849295
96180548
96086156
96130589
13826936
13827034
13827033
13785088
13922140
14276087
15325351
14170885
96117347
13897315
15371199
15371196
15371197
14023171
14238382
13924396
15016933
15010354
14170886
96117317
15371219
15371198
14153502
14151258
15371202
14153507
14984283
15371012
15371226
15371227
14151408
15371225
13885040
14187883
13927361
14376797
13873195
14153457
96070703
96088503
13839090
14312239
14375059
13826937
14153444
14153458
14503213
13979747
14499924
14169722
14203965
13892962
13892992
14984288
13866485
13919729
13885067
14909114
14314663
14149870
13917112
13915284
13913561
96159074
13773488
14571377
14172809
14172808
96130558
13919185
15024426
14143930
96130586
14143931
14148598
14153217
13843264
96057089
13922685
13748076
14149729
14187754
13795969
13912535
14223340
96093114
96056865
15371102
14238388
14155630
13765146
13765154
13765155
15024430
13706233
13727540
14153365
13736565
13771415
14151049
14184926
13771217
15336862
13748108
13721179
13927916
13690217
15371221
14153314
14155776
15371195
14223254
15370990
13700241
14029044
13789539
96107923
15371194
15371215
13700242
13700246
13700254
13700255
13700256
14169507
14331541
14991345
13866372
13698755
14169506
14158603
96047138
13765322
13989240
13989242
96130523
13683595
13789500
15371208
14169583
96130522
15371122
13791310
13699942
13713151
15370975
15371123
13717357
96070846
13727453
13703338
14886183
13717124
96047288
13688897
13767364
96182692
96070694
13681509
13713032
13838884
13771214
13945543
13660942
13642745
13944500
13680789
13704940
13789543
13689053
13639735
13706246
13655456
13758704
13652098
13655472
13651757
13997742
13767547
13872531
13713017
14341936
14317007
14129081
13651880
13850097
14317008
14317005
14317006
13651813
13651808
13652093
13651761
13655471
13628438
13651988
13765279
13765276
14927144
13698587
14152810
13655459
14927094
13725888
13655482
13731778
15371099
13655481
14984354
13755840
13691256
13676601
13688968
13665716
13717327
14155471
13773435
14149873
14223264
13666216
13713059
13685050
13719852
13843459
13659203
13651732
13734287
13767498
13664337
14149730
13676466
13843276
13843428
13767536
13765126
13631166
15016956
15024425
14117886
13682373
13679157
13765160
13643211
14153219
13728628
14153511
13660615
13675372
14155484
15718364
14057614
14153519
96058441
13767558
14153542
13761719
13702438
13767560
13631109
13872654
13628386
14149905
13748090
13673592
15371216
13771110
14133514
13673582
13713127
13685105
13682222
13676461
13685044
13651785
13706573
13643091
13717015
13711110
13676483
13685089
13689548
13685088
13676492
13713128
13620968
13650529
13677349
13673262
96227358
14604587
13633295
13620879
13631114
96125387
13631064
14153220
14158626
15370969
15335345
13805400
14143958
13658413
14914506
15636028
13682314
13700393
13631289
14982227
13656189
13765167
13631167
13653875
13770819
13658407
96055184
15335344
13770804
15370987
14332696
13631151
13658336
14914571
14669452
13620763
96081238
14187750
13669341
13656069
14155475
13658523
13662409
14169577
14187731
15371119
13776102
13770648
13765189
13658454
13678253
96064047
13765162
13653489
13699527
13713028
96227615
13650540
13652165
13554632
14166596
14158624
13729154
13653861
13665341
15374627
14117882
13652306
14152896
13653305
96085670
13654053
14068143
13729168
13662406
13600789
13656157
14166463
13768333
96101313
14111129
13675092
14143955
13660627
14168359
13773497
13595822
96227522
13654033
13664222
13652400
13664243
13571757
13628231
13610059
13605050
13653918
13618510
13546801
13656152
13594691
14149874
14206419
13654030
13612905
13662402
13814888
13655475
13631511
13834849
13655495
13655496
13664233
13658362
13955162
13655454
13655465
13655464
13655453
13655484
13825679
13559219
15371040
13626699
15371093
13655415
13765149
13682257
13658396
13656190
13631749
13660512
13662385
13662333
13767475
96107186
13767561
13655485
14683006
13664320
13691290
96125431
96227316
96227504
96227431
13526676
13660604
13838955
13605494
96085688
13656120
13598674
13546855
13650481
13646087
96227696
13518693
13890343
13646109
96037186
13664363
13587676
13619567
13628263
13627756
13590134
13771218
14989678
13586240
13587642
13650525
13578242
13601352
13629579
13580497
13543637
13601312
13543623
13627754
13664247
13944347
13540724
14080921
13632679
13664374
13594065
13843468
13587789
15086216
13627831
13653890
13660537
14332858
13660653
13586194
13568896
13509757
13509706
13665760
13664290
13506904
13629492
13839021
13583187
13565741
13947660
13534578
13627771
13664231
13605533
13614625
13510937
13653966
13653967
14314672
13583188
13591623
13640071
14150080
14148578
13640074
13640116
13591625
13640072
13640070
13591626
13591627
13591622
13591624
13591628
14314662
13610800
13554490
13627093
96237612
14150079
14150078
14148577
13629504
13578223
13656061
14150077
13486484
13535630
13640073
13662392
13571008
13552092
13492531
13626153
13626158
13505988
14910077
13626149
14332887
13652077
13511100
13511060
13605624
13527278
13658406
13510913
13660527
13575938
14332888
13664192
14332917
14332918
14332883
14332884
14332885
14332886
13504235
13485960
13543871
13543844
13872730
13543234
13662461
13482114
13665400
13614334
13504267
13498532
13662335
13629529
13610183
13572100
14080905
13504044
13656245
14131194
13467685
13540691
13627825
13514805
13499930
13559230
13427229
13510941
13458011
13452349
13500617
13770820
13575931
13510944
13511101
13501830
13665399
13443394
13510885
13611508
13452195
13508055
13511062
13665729
13510876
13947574
13947617
13497647
13637103
13627797
13653804
13605625
13449414
13771289
13577668
13455041
13449386
96118198
13511049
13483686
13629551
13529256
13660600
13574708
96118204
13504264
13443506
13653864
13626173
13944596
14161636
13452188
14158748
14152940
13505918
14153172
13619557
13662318
13510170
13767361
13492135
13621919
13632645
13660519
13532731
14158709
13872648
13489665
13653896
13610148
13586262
13626109
13664212
13487872
13805362
13626099
13944501
13492548
13521247
13477116
13691278
13660511
13443398
13435178
13516426
13650484
13427326
13445621
13489602
13587648
14152852
13510930
13541146
13511035
13944503
13944348
13443553
13632642
15335340
13510891
13658589
13627777
13504273
15371154
13845114
15371166
14155473
15371175
15371214
13445304
15371162
15371165
15371169
15371172
15371167
15371170
15371173
15371174
15371153
15371160
15371168
15371171
15371152
15371155
15371156
15371163
15371161
15371164
15371213
13666535
13666536
13666537
13467828
15371228
15371206
15371146
15371149
15371150
15371151
14223251
13504099
15371212
15371229
15371230
13662327
14184880
14170865
15371203
13513044
13533018
13452279
13605582
13533488
13510850
13632667
13511078
13467880
96076138
96099990
13944233
13457972
13455851
13734099
15370973
15370974
13619410
13452356
96103052
15371003
13429657
13665759
15371007
15371193
15371192
13650483
13543720
13464617
13449372
15371147
15371148
13487742
15371004
96130195
14149839
13449468
13511057
14989680
96130493
13737456
15371124
13489604
13405948
13449346
13467820
13504183
13425453
13409440
13872519
13872664
13658455
15371005
13457047
14148546
13467929
13773573
13449292
13457030
13396603
13391437
13449464
13457057
13456984
13446874
13389088
13463850
13512876
13456998
13771155
13626115
13511086
13457031
13452296
13521359
13452346
13449467
13516362
13433757
13516363
13452351
13650601
13406249
13452189
14332936
14332935
15371143
14332945
13489607
15370989
96117961
13413562
13431409
13594412
15371144
15371145
15371098
14113123
13407901
13452278
13433241
13944582
13947529
13650557
13654029
15371086
13499286
13499285
13455854
13451794
14332947
15371097
13455063
14332946
13510924
13452432
13452271
13944152
13487750
13461628
13466167
13455017
14984289
13653120
13422479
13452409
13449419
13511039
13479319
13365283
13348634
13592203
13393891
13457993
13656172
13594467
13382389
14153302
96029760
13576147
13459483
13594445
13382429
13650622
14115409
13510171
13405816
13431749
13510870
13413666
13406058
13417013
15371104
13413665
13413642
13452419
13416953
13414506
13408977
13443869
13522722
13413656
13543767
13466188
13433187
14187766
13317970
13399922
14685424
13418060
13446807
14780342
14201212
13391707
13413676
13408947
13836829
13391871
13406116
13947703
13454599
13328169
13466375
13652013
13594404
13416961
13413577
13452415
13460866
13665770
13381347
13376823
13390513
13360200
13412086
14153152
14153199
14153178
13372474
14151456
13403994
15371101
13335206
14282689
14989682
13520463
13376611
13394003
13944510
14153151
14153200
14151431
14314623
14151455
13059202
12996385
12884545
12916397
13027625
12960257
13059193
13626120
13296905
12928821
12931638
12888728
13148971
13182431
12884738
13019254
12996995
13008086
15371050
12960196
12922106
13024235
13308514
12960274
12979483
12935074
13182419
13027632
12998442
12931740
13024202
12881634
13045353
12996579
13008161
13341764
12946805
13024182
13223067
12962866
12928405
12881967
12997143
12994494
12878859
13005591
13182412
13005588
96085798
13233549
12879252
13170746
13041098
96070027
12996547
12952202
12951131
12928976
13008102
13027689
13005561
12968516
13284707
12994457
13005537
12946807
13024134
13279614
12960255
13013081
13257727
14155538
12997175
14735328
13182291
12996150
13182256
13341838
12931952
13016185
14151476
12946732
13027573
12994438
13010099
12888697
12888709
12992264
13008121
13540228
13540225
13024192
13341504
13010002
14153139
13008131
13533483
13131673
12928332
13008032
13007957
12990734
13016317
13016067
13218330
14717585
13027746
13027789
13257778
12937851
13008065
12996374
13021298
12931730
13175567
12998610
13182335
12878944
13027615
13027587
13027590
12941362
13182367
13592524
13001254
13005609
12922180
13005230
12922328
13182426
12924744
12962578
14169576
12938835
12994538
13008028
13013171
12928789
12937872
12916362
12990634
12916414
12925002
12916404
12916411
12941696
13064560
12922365
12973334
12939890
12941691
13007959
96116686
13296833
13884828
12935223
12994549
13223014
13284777
12974685
13279759
13279612
13182459
13419022
13376593
13884829
13182379
13872645
96116437
13542683
13542684
13296831
14115542
12996207
14148528
14148527
96109520
14148452
14148478
13542682
12922109
14148451
14148503
96014440
12940023
12940024
96126753
13922568
12940025
12996373
13182218
13182319
13387916
12996457
12960194
13279788
13066594
96081922
12996994
13042657
13005615
12997189
13296875
13444228
13001984
12940063
13257775
13448826
12994531
13257755
13042500
13052332
13054129
13279733
13171981
13169448
14169649
13279827
13045250
13279599
13521368
14134707
13042651
13182328
14153213
13023903
13297063
12962707
13050513
13483812
14153138
96044269
13337235
14169764
13292523
13341705
13045222
14927121
13838794
13049242
13182290
13064793
13587182
13182264
13182210
13493590
96107404
14169765
13738103
13064783
14332857
13279744
13182259
13839060
13064510
13571218
13563471
13660581
13024006
13182230
13279650
12944823
13044033
13334090
13257671
13365902
14583277
13213026
13355751
13390551
13381441
13292488
13341660
13370274
13011824
13337236
13838779
14143953
13279800
13296892
14126415
13775133
13284789
13838778
13388358
13042648
13040911
13341636
13279676
13459789
13546183
13041015
13185014
13297319
13297186
13296857
13296763
13521396
13664314
13182366
13664410
13182283
13227392
13009405
13653963
13279718
13297123
13059125
13182384
96060170
13307374
13341714
13185071
13223016
13033035
13279554
13282163
13041013
13203667
13255541
13629476
13066687
13542588
13296922
13297179
13296912
13094375
13533582
13110437
13533487
96130373
13413637
13279727
13390550
13279713
13279550
13284766
13284767
13279715
13022875
13534334
13296859
13284768
13040957
13837003
13837004
13110446
14375068
13043640
13022746
13182395
13063526
13430109
13370276
13110714
13376855
13279714
13110445
13043708
15286364
14148477
13078026
13296923
13279704
13257808
13656023
14374464
13299539
13185009
13182289
13653993
13184981
15086367
13325677
13393626
13296883
13223013
13182428
13324573
13189318
13344315
13390496
13321870
13165460
13058221
13173275
13297157
13284704
13279644
13627778
13172344
15370982
13381440
13086060
13279673
13172343
13172346
14314631
13279615
14150100
14150101
14150102
14150103
13279652
14150104
14150105
13284804
13279831
13398258
13182267
13284794
13279712
14169545
13297240
13296876
13257715
13172345
15692738
13172347
14331543
13075767
14314632
13292512
14314656
15371087
13044211
13332581
13336962
13279640
13032877
13278057
13227553
13066513
13505984
13192019
13066663
96018339
13370271
13227528
96024852
13274149
13174789
13325694
14669822
13274126
13162873
13179953
13097534
13081062
13118103
13274141
13320271
13279591
13284676
13185061
14582011
13125881
14169604
13284696
13227394
13279737
13252187
13183521
13063460
13390553
13279736
13066595
13182372
13063356
13066593
13183575
96230829
96055936
13165844
96082594
13279574
13279587
13779947
13182214
13388351
13072680
13279786
14201481
13156188
13279645
13279721
13279842
13284670
13292520
13707846
15370993
13274135
96085977
14646895
13279858
13225758
13383668
14153197
13174793
13117520
13370281
96115631
13390325
13325713
13297096
13182231
13279609
13279606
96121321
13274125
13274147
13284779
13094500
13397702
13397639
14130161
13279705
13341082
13223042
13397690
13279708
13279720
13296921
14153185
14151461
13370275
13592512
13318336
13473313
13279751
13627761
13276741
13521333
14989681
14158583
15370991
13271820
15370983
13131357
13133659
13133701
13265445
14137484
13361706
15371121
13320348
13274191
13578095
13230107
13279694
14507167
14507168
14507169
14507166
14507128
14507129
14507143
14507144
14507165
14507145
14507155
14507156
14184991
13159994
13318342
13872603
13339571
13325714
13376582
13444273
13155956
13324489
14158760
13292514
13320202
13177293
13388251
13176522
13279853
13318343
13169792
13215844
13189135
13274185
13274157
13295501
13373788
13177292
13397944
14202266
13133739
13128313
13324430
13185952
13215900
13169649
13324436
13318381
13284686
13521365
13388332
13156085
13279696
14169593
13381422
13241325
96048177
13376802
13151869
13334105
13944603
13334128
13248028
13838832
13156075
14169590
13290872
13521366
13594449
13388357
13944544
13504694
13321859
13504616
13756065
13324374
13128352
13521364
96085813
14169587
13521367
96115899
13140316
14169573
13190205
13662358
13504696
13413556
13448985
13147824
13284802
13504697
13169100
13504630
13168921
13466160
13316466
13169674
13479128
96044458
13169101
13504629
13155783
13253732
13376815
13279699
13276435
13279604
13415350
13323461
13248018
13325670
13123924
14117922
13279752
13260228
13376616
13215199
14984353
96021963
13284719
13295981
96071121
13444296
13654005
13169777
13180926
13286454
13324454
13279688
13189491
13275856
13279661
13320272
13376652
13204791
15672015
13282089
13324487
13226140
13279633
13284790
13333578
13230565
13413687
13413675
13540185
13215260
13235587
13253743
13300747
13230418
13604883
13271641
13284772
13504691
13504692
13388335
13400108
13836146
14148600
13221101
13836147
14148602
13836145
13370778
13397817
13397816
13397804
14130041
13279756
14148601
13381398
13230443
13275822
13320188
13466182
13271683
13707839
96125383
13271268
13376842
14130049
13260218
13576204
13883401
13324510
13448757
13221285
13241271
13291115
13230397
13576141
13350389
13230266
13376623
13376602
13594391
13276045
13253580
13324469
13376817
13260105
13260206
13400492
13576156
14274176
13260121
96044434
13260204
13260216
13394130
13313069
13271374
13295916
13324504
13259981
13279656
13324455
13466175
13279730
14169731
13330339
13275772
13226141
13290483
13947584
13922569
13324916
13324431
13324410
13215555
96033977
13376650
13286127
13226135
13361670
13341118
13259661
15371085
13413587
13281902
13361685
13286309
14170847
13389392
13632618
13534483
13400540
13315673
13594468
14499905
13295403
13417014
13540229
13404474
13418165
13291261
14115947
13632664
13632622
13629569
13376633
13324520
13300134
13632619
13383629
13295716
13303917
13417020
13417025
13313349
13281828
13376746
13376751
13291057
13381959
13357265
13949870
13324437
13300326
13271317
13295910
13320061
96197950
13376689
14151471
14499900
13521361
13381378
13361762
14583514
13372663
13376723
13376615
96090406
13592202
13542546
13591878
13376578
14151463
13376702
13418583
13521321
96047164
13381416
96045852
13376569
13381397
13384318
13259909
13376737
13413624
13640636
13361804
13459565
13617995
13382620
14153177
14151458
14151457
14150130
14151433
14984287
14153201
13319793
14153153
13452214
13452210
13452334
14151432
14151454
14153175
13476997
14153150
13372475
13452307
13413549
13520468
13404451
14153176
13413550
13510826
13413654
13413694
13391884
13413657
13460255
13466121
13469186
13426446
13387009
13388285
13487692
12436732
12427438
12457703
12734125
15373543
12447823
12515809
12515936
12512200
12441423
12440136
12424483
12605379
12487867
12533316
96125416
12638105
13584524
12960321
12937051
12934756
12996081
15370976
13013076
12996083
13182340
15370988
15159659
12954389
13156933
12990628
13296882
12996177
13944381
13021585
13646052
12994413
12951100
12996080
12996082
13019243
12928797
13027586
15371092
15371100
15371103
15371105
12997015
13279697
13287792
13646031
13629605
12996206
12954355
12954367
12998553
13218333
96114307
12992275
96005403
13009988
12990701
13042421
13203731
96011424
13646053
12973303
40562889
96005853
13024205
12992351
12973304
13262445
13017010
12994485
13059146
13027720
12968519
12968517
12998671
13059128
13886139
13400859
14206472
12997010
12994463
14153278
13174391
15371068
13016131
13287628
13013084
13013255
12943459
13182331
13010081
12943460
12992340
12960136
12939357
14161635
12990632
12965619
12996388
13019372
13013671
13182357
13013114
12968541
12960347
15497361
15547173
96124286
12938882
13027525
12998444
14169539
12979551
13174332
14366016
13274140
12992295
12960353
13002204
13182339
12974671
13182243
13016114
15159658
12970959
13008167
13021632
12997074
13010028
12975975
12965642
12931722
13016162
12996458
12979503
12962944
12994555
12962863
13540066
12962733
12976133
12949857
12932361
12951149
96076189
13760727
12994378
12974968
12826036
12960215
13027539
96111318
13002330
13393496
12996407
13757307
13181032
12854509
12949817
12827822
13008146
96232757
12828095
12998662
13400860
12992297
13009913
13297202
12810832
13002255
96034484
13021633
13297155
12946827
12992169
15207681
12996445
12812762
13335983
12827607
12826568
13013077
12974707
13540167
12960368
13008111
12992156
12958910
13007995
12954872
13025881
14169581
12854330
13027522
12979398
13025882
13334033
13046499
13181160
13181149
12994558
13024360
12946746
13002354
13010056
12875043
13279706
13334097
12822828
96122027
12810261
96112835
12952199
13177412
13005670
12994466
14909990
12960363
14909991
14910079
14910080
14910081
14910082
12968547
12998619
13007909
12810254
96085725
13015516
13013183
14909992
13019350
12879121
13008064
12825899
14909993
14910125
14910127
13000693
14910126
14910128
12992293
12997102
12998469
13375084
14367961
14367962
14367963
14367964
96107217
12840127
12974666
13021297
13005606
13454953
12883699
13838859
12883700
13007958
12825958
12974836
12790319
12949777
12949854
12997079
12997080
13005554
12975729
12974735
12998568
15371033
15371034
13073048
13048717
12997211
13355307
14201534
12997158
12997159
12812551
13182391
13024234
12996078
12853048
12997160
12975629
14158619
12812138
12788138
12812804
13010107
12969752
12831145
12787043
12822403
12852869
12852859
12998572
12992263
12808810
12818624
12782340
12783857
12992294
12810482
12996158
12788373
12818623
12810580
14115573
13024297
12784857
12788691
12826283
14158665
13019413
12767659
15371047
13016163
12996079
12974873
12810766
12784659
13048716
12822190
14184980
40562917
13048718
40562911
40562877
15303033
12960346
12808710
12789890
12771900
12757353
12756382
12768229
12767561
12767717
12966386
12992317
12859941
12979577
12769018
12969669
12751168
12996094
12769697
13838857
12818788
12755911
13016195
13182453
12960366
12842741
13005226
12772150
12996097
12769167
12850218
13071704
12756122
13008157
13174285
12755973
96028252
13014952
12789118
12768234
12992346
13005666
12756656
12737702
12743330
12756447
12741346
12960185
12949855
12759908
12755541
13552896
12997034
12764646
12750443
12741390
12764645
12741378
12859900
12979444
12789864
12760250
12974847
12844161
14927122
12965620
12762264
13156935
13027714
12949884
12979532
12979529
13013237
12789928
13009979
13766075
13886197
12765321
12748671
12762605
12756568
12757318
12757612
12759689
12759703
13030200
12756368
12759756
14893607
13156936
13172650
13064567
12803892
13156934
12747004
12751107
12771801
12771802
12979533
12772039
12749461
12794051
12812371
12788580
14893598
12760031
12996205
13302665
13533489
13546234
12788725
12756149
12746952
12771885
12804296
12774062
12946773
13007908
12725370
12743362
12752454
12738625
12769466
12756419
13298294
13073183
12762809
12782316
13174395
14158613
13002411
12960228
12960197
13707841
12779222
13370680
12998559
12759479
12760102
15497363
12859962
14882988
12750532
12826398
12759480
12772337
12859963
12788694
12762315
12723259
12790188
12749526
12760065
12776053
12732671
12966376
12790263
12790204
12762748
12962796
12790274
12762267
12756862
12776167
12860028
12722614
12763202
12776155
12776157
12859982
12763155
12772637
12776058
12751161
12776164
12751004
12760029
12730467
12736425
12725592
12728500
12725400
12733454
12733455
12728020
12767551
14155663
12730642
12730643
12714253
12712755
12751225
12733447
12733473
12736577
12733453
12751229
12996095
12737714
12960329
12767495
13024232
13024233
12752329
12725457
12769470
12765207
12769468
12762788
12732569
12968556
12793619
12998513
12723262
12725658
12712705
12774300
12992197
12776098
12990692
12736397
12740237
12722603
12859909
12762643
12859907
12762638
12769887
12762632
12774299
12732974
12765300
12844260
12769886
12919319
12974782
12712550
12712374
12769275
12735399
13542737
12735303
13024236
12772051
12974875
12728491
12801620
12796139
12795907
12717726
12946804
12719100
12713656
12740207
12817481
12859965
12756319
13838831
13766074
12717368
13000270
12712664
12712551
12712331
12739271
12749631
12813115
12881877
96003599
12712332
12712333
12922053
12807927
12762645
12762624
14201217
12783731
12782753
12764937
12735623
12749541
12725785
12730497
12712760
12771721
12759673
12748706
12762974
12878695
12949824
13005583
12749525
12997093
13757309
12762688
13341840
12751182
12807992
12769916
12871346
13076744
12997162
12881850
13957878
12726932
12793518
12750829
12869939
13341638
12762259
12763153
96010176
12712334
12768914
12871430
13016198
12712807
12727153
12725374
12730365
12712791
12809461
12740163
96006773
15370978
12860036
15370984
15705649
12719446
12864154
12860035
14170845
12990708
12990709
12974966
14169697
12738869
12725556
15371096
12712690
96034493
14187447
12954957
12859906
12725444
12859983
12805962
12725449
12860033
12809458
12732371
12730601
40562867
13517103
12762690
12732401
12723103
12734386
12717607
12721260
12728172
12728173
12736412
12717657
12733187
14126941
12723106
12749994
13321834
12721238
12732792
12884296
12732806
12807993
12709694
12722642
12715619
14314661
12732972
12992211
12817509
12713635
12997138
12706000
12859896
12725572
13008153
12710958
12998661
12795737
12801423
13085039
13027531
12689125
12801056
13063935
12688343
12684489
12796076
12655080
12799495
12974908
12684354
13005555
12701053
13841126
12997084
13048708
12721163
12748423
15371125
13517041
12701046
13174286
12992172
12996961
12760408
13029962
12712589
12712579
12712595
12700947
15371070
12719499
14650264
12995965
12974894
12712590
12689124
12795960
12686140
13008116
12700685
12728059
12845092
12809440
12665223
12701056
12801278
13444367
12860016
12700889
12727136
12728026
12801269
13005593
12795978
12698534
12684403
12992162
12992255
12992191
12701066
13779383
12741445
12741296
12795896
13005944
13002300
96061819
12712410
12860048
12817507
13073038
12801217
12801073
12710005
12667748
12774120
12992190
12859905
12667537
13022317
13552944
13552943
13552942
13552946
13552945
12860013
96061820
12666515
96020160
12996159
12609535
12741837
12997217
12700997
12735396
12738839
12692521
12667746
12812271
12626815
13222767
12700843
12795982
13002301
12796278
12818042
12617021
12996464
12625544
13002276
13174250
13073051
12989786
12807913
12807925
12645742
12674883
12817506
13339834
15374667
12709320
14201240
12794302
12667235
15371136
12659419
13005592
13341711
12667118
13182410
12700719
12674886
12616098
12949907
12680626
14507173
12619904
12625654
12625570
12625547
12958561
12741739
12626546
13005694
12949865
13073044
12626007
12768625
14227969
12776752
12626531
12625649
12686363
12643564
12700642
12601567
12624644
12795962
12665858
12796215
12998579
12631562
12781563
12616817
12665862
12638972
15371025
12666641
12666640
12672446
12609580
13760751
12666637
12801363
12740385
15371114
12619453
13073192
12666671
12609581
12603409
12666672
13341549
13341739
13013219
12794335
12666649
12709974
12665859
13016188
12680388
12665041
12591444
12670301
12643075
12626006
12973017
12616222
12622009
12643556
12615270
12616735
12616737
12609217
13760755
12709953
14150061
12626532
13339851
12612475
12612431
12593687
12612432
12612477
12612428
12801058
12666506
12639314
12615217
12748223
12601624
13182254
12596871
12735918
13032022
13032020
12533266
13182440
12796104
12631606
12612474
13032026
13032027
13032028
13032029
13032030
13032031
12794016
12663812
13032017
13032018
13032023
13032024
13032025
13815418
13032019
13032021
12673888
12601570
13026275
12666124
12667747
12650376
12527468
12682848
12593521
12596644
12666644
12666645
12808563
12635963
15659220
15659221
12693344
13815417
12632316
12638925
12607627
12599440
12638975
13172706
12735951
12612478
12598865
12643626
13227738
12631628
12639009
12692126
12596467
13016237
12601527
12526434
13085147
12794354
12765009
12638926
12603571
12599207
12692127
12599492
13010000
12954926
12645586
12598977
12593523
12601426
12601554
14494105
12601785
12532486
12512692
12994376
12556560
14169716
14169495
12667531
12636266
12965597
12556763
12623173
13005677
12734622
12556284
12759891
12759903
12584373
12992287
13341854
12998605
13005687
12608437
12713593
12601581
12596319
12620751
12990643
12676394
12603638
12603639
40322753
12551833
13339876
12586416
13182272
12556486
12979478
12997193
13341613
12591763
13046530
12916385
13013065
12596202
12620750
12719212
96118870
12603598
12617594
12539641
12711954
12596881
12605667
12735968
12734538
12605670
12605669
12539809
12533076
12605646
12605666
12539223
13076452
12605668
12584948
12539382
12631843
12636295
12607372
12533106
12533078
12527178
12589376
12527198
12593660
12595188
12527708
12598935
12596826
12859953
12570682
12556065
12515382
12527135
12997095
12555944
12551588
12589236
12598934
13025902
13026002
12515587
12650555
12998137
12998525
12620772
12477997
12596763
12527433
12742308
12596752
12608881
12546133
12807826
12591629
13707840
12586591
12997173
14134703
12742188
13182236
12638436
12599499
13024285
12601630
12740436
12603433
12636153
12735989
12516035
12636445
12493002
12488511
12488358
12555974
12588627
13537310
13838858
12532606
12527361
12994460
12738825
13142685
12591399
12474509
12709962
12492879
12493267
12992252
13029049
14137736
12603500
12586415
12515764
12527262
12709986
12990658
12603671
12632001
12603544
12997139
12526862
12967767
12556314
14170844
12807918
12570607
12966332
13024210
12591555
12508317
12477693
12638510
12556459
12508321
12485703
12685321
12998560
13084687
12477971
12482428
12996413
12536337
13024228
12996417
12487759
12599414
12488466
12743493
12526464
12589380
13341520
12493598
13182325
12418670
12424214
12414699
12512407
15373533
12373463
12423762
12380224
12589182
12477659
12996408
12485422
12638634
12734830
12965604
12205758
12116480
12168527
12189172
12993177
12232851
12094321
12178259
12321125
12185600
12233227
12239154
12781059
12378509
12452260
12203446
12164470
12233957
12105400
12209776
12174670
12146304
12781050
12155971
12185043
12243570
12105399
12452216
12229506
13002285
12233958
12135034
12159809
12105401
12126312
12404506
12188360
12150495
12566622
12146532
12092247
12501195
12438650
12321078
12183428
12321126
12185207
12148367
12146399
12148900
12105402
12248205
12240435
12164205
12282144
12996172
12996173
12660374
12533460
12514501
12333400
12212909
12181389
12139373
12212550
12514498
12142968
12105398
12140390
12680473
12150683
12781058
12142843
12142750
12141500
12535887
12514500
12165422
12566554
12212025
12142749
12420151
12148905
12181122
12195552
12205448
12781052
12142990
12142753
12246133
12139093
13005574
12139293
12209439
12187182
12124430
12146396
12235180
12095930
12155390
12067759
12246239
12144756
12194075
12221828
12404683
12185035
12243876
12121677
12781037
12176204
12164200
12175954
12997123
12208342
12141485
12210120
12139579
12150485
12420453
12150501
12220787
12191712
12173793
12425745
12279255
40245426
40245428
40245427
40258922
12311206
12849600
14911897
12116479
12094314
12094318
40245419
40245420
40245421
12139646
12105396
40245424
40245423
14894126
12138003
40262383
14891666
14891667
40564981
12413825
12118417
14896932
40258926
40232529
12095576
14893641
14893707
14893708
12095579
12094316
12214630
12411884
40245425
96083840
12171774
12094317
12420023
12420020
12308988
12404575
12181087
12164306
12135591
12264217
12264221
12404866
12438178
12264216
12205488
12173870
12232906
12293117
13396447
12194692
12233898
12233901
12554814
12181096
12198967
12194688
12181358
12194693
12194690
12205648
12209438
12209437
12164373
12781470
12334520
12181495
12194687
12194691
12194686
12385751
13048665
12407248
12194689
40328027
12183381
12186556
12186552
12168402
12385752
12175833
12246112
12165442
12243584
12291110
12225110
12203478
12246023
12400442
12393259
12275356
12275388
12143076
12290353
12221421
12283960
12171545
12181327
12171417
12229441
12246427
12194948
12185873
12567204
12249605
13174273
12173821
12286769
12252290
12194261
12194695
12514499
12185874
12252289
14610818
12391326
12256527
12191855
12176114
12194947
12214470
12199213
12222307
12745894
12199565
12745866
12162175
12198910
14125294
40363114
12745841
12745842
12246571
12234960
12201839
12430534
12252101
12275561
12153309
12452336
12208558
12153427
12413482
12185823
12208560
12233759
12246407
12203500
12282936
12203279
12286463
12269776
12734549
15371016
12264559
12286413
12734156
12162176
12404034
12718336
12718289
12183353
12718288
12265636
15371117
12218760
12175513
12269775
12183529
13016209
12258916
12718287
12265084
13015028
13016165
12252557
12390859
12275728
12175492
12202060
12393248
12205884
12199407
12196226
12198889
12440110
12508319
12193784
12275622
12199799
12184087
12268878
12287056
12235106
12442164
12287057
12267578
12233313
12196033
12208545
12205494
12235244
12211564
12263446
12282783
14146583
12734152
14494104
12264878
12269490
12232835
12234661
12255873
12337328
12302989
12301255
12249131
13666579
13071705
12261584
12238509
12465205
12464944
12393249
12238740
12442167
96090321
40288728
12317558
40363122
12310940
12372108
12279311
12740559
13005685
12317573
12264366
12425283
12425282
12199394
12263312
13765127
12456083
12221815
12998446
12275313
12316384
12265444
12566576
12263947
12243737
12286357
12195442
12221873
12385705
14146582
12261462
12235272
13546204
13462136
13462230
12440405
12412656
96119754
96119747
13459644
13504693
12249123
12440404
12316045
12377438
12456785
12992225
13008098
13008021
13459356
13056986
12235173
12261662
12261509
12267519
12420320
12333415
12264894
12377076
12377063
12261717
12225449
12337070
12377098
12258655
12283286
12283296
12366490
12261487
12278419
12264895
12276130
13002310
12286199
12419740
12295242
12278800
12261855
12295268
12211908
12279362
12303688
12261934
12295270
12281539
12632332
12263289
12261535
12336109
12989788
12309122
12452123
12395830
12274593
12428642
12289289
12302008
12269040
12376876
12310944
14886189
12264883
12295267
12420034
14169707
12404423
12281890
12278812
12267753
12299277
12414878
14886190
12676291
12452000
12451999
12452001
12264884
12442697
12292556
12594523
12286234
12404424
12333393
12377528
12286665
12390193
40248137
12412185
12316429
12275884
12269607
13024356
12276103
12292301
12273760
12317575
12286654
12419911
40362889
12275891
12377529
12385357
40286899
12377833
12286655
40363077
40363078
14886188
40362887
40362888
12315938
12278995
12333404
12295010
13040594
12292640
12591786
12452179
12420032
12409224
12301949
12336710
12295122
12381527
12295256
12306626
12420046
12354502
12350778
12384275
13341604
12440469
12354976
12329541
12325361
12301692
13926184
12357548
12318942
12333263
12390354
12997213
12794809
12332073
12333481
12439083
12336192
12820112
12616231
12381665
12465077
12292374
13997728
12276027
12357194
12388326
40363080
12316595
12357193
40282505
40282506
40282507
40282508
40282509
40282510
12292650
12390994
12295135
12994377
13676809
12357169
12372066
13182170
12501152
12422831
12366411
12350760
12354795
12373291
12560305
12533560
12333373
12350744
12413169
12399951
12455812
12372201
12438685
12707571
12464759
12357412
12994579
12413170
12366979
12439553
12543101
12348098
12412645
12249109
14161654
12384757
13013146
12333412
12333398
12591826
12372752
12295211
12372329
12707429
12412639
12295087
12357200
12393114
13008144
40286847
40281103
12442596
12354983
12350792
12385563
12381553
12393089
12807848
12807919
12442578
12457602
12424828
12333396
12390415
12385260
12371580
12452214
12363311
12410870
12430527
12354887
12424107
12452719
12466168
12425267
12400331
12742181
12418352
12407311
12386381
12509583
12354713
12466163
12431456
13142687
12418361
12452711
12371584
12542436
12390256
13182279
12367405
12466165
12447692
12412374
12393589
12386380
12432160
12996420
12512426
12367406
13841308
12418350
12367404
12432926
12418959
12403976
12395968
12990707
12780687
12385968
12566294
12367202
12478276
12384419
12385967
12452707
12589281
12466172
12441375
12427287
12735940
12742382
12384321
12466170
12408480
13293819
12408482
12444560
12441520
12373789
12408481
12408483
13182430
12555885
12439164
12430669
12430668
12996442
12432191
15371094
12367400
12452716
14054058
12550164
12452717
13014672
12424885
12407523
14054057
12782369
12425705
12396929
13024290
14169724
12466171
13005553
12427251
12994405
14169674
12377687
12620708
12414799
12400026
12390177
40286833
12997077
12466173
12391385
12465627
12424886
12710006
12820242
12515380
12674054
12702036
12470493
12367203
12354928
12432173
12432189
14368043
14368044
12735996
13013089
12464975
12659631
12508318
12432176
12451803
12432190
12451958
12432185
12603623
12432182
12596220
12432183
12404378
12436660
12432174
12742307
12447784
12407531
12425785
12436602
12425829
13073042
12531781
12432890
12627345
12425055
13298518
13771129
12411730
12395562
12512218
12772217
12414808
12675015
12996148
12996149
12482287
12997085
12584825
12487958
12992176
14130044
12488895
12493039
12477948
12555943
12491905
12831678
12992254
12474490
12474489
12485694
12488645
12455243
12485455
12678483
13024203
12488816
12488172
12747002
13293789
12487785
12508325
12992322
12593453
12744702
12556683
12485518
12451901
12485741
12527591
12482549
13339431
12384784
12828395
12414961
96011924
13453080
12515548
12415307
12638475
12980868
12485615
15373542
12485563
12492914
12457569
15393046
12482552
12586594
12455811
12452236
13001190
13511365
12410858
12465783
12533215
12598962
12581694
12533216
12548304
12488189
12735284
12594524
12457832
12493131
13019431
12526401
12488139
12638737
12474609
12741435
12432820
12424481
12690337
12432828
12366964
12532740
12638463
12493159
13029921
12547630
12425776
12487869
12452481
96075244
12457213
12432832
40562934
12488368
12428236
12638736
12638483
12591633
12424482
12741806
12615683
12493300
12998463
12431307
12425806
12492889
12488158
12709968
12452637
12373413
12432874
12425052
12425759
13293792
12425827
12487890
12547799
12440133
12487843
12488423
12720040
12425048
12493141
12452639
12488043
13676932
12425804
13195938
13298519
12539559
12439243
12522937
13293791
12452480
12452636
12452640
12452638
12615808
12452570
12425050
12452479
12555878
12452482
12195543
12201823
12181296
12064518
12097071
12203438
12213149
12093035
12809418
12225767
13410493
12239840
12187113
12128485
12166512
12139552
12118574
12452416
12135867
12099656
12259565
12234585
12042397
12118575
12185628
12438177
12142824
12206387
12142973
12173627
12094896
40252612
12274882
40248188
40248184
40248186
40248183
12114147
14227959
12139551
40286988
12212708
40248189
13019361
12275735
12091044
12126739
12135329
12107616
12126996
12252329
14169673
12112377
12107615
12212486
13002226
12096877
12082383
12096875
12689243
12083065
12125947
12275736
12162354
12212499
12067226
12439322
12097001
12106039
12095617
12119789
90121056
12096892
12098119
12096876
12085997
12095615
12118605
12068059
40248187
12119788
12112362
13302667
13302666
12086246
12390621
12064513
12023837
12095645
12087297
12404867
12212711
12178954
12127054
12115803
12115804
12115805
12115806
12121007
12102986
12137414
12137421
13015966
12074051
12134370
12180926
12212505
12140548
12142984
12096968
12134484
12067403
12083108
12201754
12082375
12086004
12212554
12118975
12136290
40252615
12114771
12064314
13782680
12082598
12095752
12288256
12096243
12165382
12070237
12087296
12070239
12204763
12807980
13316409
12082376
12295404
12087298
12094581
12166466
12094582
12062136
12037436
12282930
12094562
12066345
40216600
12062510
12137067
12070236
12142658
12141415
13005673
12134486
12098705
12569974
12092352
12996577
12921313
12372747
13213036
12196112
12061877
12508323
14327593
12120462
12113813
15371054
12062271
12088341
12075700
12256643
14327613
12533647
12173643
12173644
12209097
12110752
12204688
12739315
14317011
14327594
14327614
14327615
12252182
12068121
15371056
12120470
12110859
12098118
12139014
40217610
40220791
12094865
12096122
12096089
12096127
12324666
12095634
12094867
12096090
12096103
12096102
12083853
40216184
12094874
12096114
12324479
12005030
12324496
12439311
12207024
12194763
12137616
12501291
12550165
12081636
12220353
12124997
12075022
12097686
12096332
12119784
12118822
12086308
12816609
12113386
12118987
13060902
12734623
12077730
12074767
12067485
12075726
12324497
12107777
12290107
12212548
12288423
12388620
12204637
12105723
12105856
12070491
12998507
12094168
12067481
12115878
12078348
12094869
12324494
12660379
12094866
12095640
12095639
12094870
12083461
12094868
12105835
12002515
12083050
12234965
12594535
12206143
12118979
12005337
12573320
12010063
12070717
12070718
12084694
12055617
12084692
12103128
12118985
12083099
12088192
12103296
12113400
12099363
12083665
12107415
12005447
12018369
12493708
12108115
12114423
12108116
12108114
12062179
12118956
12086304
15635972
12118980
12552761
14969274
12192479
12115452
12014355
12084691
12084695
12084690
12324586
12220680
12084693
12324576
40215061
12324587
12076285
12087090
12131195
12324590
12501106
12015764
12015771
12065590
12099359
12291063
12015772
12083476
12992245
12115046
12028152
12028133
12113844
12194848
12068035
12134827
12120460
14583226
12295971
12056179
12706979
12296559
12018923
12112875
15371057
12913659
12029077
13448987
12023680
12029200
40329046
12055993
40245441
12290154
12029197
12015770
12077940
13182192
12013591
11966100
11979564
12008297
12003189
13013119
12086481
12086482
12005390
12007292
12709956
12106038
12013361
12028138
12028357
12028139
12058608
12088342
12420152
12055333
12324553
13459804
12029460
12017222
12130162
12037218
12004996
12007293
12058905
12036556
12014431
12033776
12055212
12021953
12028308
12013415
12018968
12015761
40363068
40215039
11966229
12058712
12018486
12028268
12005575
11959429
13182204
12552796
11976887
12550099
12533646
11979082
12921312
12035895
12033191
12042414
12018837
12013568
12005308
12533618
12004929
12037154
12056338
12017513
12087043
12120464
12550227
11956174
12088205
11964540
12087044
13048666
12022202
12735892
12295408
12003008
12087934
12021989
13047507
12998530
13047493
12033077
13047879
12037150
11951819
12308983
12308984
12078533
12037147
12033080
12994559
12709952
13046790
12035794
11951387
11978905
12021904
12501081
11940754
12423588
11978883
12501389
12016926
11940035
11981153
12055811
12501206
13341635
14187785
12071300
12087915
13022174
12058378
11979354
14187784
12552770
11940037
11940036
11956170
12116663
12013768
12058506
12567213
13393747
96033829
11960735
12018491
12042024
11929737
11979004
12035855
11960499
11979448
11934661
11935853
11923427
11899071
11951297
11970131
12034123
11934176
11927098
12018808
11926639
11959427
12036863
11968069
11967678
11940042
12058192
11959424
11959425
11951691
12946087
12569484
11979427
15371065
12996175
12533559
12002558
12002567
12002564
12002556
12002435
12002444
12002436
12002434
12002438
12002437
12002445
12002440
12002443
12002442
12002446
11956105
13992192
12029356
12007102
12002570
12002555
12002441
11982234
11982233
11940574
11956040
12709951
11900682
11951407
12014299
11951424
12002571
11978065
11967821
11966258
12569493
12569494
11966206
12709948
11968267
11972433
12275436
11934673
12002566
12002557
12002559
12002565
12002563
12002561
12002560
12007104
12007100
12007109
12007105
12007106
12007107
12007110
12002581
12002573
12002580
12002574
12002582
12002579
12002577
12002572
12002575
12002576
11968529
11898796
11964027
12006973
11935484
12859894
12738824
90123620
11950984
11938190
11951967
11978106
11967648
11975162
11966256
12055400
12002562
12002439
11935131
13048664
12569483
12103967
11934614
12007108
12002578
11934743
11899033
11960736
12004891
11970988
11971603
40562937
96022221
11961712
11971972
11962701
96027339
11971620
11971619
11940951
11965498
12028803
11959426
12996359
11979199
11968617
11953876
11962864
11927666
11890897
12048830
12002396
11965046
13339837
12042456
11963904
13341624
12206617
13341643
13341642
13341629
13341650
13341654
13341658
13341664
11963198
13341670
13341668
11970393
11960174
13341667
13339675
13341675
13341646
13341659
40252736
12015662
11974292
12056566
96055826
40213854
40212590
40213776
12028519
12028518
12028513
12028512
12028517
12028516
12028515
12028514
12007197
11968834
11932590
13783957
11978443
11968785
11962419
11883763
11963376
12062194
15370977
15370979
11965500
12015656
11928108
12511009
11901881
12015652
12015665
12015649
11889478
12015651
12015650
12015653
11889542
11928433
12734627
14107771
40302084
11929106
11928458
40212639
12008312
13024315
11906846
11927275
11968385
12377984
11967405
11965941
11854745
11897317
11898909
12006967
12042328
15371058
12056178
12042411
11932166
13182452
15024428
15024429
15371132
11962251
11928899
12032375
11899047
11927375
11965963
11970435
11962441
40469784
12058603
11906852
11930928
40363496
40362918
11906849
11915333
11923284
11935365
11927705
11927237
11905077
11927908
15024420
15024421
11927740
13891554
11884015
12056603
12056602
12056601
11915245
15024422
15024423
15024424
11927516
11927510
11883884
11927236
11904230
11927251
11923314
11925247
11925249
11919193
12619026
40217056
12618975
11913800
11972517
11914047
12618972
12618973
12618968
12618969
12618970
12618940
12619027
12618974
12618971
11962459
40211285
12619025
12618929
12618930
12618931
12619024
40212788
11917756
11928012
11895617
11924694
11858128
11939711
11906363
11931991
11854807
11856787
11927206
11928013
11927562
11928600
11900736
11906359
11905112
11913974
11929112
11927238
11901293
11967327
11967332
11967333
11967325
11967331
11967329
11967330
11940745
11908995
11897757
11968350
11967334
11927088
11849921
11910452
11898873
11990790
11939379
11849881
11924412
40212811
40212787
11928403
11857263
11938884
11967498
11936372
40211398
11936956
11883725
40212815
11858072
12058857
11927915
11927532
11936517
11919446
11896550
11904804
11906619
11925437
12006968
11916702
11974820
11925059
11901635
11905001
11928573
12055209
11898772
11913796
11897882
14169629
12298780
15371111
11915191
13545267
11908984
40213867
11948628
11919373
11928631
11920841
11944290
12524497
11938460
11868074
11976034
11897976
11939819
40212789
11976033
11935917
11890599
11919381
11924667
11897997
11938849
11896277
11931949
12742310
11930377
11927264
11861301
12552752
11968530
11987799
11970201
11968333
11934834
12945829
11970407
11904998
11897719
11913790
11982334
11915132
11925145
12942540
11922264
11940435
40212822
11899159
40362902
12173847
11898081
11897931
40211376
11936902
11938132
40212821
11922265
11942036
11843708
12886623
11976047
40212817
40212820
11923118
96026573
11885080
11843592
11906933
11948803
11835585
11835584
11835583
11835586
11842841
11863548
15371048
11920102
11928664
11913749
11863438
12055245
12055255
12282205
11914011
11923962
12055252
12056554
11948772
11967995
11932009
11936296
11937127
11948205
11924270
40212220
11921326
11897938
11948573
40212237
11842799
40211377
11928015
11940086
11943650
11908283
11944193
11842750
11928891
12674523
11922354
11898982
11889373
11842843
11963864
11939739
15371055
13024320
11863430
11934490
11843634
11849880
11948093
11934644
11923361
11967427
11924194
11883827
11991148
11862095
11843621
15371049
11939492
11842869
15371061
11928779
11835684
11927416
11944333
11928781
40212216
11942619
11946145
11928780
11886358
40212086
11843736
11843690
11808627
11842751
12056724
11878295
11842743
11821019
11948524
11877178
11815508
11819560
11897903
11842951
11808128
11939268
11928782
11863013
11819562
11922168
13421313
11868595
14036371
11863723
11919392
11940620
40211880
40212199
13444283
12820251
11885599
11856570
40210844
40212222
40212213
40210857
13444272
13444282
11842753
13048635
11842863
11925873
11928090
11949161
11823234
12149308
11946580
11944620
11980913
11819767
11821412
11856622
11930929
11883998
11859051
11934492
11939205
13140485
11902247
11949162
11820419
12083828
11819844
11945998
40210809
40212234
40212235
11939448
11783532
11818261
11823036
11928775
11808378
11890158
11934491
11791600
11883856
11821025
11877133
11946096
11821308
11878365
11819812
11838691
11797644
11797660
11777967
11820914
11890157
11783225
11940114
11838689
11821331
11820910
11808027
11808028
11842804
12780999
11923274
11897954
12540753
11872900
11767599
11875860
11809537
11821312
11842768
11819750
11818461
11822436
11842767
40210850
11856649
11899064
11880140
11921589
11997914
11884844
13048696
11856553
11943819
11937458
11791847
11945384
11783431
12055620
11936501
12945639
11925072
11884011
11923669
11927578
11790057
11878383
11923481
11923212
11889560
11828098
12058642
11791625
11874009
11884012
90120818
11856654
11858180
11843588
11883898
11843729
11884449
11885555
11821309
40363042
11947501
11823048
11925535
11820595
11874087
11797371
11765657
11767559
11949190
11905318
11826146
11856592
11789885
11765935
11731514
11947080
12443278
11808381
11808379
11808377
11935326
11889462
11865331
11765933
11812384
11764895
11974772
11815099
11859565
11943573
12525897
11943428
11811605
14073644
12042341
11789838
11930379
11951583
11765720
11838707
11947018
11869782
11976519
11813448
40210863
40210864
40192627
11931674
11783493
11765877
11791843
11947235
11766419
11821932
11766421
11767557
11821927
40210159
11766420
11766123
11783624
11765893
11783497
11770977
11821875
11813197
11789846
11728591
11808811
11789922
11872827
15371060
13182454
11813193
15371051
11813196
12710013
11813191
11728631
11859627
11871766
11765878
11764144
11766969
11843585
11813195
11728632
11783642
11808272
11813192
15395809
11813194
11790103
11858236
11812598
11858566
11766194
11767138
11742165
40363123
11795671
11820731
11728596
11766098
11766314
11766315
11765592
11764143
11716856
12056718
11711508
11772144
11752653
11727336
11711418
11764749
12042436
11821376
11741448
15371062
15371063
15371067
11859378
11994485
11994487
12735873
11873985
11820612
15371066
11729860
40211820
11766483
11766313
11716858
11765703
11717200
15461772
11711090
11871699
11848196
11711091
11871701
11722817
12742197
11741129
11727045
11815217
11823171
11751365
11701397
11814904
11711450
11741628
12827096
11808213
11710112
11727044
11790096
11696023
11700254
11731595
11827935
11709831
11856569
11718126
11874034
40192749
40190595
11685332
11731655
11716433
11727059
11731275
11730009
11730008
11730007
11730000
11856608
11686428
11858560
11733225
11729636
11729635
12619055
12619056
11716702
11681933
11789839
11728485
11701106
11669447
11726104
11716697
11790100
11677888
11721613
11714281
14198824
12055556
11692621
12818070
11675533
12404571
11628381
11672226
11701101
11701021
11701102
15461757
11717465
11741427
11826546
11790092
15371045
11850656
12058607
11712918
11884149
11843606
11872887
11717472
11682727
11696933
11843510
11843511
11843512
11843513
11843514
11642451
11760164
11751221
11628374
11701020
12059136
13182441
11672224
11672225
11672231
11741426
11839781
11659595
11767524
11659593
11659594
11642452
11856018
12818071
15371046
11860462
11856049
11839783
14649935
12058386
11716762
11725159
11856546
11672227
12058404
11733188
11752841
11715383
11856656
11714971
11681966
11700231
11866557
11701023
11885037
11751176
11767191
11765892
11681934
11709830
11682703
11692456
11682694
11691852
11856651
11686550
11686549
11682682
11859562
11682699
11681797
11691782
11682856
11716351
11692462
11685246
11751380
11692460
11764990
11682853
11692457
11692459
11651457
11692452
11632837
11686770
12056536
11733223
11632801
15395802
11716694
11760940
11760941
11705327
11669443
15395739
11790042
11696710
11623398
11628384
11760030
11614644
11711509
11700336
11741460
11741457
11741465
15395789
11765801
11860025
15393513
11741459
11741464
11741456
11741458
11741455
11741462
11741461
11741463
11508986
12752890
11662960
11662957
11508926
11322632
11447383
11363593
11363594
11437152
11465350
11543441
12058318
11322633
11446932
96274948
11645252
11363592
13218328
12648867
11797725
13676887
11465083
11409074
11544659
12058456
11339375
11339372
11544664
11465244
11931568
11413654
12042287
14170870
11662950
11322630
11325139
13054017
12404744
12752891
12752892
12752893
11508931
12056490
13056394
11465023
11459874
11343139
13021559
11997908
13042919
90120940
11344577
11369842
11359808
11359809
12058316
11398525
12648197
11355211
12056575
12055611
11545007
11545006
11543443
11469641
12877863
12734554
13002176
12648421
11821522
11821509
11426870
11545008
11856035
11685738
13054003
11662959
11543632
12058280
11821723
12058736
12055276
12055537
11396404
11465276
11745059
12096368
11591265
11469725
13138293
11371347
11344608
12058954
14153173
14153174
12388621
12058965
12299631
11629498
11465011
11446748
11645088
12056576
11344611
13056393
11662956
11662958
12560322
11341681
11355234
13056346
11543594
11371297
13054001
12160379
12147036
11543563
11662963
11370714
11348357
11584135
11508884
11655856
12058348
11343117
11543615
11543631
12056148
15395800
12056489
11344612
11352677
11401760
11325136
15393564
12056095
12056086
11728666
12055545
11343342
12059017
12055544
13005596
12055546
13016240
11821939
11662961
11469716
11508927
11325143
11446862
11446820
11324829
11503373
11370713
11340094
11856635
11363653
11401747
11662955
40562878
11370712
11325141
11856638
11856639
11363652
11370710
11343140
12654552
12058093
11370709
11370708
11370711
40562884
11856637
11856636
11856631
11856632
11403612
11621410
11450435
11614764
11339378
11688390
11629447
12648452
11485640
11339676
12648453
11359611
11543564
11355549
11368919
13182415
11464931
12055359
13936790
13504594
11856596
12056389
11368920
11368922
14158666
11856559
11401739
11856055
11368917
11543621
11629908
11809570
11396411
11656178
11355284
11355283
11355281
11451055
11355278
11355274
11368908
11355280
11451054
11465033
11656227
11355285
11465034
11355282
11465430
11465048
11465231
12056577
11469700
11508883
11341670
11533037
12056135
11785516
11355556
14148447
12108832
11401282
12056372
11443359
12055675
11662953
11459563
11451040
11391927
12817519
11355555
14195819
12058677
12058090
11408309
11368913
11371003
11359622
12752779
11359926
11359710
11375739
12058088
11359711
11459922
11657971
11359712
12042429
12149337
11465232
12058884
15393557
11401271
12845786
11544651
11375677
90113710
11544654
11828339
12055807
12056003
14647071
11508937
11582998
11391746
11450454
11521962
12058523
11368906
11508973
11390885
11513354
11393152
11645197
11645198
12055543
12059267
12042403
14646939
11645938
11658171
11645937
11393557
11465346
11393700
11353498
11662416
11544656
11544652
11544653
14647069
12059174
11645939
11544655
12058885
12042447
11687734
11391685
11401240
11738116
11543442
11459143
12042364
11370860
11814298
11393315
12042324
11818349
11656181
12735885
40362861
40185510
11856597
11450432
12056686
12654554
12654555
12654556
12654557
12654558
12654559
12654560
12654561
12654562
12654563
11398662
12654553
40296255
11543626
11398743
11576567
12244643
11543667
11408384
11391683
15395830
12058601
11490467
12058089
11490470
11856623
11687787
11398521
12346959
11498580
12566568
11856667
11446740
11398736
12566570
12536070
11398081
11408313
12770820
11856013
12042336
12042409
11856625
11856627
11398247
12055291
12404332
11856629
11690276
11446823
11398532
11398737
11503362
11490469
11408310
11856563
12096364
90080558
12042296
11398246
11408316
13370284
12648285
11446731
12055469
11398079
11856630
11856626
12215216
12215210
12215212
11856628
12096369
11421563
11446732
12051462
11456672
14503687
12056672
12656173
12055344
11536425
11856624
11738985
12047680
11443598
12404676
11392191
14192719
12042371
11645932
11856558
12660688
11393407
11398742
11685683
11521998
12566569
11398523
12058686
12059244
11398082
11398741
11391730
11576536
11391729
12656201
11371346
12056469
11391728
12042439
15072663
11856062
12758818
40328982
40328992
40328995
40328994
40328987
11534301
11687765
11687764
12735947
12056252
40185511
40328993
40328978
40328981
40328984
12056374
11821987
40363084
11666600
11446741
12735913
12482846
11543949
11508911
11686495
11544660
12508316
12346958
11545411
11537658
11545300
12781044
11785555
11537716
11398751
11394850
11856061
11408385
11508907
11645136
11856042
11821725
12056738
11401272
11856641
11856019
11856011
14169496
11543866
12058820
11666950
11856660
11856045
12404001
11731504
12055531
13344664
11856640
11856003
11856000
11855999
11855989
12042394
11855997
11855988
12735953
11856642
11401285
12058163
12058343
11818162
11662398
11856058
11818163
11818161
40185527
11856574
12056486
12058901
12058442
11997239
13257690
13308367
11856602
13182321
13019267
12827269
11443415
13257689
12055916
12058439
11852150
12833145
13306125
12820245
11508903
13182295
12059247
13257650
13341540
12058975
11430398
11522143
12648275
11503360
11433829
11605754
11421513
12566019
14148446
11454599
13454606
11836065
11785578
11510190
11459890
11663552
12204171
12245559
11532393
11856650
12058926
12393247
13676731
11664297
12055825
11479222
11429779
11430397
13971611
11578155
11493405
11503355
13302390
11433828
11545168
40185523
11821969
11551200
11551199
40179857
11408319
11551203
11551201
40185522
11605787
40302068
11855974
11890598
14118962
11521966
11856038
12059272
11443357
12742195
11605797
11454604
11452895
12056000
12055339
11454603
11685736
11544832
12058091
12820254
11452850
12042300
12058830
11690511
12552838
12056286
11576568
11496814
11496815
11690274
13066274
11648738
11611435
12058476
11690262
11443480
13191925
11462205
12781025
11496818
11856037
13053967
12820311
12557456
11856001
11574860
11856002
11469359
13524283
11496817
12781023
12827268
12557483
11647596
12752658
11461982
11508945
11658345
11452896
11645472
11508946
11544278
11543821
11452897
40186040
11461901
40363047
40186057
12058119
12055774
12656384
11454616
40186038
12656385
12656386
11605691
11474747
11850706
11645297
11508079
11591290
11533026
11720552
12055422
11600480
12056739
11591289
11534247
12042291
11533027
11664929
11645295
11645296
11460577
11675566
12157039
11821545
12157038
11647827
11878389
11662402
11614700
15393484
11614865
12058320
11678349
11577987
11591288
11645294
11629442
11786738
11490663
11545299
11686517
11508881
11534299
11543625
12648712
40189208
11665808
11647733
11785573
11818393
11543573
12501185
11461550
40185513
11454601
11519666
40187047
11496676
11544442
11490658
11454600
12058211
11544425
11508966
11533017
11496900
12058233
12055551
11462169
11462167
11462166
11856006
13293866
11645176
11508932
12738822
11490404
11629541
11856077
15395675
12056533
11539250
12058410
12058294
11664190
13462006
11629465
12130933
11647898
11666826
11496645
11722774
11508086
11543665
11614782
11690508
11856076
12055776
11632739
11545170
11508082
11666308
11821410
11508081
11483623
11521984
12058997
11532990
11490613
11544452
11468780
11493415
11690595
12619002
12619007
11544428
11791822
11544431
11483618
11645327
11493722
12618978
12618961
11544426
11645131
12618959
12618960
12618962
12618963
12618985
11490652
11490657
11490659
11490660
12618902
12618903
12618904
12618905
12618906
12618907
12618908
12618909
12618911
12618912
12619003
12619004
12619006
11508889
11645230
12618979
11815286
11462168
11583344
11490655
11597901
12619008
12827273
12820261
12820244
12056370
12056080
11544429
11645326
11508906
11508952
12058996
12820258
11490653
11507774
11647826
11822018
11507804
11855976
11521944
11738125
11677732
11525970
15395864
11507803
11647538
11493705
11574916
11493715
11717098
11657918
12042351
11700250
11520697
11490473
11490476
11490474
11490479
11496648
11657919
11663905
11536466
11490475
11490478
11520699
12996371
11645834
11520700
11600912
11663688
11520701
11648645
15395858
11496649
11519741
11508147
11521978
11856053
11499675
11499681
11499678
11499680
11657917
11690581
11663900
15497358
11493714
11567771
11490477
11490480
11496650
15461831
11629655
12058531
11507805
11930380
11709577
11534302
40183463
11544464
40185514
11677733
40185521
12059222
12059178
12058665
12058664
12820252
12058719
12058111
12059249
12059221
13341786
12058931
12058666
96272989
96272463
11664768
11677821
11692268
11596577
11528937
11519619
11677892
11519624
11858621
11858623
11860504
11858622
11858626
11648754
11576195
11686535
12833091
11858625
11648673
11532587
11629497
11858627
11601603
11663799
11600510
11496654
15395784
11858624
11686542
40186626
40186501
40192655
40186772
40186428
12055304
40469743
40185536
11577916
12058480
40189215
11576594
12058930
11663780
11677954
96275454
96275455
96275456
96275457
96275458
96275459
96269110
11690404
11532407
96269117
96269111
96269114
96269112
96269113
12055322
11520730
11520736
11647531
11666614
11715777
11523701
11752317
11520723
11681929
11567791
11664160
11647739
11713158
11529511
11523641
15397331
11645084
11520781
11663851
11666576
11520779
12059218
11648751
96022044
11664965
11666823
11831784
11543300
11526015
11560585
11523885
11543301
11831785
11605501
11567789
11856575
11567786
11664159
12042402
11647738
11785673
11675902
11523643
11605701
11666613
11567790
11567782
11663904
11543302
11687754
11560587
11666148
11567758
12059216
12734564
11605485
11520758
11519672
11815324
12199027
11520757
11525786
11525794
11532394
11815309
11815326
11525776
11520748
12199028
11520782
11538900
11815327
11815325
11760166
11538901
11525772
11508162
11556887
11508163
11690529
11690440
11520729
11520731
12058999
11571827
11858637
15395772
11650111
11859967
11658160
11826567
12957698
11534311
13177374
11858585
11685712
12376598
11685710
11574950
11617149
14161695
14161708
14161707
14161701
11567787
14161715
11635617
11525931
11576577
11525938
14161689
12056267
11523745
11544433
12957742
11856052
11536331
14161694
14161696
11677811
14161690
14161711
14161714
14161688
14161712
11567763
15395774
11828013
11528874
11647590
11677679
11760920
11569762
14161704
13177384
11687744
11605707
11611404
11677740
11525937
11642432
12957890
96114280
13980868
14161700
14161693
14161691
11642564
11523743
11859968
11839324
11600205
11600126
11618992
11621844
11645231
12154786
11519626
11647594
11690506
11647592
11677812
11685711
11856083
11536363
14161709
14161713
11850661
13980869
11663830
11666599
11858581
11648740
11647593
11690365
11528932
11614818
11602211
11602008
14161686
14161697
14161699
14161702
14161698
14161706
11658110
11616494
11601453
11601906
11600006
11496674
14161705
11582729
11856591
11648664
11677807
11647591
11647589
11525856
11706747
11642431
11856051
11856044
14161687
14161692
14161682
11642258
14161703
14161683
14161684
12955791
14161685
14161710
12056145
11528878
11601845
11687745
11597893
11664173
11638241
12042404
11642615
11519744
11524993
11663792
11549400
13182360
11677762
11571297
11922769
11922771
11571301
11571298
40302097
11738405
11815328
11814887
11790091
11789945
40183460
11603842
11574888
11525774
11525782
11690540
11632807
11525795
11525770
11813160
11813158
11525781
11525777
11525779
11525780
11525785
11626575
11520764
11647774
11525778
11525784
11525775
11525783
11789935
11601074
11525771
11508090
11520763
11525773
11813159
11815471
11815310
11815311
11525797
11600543
40185512
40185500
11520762
11815261
11528879
11575156
11571320
11922770
11708999
11571777
11751327
11575157
11611410
12056745
40183459
40183461
96022113
14213088
40190860
40190855
11519743
40214758
11562312
12388598
40186627
96022114
11508164
11528877
12102968
40185520
11642557
11529467
15395758
11645223
11717070
15393543
11645222
11677739
12056082
11523705
11602321
11690566
12058414
12833112
11645225
11645226
12590252
11600276
11678351
11525796
11690532
11529474
11600021
11532403
11538972
11678032
11821722
11764688
11690512
11520362
11856652
11528933
11678295
11538971
11675908
11645349
11620062
11645350
11600405
11645224
11572608
13504591
11560647
11621142
11712782
11682904
11601255
13129281
11638389
11600926
11839314
11682905
11602096
11600123
11705895
11681916
11716773
11601305
11642468
11678031
11678185
11602303
40183457
11611411
11576550
11571728
11815277
11813169
90081443
11645183
90081442
11555530
11576749
11605502
11620156
11843540
11843539
11843534
11858571
12709964
11543091
13293820
11664077
15395836
11843538
11555531
11566902
11856554
11752531
11657714
11538970
11843542
11843541
11843547
11843544
11843543
11858569
12577091
11632893
11629699
11632894
11624833
11600815
11614761
11690364
11843545
11690291
11677890
11708209
11843528
11752765
11843533
11614924
12056552
11690294
11855979
11690293
11690292
11690582
15371036
11843546
11576960
11682696
11632895
11632892
11708316
11658403
12955790
11850674
11858586
11858522
11858521
11858689
11857864
11858593
12955789
11856615
15393515
11858533
11752723
11676018
11813359
11858587
40192167
11843498
11632679
11813445
11677958
11692342
13757365
11751375
11616204
11560711
11815294
40189230
40183458
11571752
11813161
11555664
11692343
11692463
11560500
11566761
11692614
11560431
12058490
11752705
11572605
11605490
11752736
11569533
11827939
11587434
11557569
11701382
11560504
11617221
12678898
11858567
11859950
11573100
11676011
11620450
11857790
11582502
11783549
11676017
11676015
11676012
14597170
11642326
12058676
11665602
11717129
11752253
11781001
11632785
11573101
11576714
11632963
12580157
11676016
11572603
11657974
11543360
11718079
15461874
11569540
11569539
11569538
11676014
11666784
12056297
11592482
15461761
11587432
11733196
11690402
12820248
11576747
12581419
11760301
40363066
11600714
11897783
11597837
11696713
11632908
11832491
11625001
11712979
11675775
11579247
11584106
11893182
11711210
11716797
11705879
11579256
11636245
11712954
11576725
11642566
11638204
11705876
11705881
11622855
11710589
11767575
11705882
11859563
11682751
11858568
11632897
11587521
11759855
11857812
11820754
11611474
11621748
11716802
11636243
11632934
11675847
12404507
11860062
11710479
11675534
11624839
11587435
11731657
11636244
11579225
11579248
11859550
12056740
12058732
11826831
11663026
11856026
11767153
11587518
11705880
12058644
11620087
12820240
11616808
12537679
11632898
11696549
40192137
12295771
11712365
11587441
11752639
11650083
11642521
11587431
11642614
11616398
11733488
11690396
11675685
12042375
11595052
11855995
11666256
11815270
11860047
11885248
11621616
11613165
11629526
11860014
11600469
11701089
12055269
11605742
11664399
11622908
12047679
11629810
11688493
11685349
11885436
11696799
11752184
14169652
11885270
11711793
11629462
11629463
11629494
11725581
12648288
11701092
11860054
11681900
11622906
11692416
11622907
11708416
11939838
11860009
13838924
11726381
11711514
11860057
11760149
11629575
11682708
11710987
12056037
11675738
11701090
11642271
12055794
11967122
11682721
15395820
11632805
11605741
11856048
11622909
11624885
11566900
11857870
12056085
12059151
11765327
12058852
11717166
11579073
11885251
12055662
11614891
11663012
12998611
11620820
11856047
11701091
11708559
11717122
12055793
11710657
11783513
11766971
11860049
11858570
11609397
11711687
11729353
11725580
11752741
11733229
11632814
40192142
11629791
11691858
11629785
12998617
11629781
11696808
11629802
11629795
11642335
11609436
11629790
12058674
12734520
11629801
40186423
11629796
11725904
11632827
40190621
11632794
11629803
11629806
11632716
11713150
40188650
11860041
11895092
11629799
11716781
11632810
11629797
40183462
11711513
11629783
11629792
11748868
11629798
11629788
11629809
11629805
11629800
11629782
11632817
11690517
11692617
11760145
11663945
11706810
11721522
11726761
11726757
11857861
11701108
13246445
11726758
11726760
11669459
11733207
11710389
11735968
12702778
40291166
12820259
11696805
11860029
11700513
11720646
40190604
11658187
11815234
11813325
11735814
11821341
11733436
12403975
40190606
12055285
11629829
11713022
11760310
11711527
11632790
11713160
40296282
40190602
11656174
11766485
11696663
12055644
11650018
11632889
11692290
40190603
11710590
12154787
11727335
11713115
12998528
12042281
11632885
11650103
11725583
11632886
13043081
12680953
12736075
11469306
11465010
12649294
12649295
12649296
11863933
11521146
11376565
12096384
11344578
11863928
14169726
96115200
11276023
11821785
12656396
12656394
12656395
12227356
40365507
11344582
12656393
40363067
13546085
40302070
11818350
40179867
11856616
12059219
11690319
11461259
12055282
11797724
11543435
11543946
11297911
11371002
11543434
11543432
11543439
11543437
11545009
11645234
11443536
15395932
11318093
11543436
11543438
11543433
11543431
11544835
11685765
11359923
12566805
11342333
12404885
11313973
12404572
11371475
11391840
11280370
11322989
11289102
11543666
11342355
11400643
12059220
11353769
13891676
11543440
11645309
12998681
11697164
11525858
11543572
11297917
11297913
12055872
12042398
11642482
12648884
11543565
11342367
11322636
11289157
11544280
11624993
12240751
11544602
12012950
14151472
14151473
14151474
13308190
13462133
11343359
11342374
12648264
11289168
12055441
12264885
12820370
11339911
12648438
12117615
12058533
11339910
11545004
11875444
11543567
11869779
11500720
96270929
11411554
11673128
11645379
11312370
11931662
11343109
11371006
12533506
11342365
13002356
11690397
11353610
11500643
11343339
12359823
11697531
11363596
11543664
12147004
11343178
11456833
11277776
11544596
11839321
12285103
11426868
11275969
11687780
12042283
11662977
11275968
12552706
11544597
11363595
11544283
12058949
11298051
11343346
11930348
12533643
11275973
11306375
11289163
12648883
11306369
11306368
11289366
12056709
12058717
11289365
11370526
11370512
11545018
40365132
12056722
12055574
11650001
11342372
11363597
11544673
12056642
11343324
15303055
11544672
11645235
11485636
11289164
11339906
11289056
11306367
11289052
12042413
11289170
12055576
12648711
11270747
12533453
11645276
12055804
11645138
11836447
11343112
12055331
11446747
11543630
11446835
11322631
12730087
11443537
11341682
11289169
11282991
11272919
12288422
11629629
11289165
12528006
12733665
11287372
13576063
11465149
11744814
13542627
11289371
15393539
12059258
11289369
11289171
11282990
12817644
12817645
11500771
11272918
12288421
12877799
11289367
11289372
11543610
11450434
11856655
11277967
11645449
12817646
12817642
11368910
11931500
11745007
11289173
11355235
12817643
12055341
12058188
11645931
11343363
12096366
11500847
11289370
11289172
12058903
11355159
11343310
11821580
11943592
11289368
13040625
12160376
12648343
11282993
11544115
11277973
11277805
11277972
11277808
11359925
11277804
11277975
11277807
11474060
11340102
11393558
11277974
11340086
11543614
11446742
12204208
11447675
11398531
12058646
11842545
11991174
15395898
11343356
11453311
11856007
11355145
13674310
11474079
12026669
11343308
11543568
13394591
11271222
11500832
11822000
12058455
15395787
11543600
11544650
12055303
11289160
11519646
11363598
11317909
11544658
11465076
11405253
11343323
11276202
11276209
11276200
40363474
11450420
13341852
11272580
11276207
11276211
40363473
40296275
40296214
40293882
40296213
40296215
40293881
40296216
40293883
40296217
40296179
40296178
11856070
12056340
11266001
11275214
11289151
11277785
11645338
11645186
11341131
11370533
11645339
11277782
11370534
11500668
11645253
11645254
11645255
11645256
11645258
11645259
12056624
11519644
14896322
11341644
11500667
11426793
12404577
11427185
12404868
12146962
12648903
11648574
11543628
11543629
12226722
11465097
11246946
12533538
15371013
11272381
11528780
11426946
11426980
11427186
11309873
11266441
11743814
11856604
12058882
14141145
11485632
12736123
14130150
11744640
12533599
14151412
14151413
14151414
11856039
13891675
11266002
11543745
11266881
11544601
11856594
11355263
11272585
40365193
40365117
11316141
11411774
14211268
11645416
11277784
13307879
11645342
11316766
11343132
11543734
11272593
11446976
11446825
11446744
11446743
11856050
11370521
11500681
11500682
11500683
11500684
11500686
11500733
11545012
12042430
12230387
11443533
13540057
13024191
11485641
15395823
11485646
11485648
11485650
12059169
11465045
11744816
11829198
12535926
12388629
11316797
12059055
11500687
12459161
11500680
11500685
12501517
11266848
11690363
11266846
11485642
12569988
11266549
12059188
11323757
11485649
11267591
12042311
11280361
11340092
12648198
11444818
12736137
11500679
11645933
11266531
11239256
11383542
11266530
12042363
11340080
11266424
11225830
11645301
11395434
12056005
11212087
11279726
12227411
12226901
12226903
12055298
11544604
11856663
12058304
12244651
11212109
11446822
11645308
11645307
11557064
11370524
12648263
11212019
11212024
12404035
11316796
12042370
11544837
11212064
11212067
11446730
11642267
11856664
11856662
12058358
11829870
11545406
12058479
13016171
12055601
11212153
12058498
11545407
13459792
11316767
11239215
11280374
11444817
11899186
11280373
11280375
11413684
12660409
11545016
11464996
11370590
11239216
11212070
11280353
11645415
11316753
12056369
11239217
11224638
11266435
11224636
11246938
11224637
11543822
11224632
11224712
11279709
11279575
12058927
11411818
11212020
12240929
11500730
12736032
11465437
12709950
12059046
11212065
12059057
11224635
11212063
12056259
11828982
11212098
11212021
11209292
11212152
11246945
11224630
12820249
11316756
11212099
11246942
14169512
11288957
11427037
11212158
11443538
14169523
11224713
12058235
11212145
14169513
12648228
11847749
12058407
12059120
12056043
12709993
11212144
11212146
11543624
11266534
12533541
11212110
40186671
14169511
11212122
11224651
12189735
11313589
11316787
11342535
11280300
11316788
11403620
11342534
11213426
11279754
11314939
11316769
11210840
11446351
12055962
12071654
11500689
11212120
11212119
11212025
11212068
11208764
11314825
11314838
12244973
11280116
11211844
11224629
11314826
11212128
11212090
11212138
14169510
11212100
11224634
11545005
11212124
11212147
11645459
11545003
11212123
11212137
11212125
11208642
11856543
14169514
11212130
11212108
12058195
12056075
11991172
11298202
14169518
11212131
11212132
11212126
11212069
11212159
12775302
14169516
11207397
11314824
11213271
12042356
12058591
11210073
14169517
14169515
14169522
11280368
11279586
11212129
14169519
11279755
14169521
11280369
11207865
12998594
11216188
11280367
11280680
12736074
11212088
11411717
11279593
11214317
11308805
11369013
11279588
11413584
12058844
11279603
11279577
11279623
12533448
11211775
11182775
11835146
11519623
11500761
11443521
11371348
11288907
11342555
11500719
11298869
11182824
11279560
11136444
11544661
11500729
11492170
11446933
11465141
11645302
12752669
11316805
11645291
11500727
11279550
11500728
11243242
11182822
11316739
11279613
11100733
11316745
11100730
40233953
11316738
11316741
11214310
11645124
11407725
11316740
11856593
11325638
11211089
11225835
11182353
11394805
12055346
12055992
12736034
11210413
11543611
12156562
12569049
11316750
11279563
11280381
11316735
11543592
11314953
11645236
12055529
14169490
11183185
11821643
11279551
11316783
11202465
11280382
11211088
11235884
12257961
11211627
11208338
11394804
11500650
11279549
11355165
11500649
11255706
11207938
13891599
12533452
11394806
11314952
11280270
11316793
11199260
11279753
11500651
11465296
11458892
11209330
11316776
12996384
11316794
11544834
11199264
11344537
12569277
11821648
11544603
11315454
11645303
11394807
11501602
11224633
11225932
11280206
12735894
11199257
11645288
11590276
11543627
11172005
11543637
11225933
11407896
11316754
11500722
11279702
11316210
11314770
11210995
11685696
12914932
11543635
11210411
11210412
11225834
11339711
12738848
11543638
11645289
12042348
12393390
11314890
11645290
11316733
11543634
11394801
90120941
12059215
11207861
12055607
12058721
11316744
11316743
11443534
11211725
12059054
11207409
12648268
11371012
11443520
11279719
11280237
11500648
12055798
12055812
11856064
11280384
11280191
11279716
11314877
11545019
11216308
11500721
11543639
11316742
11413583
11545010
11172019
11213517
11210905
11543641
11216305
11100731
40564979
11280344
11279654
11279598
40085580
11858563
11543636
11543642
11543640
11545011
11280389
11182828
13298544
11100732
11211002
13053968
11314891
11280325
11596576
13486644
15393565
14290450
11545022
11280402
11856589
40291173
12204183
11316849
11856590
11545021
11196150
11543603
12404526
12204169
11543607
11156591
11280185
13486279
12648247
11690438
40291171
12204168
11280327
40291174
12679217
11314940
11344566
11280326
11280677
11280340
11280328
11401159
12058350
12653858
11156589
11136578
11310615
11279584
11280220
11225716
11225715
11280119
11280117
11310614
11225714
11280122
11310616
11316792
11280397
11460140
11543950
11225712
11316230
11645400
11645401
11645403
11280118
11182777
11279632
11544600
11225713
11280120
13784026
11280121
11645402
11280111
11322652
11279631
11225711
11225856
40363472
11279625
11279574
40362874
11279587
11279718
11280114
11156585
11856648
14169529
12291377
11446826
11342738
11133447
11316773
12648271
11280238
14911619
11279772
11279564
11279572
11279571
11279567
11279668
11443539
13017380
14911618
11280290
12809387
11316761
11279561
11314817
14911620
11267601
13674353
11159258
12058307
11279604
11695575
11280230
13017379
11645375
12875547
11373919
11279566
11280291
11279734
11600371
11280255
11280190
11280351
11280204
40192694
13182305
11279547
12654436
40374601
11280146
11279679
12654435
12654437
40374547
11551226
11481649
12654434
11100153
11280183
11280289
11645139
11544670
15393578
11645140
12227353
11280234
11074532
11104264
11543604
12056047
11316086
11543605
11136563
11340184
11543608
11545023
11211823
11104262
11157023
11543602
11280203
11500642
11856587
11280390
11465172
11856588
11543671
11856586
13341760
11744150
12227354
11500669
11545024
11279608
12648569
11543662
11279693
12226725
11645451
11545020
11543606
11543444
11408386
12056702
11543609
11136562
11485651
11136458
13341709
13504690
11310609
11280253
12058467
11101127
11100162
11279651
11280676
12321357
11279536
11279675
11213827
11280226
11300011
11799941
11991146
11226548
11087362
11279690
11226526
11235848
11279723
11645248
11306107
11074563
11280231
11276206
11276203
11276205
11276208
11855984
11543618
11855983
11280288
11308916
11645137
12030848
11501573
11500718
11279731
11280257
11645321
11733265
11280170
11830882
11368924
11135771
11310502
12533608
11280192
11370715
11310501
11280347
12842244
11135778
11279725
12223295
11392354
12533633
12055520
11279627
11398666
11856071
11279724
12533482
11501598
12820203
11280233
12059223
11279717
11279749
11280179
11280242
11087361
11280217
11087360
11279677
11279676
11279537
11280383
11280674
11280180
11087359
11276210
11280157
12648577
11645380
11276201
11279538
11279656
11280173
11500724
11500723
11856619
11279633
11087406
12055268
11543623
11094226
11464993
11280132
11280228
11279583
11280194
11074346
11280267
12058963
11413802
11224641
11074396
11645314
14336227
11413801
11500725
11821626
12058449
12055399
12055573
11280319
11279732
12533454
11413800
11049842
11279585
12055491
11544912
11815279
11813163
12204638
40296272
11280176
11828930
11316747
11074343
40286851
12096254
11279708
11280175
12736009
11645287
40192238
11280254
11813171
11280295
11043967
11316809
11545002
11049221
11074513
11051386
12156440
14192637
12059048
14192638
14192639
11160459
11280313
11280358
11292386
11074683
12055621
11543663
12058612
11545033
12056697
11839024
12734530
11859951
12055906
11280378
11280248
11895088
11280330
11316140
12533471
11074331
11645381
11280333
11074277
40295287
11279662
11279659
12896816
11279660
11279657
11279661
11160700
11155024
12404227
11224709
11280214
11293530
11224710
11224707
11280292
11280210
11645374
11279721
11280365
11279701
11235805
11225832
11162059
11100549
11645370
11645373
11645369
15461769
11027509
11155001
11856056
11308892
11280250
11279671
11053340
11074672
11280150
11280323
11279618
11739490
11279674
11262919
11280332
11030292
11426871
11543620
11279628
11645242
12227338
11074464
11048484
11048485
11308897
11279779
11048490
11048483
11048491
11855982
11048489
11048488
11210993
80403271
11308901
11645233
11314771
12204120
11279711
12204118
11026405
11026408
13207979
11501601
11160423
12130814
11188135
11280285
11188145
11280298
11280352
11280343
11280287
11171606
11316758
11280312
15393573
11461510
12204119
11188144
12058878
11188140
11280286
11279720
11148506
11026409
11280342
11148505
11856568
11262920
11160548
11280148
11160697
11280172
11306044
11279738
11030968
14648930
11262532
11840996
11040668
11185715
11280240
11298850
11279688
11821860
11500621
11280320
11061665
12820241
11030900
11030902
11500618
11030904
11030903
11030905
11030901
11280227
11279765
11279776
12827210
11032981
11040670
11061667
11235806
11279541
11160647
11860090
11074633
11645123
11543612
11160425
11500619
11645466
11032509
11280207
12733668
11029014
11310789
11235829
11026406
11150794
11155032
11465377
11032661
11280305
11026404
11026407
11543617
11280213
11160833
11280247
11312262
11279683
11180118
11180129
12735926
11279722
12215214
12215215
12215244
12215243
11122723
12056033
11160689
11030321
11155006
11028366
11645182
11656186
11160431
13016925
11160784
11155020
11061674
11148856
11074600
11356261
11356262
11031937
11160827
10949565
11113004
11160580
10960022
11280235
10990169
11160503
11160737
11154994
11407895
11154976
12895776
11427217
11160621
11167537
10960042
10960038
10960040
11235802
10960039
11122741
11235803
11114985
13195928
11160654
10989973
11279692
11235807
11113309
11041921
11041923
11041922
11051571
10989980
11280163
11465074
11500710
11310262
12533427
11160616
11155021
11469606
11160794
10942800
11469607
11122716
12945560
13997758
11500622
11500731
12533423
11031367
11160508
11022117
11231120
11160439
11460563
11363658
11154931
10982964
10982972
10982973
11501599
12533426
13891540
10994976
10997401
11155003
10982965
10982969
11160770
11160800
12945780
11061673
11155017
11160828
11160826
11407898
10960025
10960034
11160550
11150735
11500644
11645071
11465075
12533425
11042703
12215205
11645212
11394808
11160657
11465389
10995076
11465390
11280261
11160558
11027125
11279700
11146478
12042314
11160699
11645249
11160536
11154995
11279556
11279555
11280282
11394803
11279559
11279557
11279554
11279558
11394802
12533424
12058193
11500617
11280127
10960018
10960020
11308882
11100737
10982961
10982966
10982971
12648290
10954827
11155254
11155257
11150261
11279736
11040615
10960021
10982975
11041924
11022121
11160572
12533422
10960019
12996468
15552503
11170404
11160772
11316795
11112962
10949977
12648450
11465316
11155194
10949982
11316175
11501577
11280200
11170536
11154989
11454591
11160639
11160551
12056076
11192982
11160658
11465317
11645096
12404055
12820160
12204636
10960041
11645346
11160626
10982933
10954823
11160619
11122717
11262421
11262422
11306106
96019813
12508290
12734578
11280310
11315547
12266242
11292474
11155308
12648269
11132356
11293342
11280309
11161924
12533622
12997113
11280311
12648451
12533467
11375885
11280155
11122758
11645237
12533539
10954451
11185787
11154990
11160585
11154982
11160638
11308891
10983043
12058900
11280256
11160488
11316124
10949571
10949572
12245162
11280334
11160804
10905915
10949762
11162058
11279774
11160643
10905907
10905916
10960044
11160685
10905906
12407193
11744700
11744699
11160535
11645284
11160419
10990103
11161995
12648209
12648770
12648771
12648772
12648773
12648774
11074652
12535850
12533464
10905908
11154972
12096498
11035292
11280307
10945720
10945722
11458560
11645281
10990182
12648687
10866434
13218331
10945831
10915812
11294315
11645443
11645285
11645286
11280371
12055278
11160818
11160641
11280303
11316228
11185684
12055316
11446125
12285141
11082449
11075503
11279599
11645241
14365953
10989979
11280297
10885438
15395807
11027056
11160604
11135683
11075500
10896724
11101155
11027069
11280385
10885324
10895793
11279775
10881378
10945832
10945830
10881653
10945965
11160456
10945829
11279578
10896870
10893055
12648445
11645386
11160592
10884877
11160691
11280294
11160756
10881664
11557835
10978394
11244188
10847971
11316800
11279624
10983047
11160655
11074686
10960043
11160625
15395947
11280136
10893036
11160445
10960071
11160796
10978347
10881440
11315446
11160698
13050947
10881438
11150795
11359811
10896684
11280126
12058137
12648571
10881380
11154933
11074213
10872409
11160761
11074273
11074324
11051862
11074233
11160400
10884849
11150260
13393625
10873129
11280318
10843507
11154973
10885610
11155259
11603838
11160529
11167540
11873886
11600553
10884827
12648580
13298537
11316798
12512013
10884841
10884842
10884847
10884851
10884845
13337260
11829869
11160606
11150751
12570026
11160746
10864335
11602227
11160627
11160768
11160763
10884850
13009910
14195968
11280399
11135692
13504684
11314892
11160620
11356263
11859271
11859406
11074234
11280401
12511997
11600142
10884846
11280400
11160595
10860475
10881451
11167407
11161926
11154952
10896863
10896864
10896808
11279626
10896675
11146131
10862577
10872451
11155404
11280131
11855975
11155149
10860407
10860403
10863276
11279757
11155211
10885588
10885590
15553713
10842112
10860408
11160755
10885587
10860402
12648898
10860477
12056587
11160753
12049438
11543867
11645243
11645941
11054342
14107743
10885589
11645195
11306104
11052792
40377788
40377787
10842362
11160725
11160574
12055369
12648499
11160781
11160420
11155026
40374598
14148559
11049796
10864688
10864686
11160745
11160671
10884865
11160443
10855197
11499031
10858634
11262530
10870752
11931617
11031528
11160805
10855155
11154935
10855348
11160518
10842068
11160777
10822323
11154957
11160607
11160611
11859273
11150733
12533645
11160718
11160586
10843374
11160759
10960047
11152280
11160492
11160493
11856611
10960002
11155002
10870750
11152264
12215222
11280317
10822330
10842069
10842091
10855871
10870754
10870756
10856290
10842082
10870755
10870760
11648776
11648775
11648600
11647656
11648601
11279596
10856289
10870759
10870753
10870758
11160717
11647795
10870749
10870757
11830650
11859272
10892235
10858510
11160728
10842084
11160432
11160557
40564997
12055552
11162005
12945622
12942703
12945623
12942697
10855277
11500726
11162006
11160760
10842065
10842113
12036300
12942704
11162007
10855181
11162004
11162057
10864363
12055351
11160780
10884825
11074632
13022299
11122804
11160590
11160483
12945621
11160802
11160587
12996449
10842180
11856610
11160403
10856197
11160519
12653898
10960049
11160506
12827424
12058502
12648319
10870751
11160501
12942696
11160524
10863217
11160450
12058382
10660269
10660572
11027542
11160528
10822439
12230311
40562894
10659742
12648447
11160449
11280316
11645072
10843551
11155150
14169734
12945812
10842039
10844038
10843454
11279610
10843728
11160522
11160486
12537251
12820336
14896326
12537252
10424398
10821537
10660506
10660521
11262533
14907047
11534193
10862271
10842233
11991173
10864068
10847973
10847004
12393246
12059849
10843817
13533586
11500734
10855344
12709949
12042444
10843455
11170392
11154947
10656910
10885585
10504667
11500824
13050930
90127431
11160484
10843743
13043096
15395788
10660581
13043093
13043095
13043094
11316748
12533632
10844195
10822521
10822520
10822522
11308898
11160758
11160705
11609319
10864434
11160437
12359827
12820152
11161925
10864069
11262653
11154941
10863465
11160426
11545015
10422417
10496070
10656958
10496071
10496072
10496069
14368041
11155030
11160765
11160702
11155040
11160656
10494749
10847972
10874410
10656957
10496068
11262523
11160479
11160568
11160531
12820239
10844141
11735539
11160567
11499070
12055345
10422233
11160839
11645376
11539135
10822525
10873130
12566633
10861492
12059190
11160684
11154991
10822514
11135685
11135686
10863164
10502899
10423883
10844025
12945778
10843437
10509285
14169504
10509338
10422475
11160850
11324556
11155192
10423951
11154954
11155190
10502900
10423904
11160751
12533623
11500663
11500664
10422445
10841981
10421840
10421857
11280252
11034249
11645282
10423748
11112767
11111287
10422308
11033934
11112277
11160734
10885608
10422750
12820137
11100547
10423783
11160792
11500670
12533612
10424533
11160810
10841372
11111858
11160438
10422158
10960048
11160427
10422846
11160407
11160720
11543616
10423912
10843658
10842007
11154944
10422683
10422586
12403986
11160852
10422580
10424496
10423713
10842009
11160790
11109980
11109548
10421957
11645210
11110276
11110134
10422847
10422212
11160422
11160457
10960046
11111398
13284829
13484171
11160712
11112221
10424285
11160667
10423636
11869789
10841980
11154997
10842757
11500675
10422072
10423885
11114600
12998651
10423939
10842072
10822483
10949998
11112116
10422598
10656914
10844122
10410931
10960045
11160644
10422187
10421964
11082823
10424096
11160453
10422456
11111612
11160774
10423772
11114099
11160630
11154946
11152326
10430648
10968617
11160731
40398210
11033943
10423070
10423832
10423232
11111204
11543619
10660717
10660818
10660819
11160749
10423978
11500800
10423365
11110533
12820319
11146294
10419573
11113602
11645316
10423337
11111614
10842071
10421711
11154953
10422093
10423003
10884828
12653859
11160695
11160843
15621033
11280124
10423603
11160666
10423401
13341849
15371126
13534370
11280182
40212087
11160722
11176588
11259411
10423686
12960251
10421917
10422487
10421805
10422922
10503922
10422211
11481955
11160532
10423531
10861862
11279752
10423110
10424227
10422982
80405057
10862163
10422921
10410710
10422250
10424093
10421846
11160849
10421512
11280265
10411047
10844039
10410972
10422493
10424098
10422907
11543622
10422647
10498259
10498258
10498260
10422452
10498257
10417562
10422810
10422850
10978419
10978420
10881654
10507268
10858672
10884829
10507263
10507262
10423471
10884826
10422849
10881674
11160516
10881655
10881657
10881659
10864440
10507218
10507233
10507240
10843476
10507251
11443535
11154963
13009875
10978423
10978421
10858676
11543446
11500736
10881656
15374825
11160514
13040628
10421995
11314873
10978424
10422911
10422874
10881677
10954450
11543445
13009874
10421889
10422883
12913619
10421780
10978422
11500620
10421993
10424214
14446013
11160723
10422139
10424396
10881658
10422613
10498261
10660387
11154985
10423394
12056016
11160631
10864433
11160454
11160659
11022432
10423851
11280195
11160465
10422190
14365937
11856086
13042921
11390729
10430629
10422518
12056701
10422635
10858659
12055999
10423913
10430729
10430720
11160533
11160660
11499072
11499073
11499074
11356260
10422579
11332363
11500760
11848082
10424178
10861320
10861321
10422710
10858658
10424119
11160629
10467985
11543566
12566520
10390639
10469936
11478014
10858674
11235804
11155405
10858670
10858669
10858671
12042428
11931661
11160540
11160690
12056346
11645304
10424177
10424532
10424199
10423995
11117308
11160854
11316811
10424100
11160511
12147060
11316760
11316810
11316808
10507226
11160851
10423996
10424322
10423657
10424361
11160496
10424262
10424162
10424293
10422512
10422303
10422241
10422570
10507264
10456964
10432716
11160497
12376637
13024180
12648439
11279760
13042920
12738834
11160692
10424321
10843770
11160444
13243396
14364005
11160527
10423415
11316759
11160704
12404226
12945813
10421445
10421714
11180711
11154978
11856647
12056571
10863215
10864301
12058357
10224926
10094675
10777139
10387882
10226880
10226878
10226879
10864258
10224928
10693454
10687808
10535550
10811851
10747644
10754558
10803124
10470703
10471372
10387625
10094016
10756166
10031569
10297686
10712810
11193974
10784081
10059136
11681053
10226881
10226687
11185791
10421991
10524910
10410546
10795908
10227123
10059416
10224927
10058189
10058310
10387769
11185795
11185801
10226867
10058346
10059436
11185800
11185799
11185798
10534586
10058130
14879613
10094035
10059353
10422882
10684519
10778566
10695602
10094159
10094191
10094174
10225796
11445437
10094160
10777133
10667978
12544060
11185794
10667876
10094167
10094188
10709618
10411321
10227109
10669558
11170391
10387306
10778644
11185796
10387384
10421709
10225383
10532078
10421540
10421569
10227822
10058153
10386997
10224953
10059512
11821622
10058144
40551427
10423192
10059771
11500716
11152158
11152110
10471106
13809927
10411119
10411158
10795506
11221398
10033508
10721711
10534075
10688915
10227312
10093823
10500711
10421733
10534084
10386790
10421538
10227824
10227823
10319734
40304307
10387709
10471631
10461380
10764624
10387790
10444134
10093991
10387540
10059464
10093791
12594618
10033585
10225425
10387624
10225355
10058166
10470406
10387292
12955777
10226694
10058404
12955776
10227107
10530204
13444226
10759085
10228826
10456909
10529086
10225470
10058104
10724118
10534939
13056804
90120893
10755157
40038661
10728396
10689831
10706115
10265569
10388174
10031510
10093957
10728609
10533957
12056685
10471974
10696607
10737042
10058107
15225641
11160844
10226552
10791351
10538101
12955775
10058386
10759296
10058320
10528355
11444152
10226590
11155029
10694872
90119864
10225792
10387902
11026773
15553054
10387791
14211279
10814685
13774279
10224952
10422116
10785978
10685635
10783013
10225013
11160471
10387780
10387776
14169630
10094067
15293460
10228830
12223984
14143956
10457190
10058307
13504590
12055405
10387718
11160642
10750902
10265330
10227977
14446024
14515782
10386993
10422024
10531219
11155041
10735965
10817200
10226848
10812848
10802383
14363883
11203026
10225787
10422227
10387766
10094000
11279706
10058233
10529349
14149622
10537450
10388057
11446824
10387779
10696100
11185673
10422098
10805600
10422388
10422136
10386999
10540666
10717049
10422526
12820136
11744471
10386992
10388191
11185793
14211102
10530671
12827300
10745947
10809082
10225296
10713421
10387770
10264012
10225294
10527244
10713585
10422659
13764286
10422622
10386940
15043946
10087669
10443742
12058527
10087675
10737180
10093848
10529459
10856196
10809295
10387541
10813356
12056612
10527505
10225426
10410557
10225789
10443869
10422661
10386926
12994574
11160715
10536457
10796668
12056347
40362872
10526464
10387542
11155449
11160740
11202770
10456724
10443871
10530934
10031223
11201960
11646169
11160735
10423784
11908296
10527884
10422052
10457038
11201983
10387432
10387936
10757838
10457188
10387293
10456258
10457361
10390497
10456889
10390305
10031656
10390493
10390492
10456648
10390307
10390496
10390499
11170380
10265349
10410793
10457209
10387284
10390498
10457193
10457231
10457718
10390304
10456960
10390505
11856668
10225798
13022298
10387773
10752763
10225799
10387772
10387771
10227783
10456766
10386996
80407145
10456652
10456970
10390306
10422424
12945762
10456405
10390491
10456793
10461795
11500712
10457350
10390538
10390495
12648896
10528591
10390494
11445435
10264682
10386990
10530086
10532282
10388055
10297718
13977853
11160469
12272597
10531243
11201952
11203101
11160472
11202405
11203100
10430830
10430838
11160468
10387534
10422786
10422785
11373948
13781689
10387207
10387196
11745008
10386881
10411018
10430836
12404861
10422755
10386986
11348692
80401702
12648967
10226779
10387219
10226787
10388209
10225788
12055292
13473838
10226781
10461023
11160545
10461009
10225288
11893294
10387302
10387875
10387793
10533861
13047880
11160428
12648252
11500715
11500714
10263736
14592413
12537576
14592414
12156437
12537575
10430352
12827280
12827281
12648872
12533455
10387938
10443872
10225795
10387271
10536980
12537565
12649055
11645271
10421809
10387371
10388205
14592489
10422262
10386995
10063511
10226784
10387707
10443890
10297519
10387419
12533450
10388178
10297857
12820323
10387299
10387298
40551589
10387190
11500646
11690277
14538057
13452442
10424318
10529472
11155004
10387891
10387892
10226961
10387535
10387893
11646192
11160807
96070074
96070075
10387543
96070093
96070008
96070009
11785679
10444533
15293349
11500884
10386900
96070029
10298102
96070063
96070066
10444531
11343282
10457554
10422114
40377779
40469349
10297507
10536232
10387375
40469350
10387313
10387320
10387354
12059266
11151925
10682061
10430807
11856046
10387711
11500809
10470906
12533473
10410964
10387080
12403981
10410704
10387767
10228813
11908356
96070098
14148626
10387311
12058134
10265698
12735936
10422393
10266199
10444448
13462128
12533497
14211273
10387764
14211113
40321023
13037661
10264343
10265629
10226876
10226873
10226875
10226874
10387889
10062954
14364081
11645445
15393579
11461125
10456940
10226782
13302460
10430350
11161833
10430888
10265334
11203086
10541512
10226877
10226872
10264345
10265080
10387874
10387094
10032274
10423727
11856034
12059277
10386891
14238543
10263286
10227130
10387937
10525072
10087678
10535803
10423600
11499140
10087670
10387982
10387283
10387763
10387894
10087677
10087681
10473565
10387279
10087676
10388171
11500753
12827360
10387151
10444453
10387275
10387273
10387286
10386903
12729949
12570016
10087668
10387215
10225791
10387705
13293765
10226751
10422218
11543633
10443887
10265896
12403984
10087671
10443870
10530110
11840732
10226849
10226850
10226852
13182351
10423462
10387691
12272644
10529002
13337330
10529884
10842801
15523656
14205233
12056200
10540399
13534360
10387708
10530535
10387096
10265808
10387276
10265572
13182310
13416927
11161999
14158623
10387210
11821950
13452128
10387218
10226853
10390515
10087679
10421762
10297859
13293764
10423759
10387611
10087680
10387103
10387612
10226851
40551477
10265809
11160628
10387536
10443886
10087683
10297484
10421890
10422288
10501452
10387148
10387632
11743611
10225297
11856549
10524754
10297860
10534309
10387137
12404000
10423515
12648249
12403967
11991149
12738814
10444132
11645946
10387351
11492176
11998115
10387531
10387547
10423284
10422406
10422018
12820312
12531441
12827276
10457313
11444150
11316757
10226780
10388172
10422541
11645311
11645310
11645312
11072181
10388049
12165873
10422620
10430520
10430524
10423345
10421549
10387890
10423943
10387712
10422920
10423722
10388213
11160674
10226783
10297496
10862662
10263890
10386894
12404860
10387548
10387549
10443873
10423662
10386884
11446821
12058667
10421567
10386973
12146954
10388169
11417411
13977855
10297497
10297504
10228723
10388188
10387631
11154937
10422447
10228697
10228696
10228695
10387391
11500652
10388193
10417359
10387383
10387368
12827275
12827279
10387398
11160766
10387202
11294010
10265813
10536539
10387530
11160816
12058722
10387981
10387365
13306068
10388211
10263873
10387289
10388167
10387097
10297759
11160402
10387940
10387941
10422301
10265776
13022250
10387935
10387374
10387943
11828914
10387288
10387537
10387777
10265254
10297800
10387622
10529796
10387556
11743579
10421735
10540204
10421941
14363902
12648446
11203029
12735903
10423180
15259945
11479514
11758606
10525148
12058196
10387710
10387785
11743585
11743578
10387959
12820138
10387221
10390389
11867298
10225783
10387095
10528249
11148514
10225790
10823506
12042313
14213119
13182456
10386901
12055327
12058319
13504581
10387388
11646922
10387197
10387908
10387363
10390380
10387924
10387272
10388173
10390603
10387270
10539233
13306114
10387907
13444257
11167363
10297902
12648874
10387355
10387855
10387706
10386902
11072188
10423769
14340883
10387909
10387921
12648330
10387910
10387358
10387150
10508913
10443888
10508813
14213144
10387873
11545169
10533186
10387695
10419732
11830899
11856618
11908397
10387876
10387083
10386939
10856195
10423254
10387879
10297520
10527877
10443883
11785563
11497282
10410677
10387848
10387867
10297480
11279728
13043028
10422779
10470602
13284825
10387689
10387198
12056509
12042316
10387857
10423598
12533626
10457000
12735932
10387942
11155035
10387205
10423260
12055996
10388203
10527245
10387719
10387513
10422569
13977872
10390453
10390376
10457045
10390379
10430304
12149338
10387098
10422351
10387203
12059031
12647153
10423590
10422418
10390565
13022218
10387895
10387715
10443660
11717067
11160686
10457028
10423001
10387555
10424427
10264348
10390514
11544666
11544667
12738837
11544669
11544668
10456836
10456589
10390443
10386994
12223296
10422492
13455080
10386937
10390612
12042319
11160608
12848286
12569986
10388214
10387557
10387088
10457163
10387939
11500759
12055340
11645387
10387389
10297684
10457592
10387517
10265358
10468593
10387437
10265115
10423664
11397453
10410691
10467711
13449356
11451046
13455005
10297647
12404749
10422562
10387899
11160773
10387516
10457269
10456900
10387434
10387104
11122754
14158622
12404032
12594697
12799910
13449433
10422028
10297486
10390616
10456620
10387927
12594575
12042446
10387373
10387977
11743587
10264984
12945918
10387109
12759337
10388185
10387688
12540729
10387217
10387376
12042445
10472106
10387871
10387869
10387868
14340893
14340888
14340891
14340889
11544913
10387348
10424230
10410550
10387926
10409416
10430353
11735527
10430817
10422057
10409325
12739171
11154969
10423372
14340890
40365133
10264347
11201953
10387897
10387687
10421975
11830301
10421978
15395859
10387346
10421977
10422247
10421782
11160455
10856193
11545017
10387617
10387339
10387336
10387615
10387618
10422180
10387616
10387340
10421548
12058902
10457216
14597495
10470970
14365993
14364052
12401139
10387209
10387347
11501604
14368212
10387337
11155195
14597494
10387860
10387696
10390509
10387635
15371128
10387636
10387850
10387637
10387628
10387851
10387638
10387614
10387634
10421821
10422210
10422041
14368211
11160664
11642314
10421870
10387332
10387333
10443661
10422078
10387335
11099004
12042443
12735886
10387714
10387194
10265560
10421573
15393553
10387694
10387629
10387701
11461292
11148755
10387886
11544599
10422856
10410151
10387428
10430634
10387863
10390337
11500748
14368065
10390456
10422242
10422088
11500747
10387533
10387091
10387092
10387427
11160808
10421947
10422244
10421948
10443804
10390462
10356269
10421750
11500745
10430557
10390457
10423884
10387861
10387960
10387093
10387101
10387100
10411277
10669752
12056547
10422782
10387343
10387870
10387193
10387216
10387515
11113425
11931547
11645345
10419280
12827282
10422618
10920879
10387552
10387606
10387605
12226730
10387200
10457247
10411227
10423275
10410250
10387349
10387085
10387139
10424023
10471594
10863738
10387301
10410249
10387342
10387919
10864449
10411120
10423245
10410382
11155189
10419501
10423522
10843634
10387424
10387090
10387529
10387199
10387135
11356264
11160458
10390336
10424567
10457367
10422950
10387896
11500762
10387429
10387421
10457018
10387191
10421838
10410260
10387603
10423419
10387607
10390589
11160475
10410489
10387961
40551461
10387345
11491529
10443803
10410284
10456951
10387901
10387426
10456939
11154967
10421716
10422165
10456568
10387872
10410316
11478282
10422384
10387854
10456915
11856669
11743589
12535924
10468117
10387099
11154938
10960030
10390511
11161923
10424211
10456902
12945717
10387866
10423770
11830655
12056306
11160547
10390455
11160719
10422676
10456454
12056675
12215291
10410060
10422952
10423886
10422082
10506332
10390333
10390615
13620404
10422634
11160824
10422662
10411061
10456575
10424079
11294313
11160703
10423086
10390459
10423279
11152033
15395934
11160688
10387208
10387360
12059045
12058873
10390513
11160815
10423388
10423389
10422648
10303690
10387864
10387865
10424111
10829161
11027655
11160687
10390541
11167538
10423881
11160822
10457286
10456747
10457468
10454688
11645274
10390577
10990178
11501594
10471278
10471629
10423475
10456686
10390520
10390512
12166840
10390618
10348283
10423767
10390339
10390623
10457351
10457215
10455934
11645194
10423358
13022313
10422675
12058654
10423252
10456397
10456901
10387211
10390535
11150734
11155018
96112789
10422296
10424252
11185649
12042423
10390463
10354916
10390619
10390617
10457469
10457252
11160714
10457051
11160565
13448982
10390590
10422536
10390335
11160613
11154966
10390325
12533540
10390529
10457311
10457201
10423104
10423132
10423411
10423692
10423103
10507204
10423374
10457385
10456740
10457391
10456687
10456567
10825128
10978384
10422867
10457477
10864099
10507186
12388650
10864435
10843519
10422333
10423240
10864446
11152309
14170877
40301756
10456678
10456573
10423153
11160515
11500665
11160732
10422653
11160474
11160615
11155188
11028603
10424083
11160404
10390382
10457386
11908384
12056633
10423753
10390599
10390549
10456605
10390546
10390547
10390331
10390587
10457331
10390548
10457199
10471797
10423319
10423439
10456800
11160640
11154961
10457089
10390588
10456643
10390326
10456860
10390355
11160412
11160707
10843737
10454717
12056379
10456559
10390482
10423061
10457288
10390600
10423197
40302059
10424292
11160470
10390650
11645457
11155044
10421736
10422649
12042308
10390517
10422215
10470950
11160661
11160401
12736083
10423914
10390647
10457226
10423811
12877790
11155042
10390477
12508272
11969300
10390460
10390634
10390338
12288424
10390598
10456672
10423256
10457307
10390481
10456884
10390607
10456855
10390591
40363022
10423479
10423352
10424159
11262921
10423993
40212109
10390594
10225990
10387278
10387277
10387282
10102317
10226676
10387294
10226681
10387539
10388186
10094186
10725309
10943397
10787450
10387934
10225455
10058363
10226887
13308332
10297793
10059641
11314872
10311695
11499033
13347396
10677651
10264701
10228829
10778983
10813415
10422467
12600577
80408221
10528747
10421865
10423860
10509010
10063509
10501879
10503271
10794538
10760043
13021574
10746050
10265720
10740930
12877857
10059004
12288348
10059020
10059005
10471929
12648216
10058072
10058215
10527659
10059019
10387592
10726916
10719884
10787007
10760135
10803598
10721784
10770654
10776385
12227116
10790368
10532861
10778829
10297485
10740648
13452142
10225620
10058090
12590238
10541182
10460408
10058077
11500613
10532652
10058180
10059008
11500596
10059006
10059770
10684132
10093807
10691179
10226680
10387608
10093745
10226888
10266428
10386991
10681627
10539992
10264006
10059693
90120895
10709871
10536840
10780060
11500749
10443889
10537973
10540053
10761636
10533359
10530533
10058138
11189207
10528760
12653899
10058066
13459791
10726721
10793392
11499075
10227247
10225656
10058127
10225348
12034988
15371141
10228840
10541413
11500757
11500758
10530661
10058234
10456665
10780510
10058140
10059595
10802871
10725613
10225995
10497070
10058154
10058172
10806254
12820211
10538898
12820325
10094030
10540574
10422120
10764394
10265574
10059537
10094022
80407149
10093802
10058176
13891612
10525246
13013244
10225138
10225026
10785972
13891637
10225134
10225136
10093799
12288197
10783940
12090145
10531233
10227917
10785723
10226697
10058121
12594620
10059090
10093811
13977854
10530668
10715546
10058076
10227235
10225467
12619058
10265494
11160502
12619059
10741161
10749756
10541302
10793168
10059189
10538418
10753109
10058247
10706555
10781059
10093759
10386720
10713603
10796652
10802185
10266052
10756236
10444393
10740360
10783108
10058049
12827260
10707862
13908415
10225311
10796251
10757647
10093825
10726731
10684152
10225793
10225991
10226679
10811131
40314463
10058232
10227217
10226962
10387789
10737861
10726453
10225797
10227234
10443961
10059530
10746651
10786937
10059720
10093758
10501522
10815662
10059356
10686335
10386797
10841977
10525689
10791668
13504586
10093900
12648270
10031558
10225662
13092717
10749778
10093894
10093855
10058313
10529008
12820212
10093803
10795331
10526689
12058210
10507014
10319341
10059381
10228342
10539305
10388190
10739201
10059167
10718179
10094171
10093926
10225782
10739469
10698432
13891639
10541381
10526923
13891549
10387143
11800336
10766197
10225149
10093786
10093789
10093788
10226985
10227550
10532343
10502860
10387149
10530456
10093733
10093828
10094131
10225076
10093787
10093790
10785813
10225437
10978412
10058266
90127743
90127746
90127744
13891580
13891619
11196506
11446891
10093990
15306858
10538550
10226661
10058081
10058082
10226963
10386796
10093836
12059172
10093959
10058084
10058083
10225137
10225648
10817417
10387880
10387297
10688895
10696738
10790665
15371030
10160971
10751366
10058339
10227148
10226890
10031619
10225429
10799704
10059171
10226923
10226678
10782030
10226074
10225664
11175386
13891555
10708772
13214199
10227916
10789073
10226631
11500553
11499133
11500552
11500615
10226960
10225649
10094019
11499134
11499141
10711348
11500614
11499142
10226882
11499192
10226200
10422670
10228225
10800114
10787481
10226943
10713431
10225594
10387720
11500590
12147082
10226935
10058338
10094069
10226207
10227918
10094209
11242579
10226959
10228358
10093796
10534489
10225028
10226217
10786621
10227895
10539820
11500750
10228704
10263597
10808808
10744074
10059651
10388204
10226967
10263721
10297475
10226925
10059488
10094168
10791229
10226686
10225155
10225650
10094181
10226870
10059549
10792091
10059777
10059581
10059664
10059600
10059562
13392041
10297452
40551467
10444564
10031618
10709086
10226666
10423239
10225640
10228230
10808274
10809357
14384494
10297708
10225436
10094040
10674898
10880398
10226936
10761568
10461873
13390561
10788468
10804757
10094205
10225424
10094046
10225804
10094203
10094198
10226871
10788485
10093756
10093970
11500877
10058204
10225000
10527578
10758494
11544552
10502738
10460626
10226695
10226648
12508352
40562880
10227021
10424249
40551466
14170848
10792212
10031639
10525652
10772968
12215293
10094094
10058406
10093909
10226231
10228614
10817338
10297515
10779181
10779334
10527360
10795817
10227627
10726776
10228227
10102316
10748605
10753343
10537907
10094002
10795555
10943252
10093819
11499061
10058939
10094202
10031647
10059272
10387881
10225154
10226663
10225653
14456115
10059478
40212082
40365505
40363072
10094743
10059200
10059749
10460610
10226461
10225651
12215241
10227767
10265725
10263855
12058353
10758134
10031648
10094063
10799900
10687481
13785298
10265544
10226930
10226647
10094047
12059138
10059479
10785370
10226224
40304292
10297906
10031506
10788127
10226566
10720734
10059404
80408216
13462127
10226937
10226932
15371014
10755226
11500880
10226899
13884787
10059190
10226897
11500495
10265252
10031616
10227315
10795796
10227953
10059249
10759772
10264709
80408217
10806481
10805936
10811180
10786733
10715463
10058351
10093905
10531994
10226656
10387835
10297748
10228834
10093844
10388176
10226130
13174282
10226223
10798540
10796430
10226655
10779064
12548305
10093843
10795877
10782924
10226891
10059634
10226884
10227158
10093842
10776087
10816934
10094166
10411338
10226654
10058389
14211223
10093872
10790491
10709904
10498558
10297732
10228491
10713014
10226228
10422951
11500671
10700447
11501060
10058286
10457213
10808186
10734536
10457308
10456948
10390408
10264992
10781671
10541243
10798712
10762623
10059009
10532770
10225071
10031480
10225652
10808616
10093951
11072189
10790771
10531088
10817710
10059574
10526327
10456270
10456681
10732006
10059723
10390315
10390403
10535744
10297661
10771863
10390406
10457676
10226645
10785417
11203028
10457149
10225817
10390405
10528592
10094208
10387786
10536644
10226212
10707585
10226941
10226883
10226651
10225658
11202019
10226004
10321102
10388114
10816293
10732663
10388112
10227817
10387787
10387788
10225997
10776604
10811749
10688341
10710373
10226204
10536810
10225999
14102012
10228100
10227409
10059753
10780927
12820199
10225763
10163918
10225998
10226917
10694326
40329802
10792966
40304247
10263875
10226915
10319185
10298043
10265755
10297887
10304177
10226894
10225666
10304907
10226892
10226895
10226893
10226901
10227279
10321020
10754080
10031561
10297687
10390321
10227447
10226929
10386988
10093737
10777277
10265259
10227316
10228710
10265338
10528711
10031615
10297646
10265074
10718178
10508911
10297841
10387417
10297756
11500846
10297846
10265495
10226564
40365134
10265695
10225665
11150343
10791812
10035793
15552973
10265964
10443780
10526405
10227819
10265136
10731034
10797434
10710195
10800797
11500827
10297710
10226665
10726654
10093757
10461048
10059289
10793488
10228522
11175385
10227018
10719664
10226934
10093950
10226847
10731283
10265775
10814542
10226210
12055347
10718509
10297464
10264501
10689151
10227765
10682155
10058290
10782026
10264988
10734010
10800031
11544671
10094173
10094172
10227020
10265141
11500496
10297767
10769392
10059032
10693275
10775526
10509012
10227818
10729562
10225466
10264896
10792994
10227766
10226462
10093895
10264513
10226919
10532499
13448978
10531972
12042441
10461461
10297737
10226652
10264975
10746423
10767459
10795613
10227298
10719606
10735120
10794805
10059377
10297671
10226843
10226844
10767557
10387524
10802306
10093986
10226845
12156570
10422929
10795219
10423370
10527677
10723328
10226653
10226662
10263609
10801229
10759283
10263995
10265782
10767240
10811057
10033587
10297488
10093869
10265603
11543952
10813200
10692259
10087684
10226986
10059291
10297489
10226918
10449435
13387239
10265573
10740489
10775571
10297524
10799528
10297626
11444816
40308423
11500666
11175445
10225802
10094033
10226958
10265713
10093989
10225801
10297526
10093850
10093981
10093956
10297506
10093985
12498954
10781413
10094130
10792680
10728963
11175304
10802147
10707724
10699841
10227017
10094010
10297689
10225659
10226933
10226668
10226667
11694950
10804964
10421961
10421543
10297470
10800089
10228810
10796824
12498952
12498953
10265606
10094180
11543672
10297514
10265748
40551553
40314460
10387806
11170386
40551468
10388164
10388158
10388162
10388166
11170462
10297462
40551522
10297461
11249128
10031471
10031597
10678639
10265932
12404076
10265475
10264888
11543951
11138534
10160995
10265694
10031485
10298115
10689542
10265611
10297704
10031603
13098828
10736433
10423392
10654575
10808214
10812915
12565994
12096168
10297636
10800748
10227319
10265892
10265811
10714231
10265777
10297635
12497428
10265067
10265337
10297643
10297513
10263877
10264339
10297858
10297827
10265753
10704733
10743247
10226649
10297495
14170849
12753108
10802000
10813712
10297517
10031540
10102315
10533481
10734585
10264051
10298105
10297879
12055998
10693396
10297664
10747282
14211126
14211150
10751505
10264802
12591878
10461913
10769941
10297510
10461851
10461861
10263994
10780933
10297521
12055682
10787354
10226202
10093852
10798985
10778540
10757725
10689369
10698695
10735671
10265618
10263878
10031661
14364078
10228221
10298087
10750232
10706874
14364008
10710217
10265582
10297511
10813994
10265614
11203027
10444396
10226646
10094119
13355766
13355765
10430467
10722185
10702264
10297512
10297494
10443782
10786892
10387950
11500493
10742686
10265557
14153129
11175451
10226009
10297638
14153154
10093966
10799501
10297527
10265789
10023584
13337438
10265819
10745708
10714707
12055336
10423861
10806951
11175301
10811490
10265143
10297690
10430250
10430251
12508288
10457005
10430249
10786540
10806602
10799778
10297783
10059722
10263605
12945696
10789394
10792119
10265692
10297505
11280338
10265578
10265787
10265781
10059122
10264980
10319146
10756223
10422560
10797583
12752884
10741847
10715179
10786476
10978348
10801031
10031612
10226002
12103957
10265482
12648818
10698980
10751555
10715060
10754363
10814807
10796827
10862727
10423880
10697540
10735512
10093746
11814413
10265476
10799839
10728614
10297811
10424067
11543430
10718516
10059625
10692383
12059195
10265815
10226889
10093835
10813153
10297535
10226866
10790467
10795459
10775403
10747101
10806706
10809116
12055348
10265146
90120201
10763507
10729941
10786526
10093944
10227866
12648956
10031617
11450419
10772525
10297716
14211270
10297771
11175387
10813587
10160974
10785043
10264505
10265963
10781341
11310611
10690092
13150445
13174645
10808758
10264510
10813673
10226920
10814171
10297733
10093910
10297707
13448983
10265537
10809391
10264509
10093904
10978383
10264503
10815289
10729164
12648691
10817264
10264504
10696833
10387948
10264506
10264507
10298414
10738355
10264508
10163916
10062997
10798761
11500717
10738880
10788602
10724468
10093724
10263607
10710727
10226854
10444186
12945771
10311767
11544281
10265229
13218332
10771137
10717231
12056050
12056520
10264974
14213128
10736330
11500893
10059599
10771461
10739165
10297641
10749818
10775106
10094062
10387503
11384319
11384317
10422608
11818387
12003628
10387805
10678225
10813339
10297746
10032483
10814082
10771345
11543574
10773906
10709546
10816453
10773171
10760641
10816639
10058170
10794370
10387507
10387781
10720018
15371018
10710277
10526918
10265594
80408220
11170402
10740831
10226075
80412028
10387519
10226163
10726641
10802313
11544662
10807572
11237701
10704387
11544118
10762184
10094182
10796061
10494937
10297829
10788626
10686087
10387522
10765604
10305282
11281370
10796049
10094133
10680459
10681770
10808313
10265331
80407144
10265952
10786333
80407152
10297680
15696057
10528920
15637884
10766893
10226230
10781998
10265854
10718796
10783675
10784026
10297645
10696664
10297465
10781737
15635987
10297534
13337239
10815567
13056802
10797155
12404995
11122722
10685833
10812578
10264987
12820337
10228229
10265601
11446931
10816521
10059732
10809384
10805484
10297843
11543589
10265917
11814414
10764091
10387525
12056691
10457047
10265919
11280296
10102314
10387505
10387321
10870213
12080233
10787431
10297623
10031563
11544663
10265598
10226660
10817468
12820158
11545014
10772253
10094583
10532976
10225480
10654822
10297633
10265721
11500705
11196485
10421683
10264195
10444529
10654810
10297509
11743469
11280278
14198853
10696687
10687921
10538692
11859275
10757293
10297478
13005650
10263289
10525759
10787355
15552474
10059251
10801438
10304774
10387813
10769894
10263610
11175384
10265918
10263613
10387329
10718232
10265561
10752014
10695390
10461439
10758208
10421801
10265742
14158648
11054358
10706166
12944103
10265559
10703057
10780648
10387965
10387956
10265610
10094582
10811731
10501448
10387951
10539811
11054359
90120391
10264967
10762596
10792003
11016872
11500820
10443669
10264977
10799867
10422490
10422169
10422222
10752898
10719913
10264702
14652091
10387969
10709141
10387778
10031578
10031507
13459915
10790643
15218644
10709250
10736796
10031954
10731718
10226296
10023915
10263615
12130524
10031657
10265587
11543613
10386907
40362849
11646203
10461537
10805753
10809660
10265793
10226222
10813190
10265623
12299633
10094087
10803908
10443959
10806586
10793331
10797557
10769612
10297483
10809316
10031509
10783480
10226315
12055530
10265620
10387955
10265329
10787004
12734630
11500881
10758593
10443771
10541169
10654574
10387812
12056126
10264013
11002653
10031601
10297634
11543597
10297681
10654788
10736174
10700014
12042432
12055554
10387331
10263614
10795601
10769444
13002266
14169754
11002655
10708477
10654449
13484168
10758124
12042378
11002654
12758618
10681054
14364089
11002656
12404743
10265943
10226984
10540522
10797252
10462255
10754885
11002643
10763770
10723344
12042431
10790897
10058257
10699026
10058280
10387528
10816537
10226939
10705030
11545013
11189203
10227055
10697889
10031538
10817569
13098827
10265075
10094465
10775534
10693583
12404889
10094438
10681191
13022161
11646210
10160999
11544665
10297685
11646208
10387538
10422770
10788737
10803055
10707358
10225438
10506298
10297468
11646156
10265709
10265613
10094140
12996483
10265076
10058220
10387322
10801138
10774766
12595983
10297532
10809729
10387511
10423588
11196509
10297851
10265909
10678019
10735114
12998540
10791680
10526064
10093861
10387968
10711956
10696291
10265965
10093913
10265414
10094051
10227771
10443788
11500678
10058065
10734960
10801075
12820256
10803109
10785349
10263611
10686619
10094420
11175443
10264491
10443947
10802612
10776887
10816224
11201996
12511947
13092709
10785881
10263608
10265696
10386909
11646201
10538096
11167410
10802486
10791941
10058168
10768510
11310612
10783732
10226298
10423181
10058171
10787049
12820220
10786360
10782048
10528513
10387970
10781819
10691890
10387972
14195957
10387798
10031611
10226331
12103946
10802072
10775203
10265539
10058128
10265577
10809205
11310613
10227473
10444240
10710274
10225449
15371118
10226311
10530147
10677701
10387247
10538765
10094008
10059387
10387327
10746891
10743122
10226611
10692330
10443979
10059741
10461427
10225141
10789269
80410221
80410222
80410223
80410224
10227169
10796178
10058060
10093798
13335980
10732843
10723941
10265788
10228845
10058431
10058432
10423288
10767490
10228027
13459927
10532342
10265332
10265865
12055305
10093841
13335981
10541684
10058306
10793595
10265779
10058169
10023574
10058423
10497489
10059135
10226018
10699495
10226019
10226020
10160996
10265891
10094049
10265914
10226621
10731102
10058358
10779055
10226316
10682025
10226628
10797563
10812928
15552892
11500752
10708593
10531301
10227238
10387814
10228707
10227964
10264497
10031560
10058219
10297762
10461601
10227387
10797641
15552893
10461919
10460961
11545511
12058528
11175444
10297621
10728489
10023570
15552562
10784985
10443779
10102313
10387783
10807462
10527784
10225973
10094197
10443954
10443964
10443972
10461214
10226863
10094214
11831782
10031598
10226323
10031571
10692988
10225152
11500791
10387316
10797088
10695942
12378506
11500882
10031541
11543569
13060016
10059252
10443765
10227763
10727069
10225773
12499312
10787261
10265083
10226318
10031622
10093887
10799782
10228818
10059158
10058425
10775062
10736339
14367975
11280387
10058388
10752299
10058426
10226362
12524463
10720325
10228866
11728488
10093969
13257796
10763518
10782492
10058165
10689524
10771163
10792529
10714358
10058977
10225468
10058155
10058116
10795295
10226355
11646200
10058561
10727685
10058419
10059463
10796207
10226593
10687675
10814275
10058289
10058059
10797576
10525747
40323404
10227023
10540323
10031575
10691704
10228811
10698068
10058161
10774106
10771914
10225727
10691912
10228733
10228501
10265291
10729915
10297980
10770445
10226294
10733527
10792031
10094032
10265812
14648958
11196510
10226322
10226350
10059571
10058267
12272600
10443971
10058445
10773440
10444562
10058068
10708673
10717690
10059782
10094031
10094034
10728776
10226677
10423647
10423814
10781735
10226938
10031620
10918005
10746753
10680797
11154993
10031488
10265081
10058430
10058437
10749681
10094036
10226320
11175309
10225968
10264959
10226346
10765109
10800153
10783997
10525336
10471346
10770177
10058395
10226618
10789998
10226627
10059198
10033150
12058933
10726305
10771135
10710525
10094332
10387952
10226603
10540789
10226455
10228715
10817557
10033571
10225151
10760539
10058422
40362850
10059124
10461963
10225726
10698654
10736026
10802302
10804856
10031623
10094165
11314858
10800510
10264703
10764862
11856743
10093902
10443698
10226970
10226496
10388220
10226577
10093849
10226578
10395136
10443932
10093853
10094057
10774560
10684467
10059648
13781954
10815058
10059721
10059266
10740675
10265084
10297481
12055293
10732655
10816433
10094029
10031577
10386911
11822138
10525617
10813600
12944110
10226293
10265085
10726251
13781953
10059105
10723987
10265818
90125972
10265966
10265967
10094148
10739490
10265752
10386905
10540107
11499045
10093846
10265088
10498550
10226291
10093832
10031487
10798399
10059398
12334121
10817374
10701001
10799032
10816697
10160972
10058362
10703993
10509023
10422224
10730522
10225724
10678016
10787530
13009970
10735387
10094641
10762789
10031562
10798673
10093874
14211205
12059196
10494778
10227489
10059470
10226945
10803374
10794132
10494777
10695228
11821821
13891541
10703784
10730646
10226360
10782146
10094450
10771267
10226302
13507317
10787803
13040468
10226319
11821968
10808773
10779826
10058120
11185678
10225654
10059417
10059031
10059579
12055470
10501083
11196460
10761518
10031655
10058063
10297644
40304262
10031587
13418626
10031517
13484170
10226115
10226279
11500494
10532600
13024151
10226827
11500690
10742687
10741062
10540680
11563105
10814645
11821654
10265549
10756290
10702889
10795604
10227792
10226340
10227403
10387815
10031478
10031554
10225811
10739669
11543595
10725038
10805230
10058273
14367958
12128941
13473306
10225432
10087672
80406836
10228523
10814181
40212081
10224999
10264995
10743023
10443784
10225813
10265765
10094213
10226273
11646207
10058142
10058937
10058106
13056828
13056832
10387285
10228736
10386910
10718939
10762157
10228154
10800930
12055294
10297751
10226357
15552556
10226175
10531719
10031479
10529714
13056829
11719351
10226233
10540179
13056830
10753529
10527499
13056827
10226644
10058086
10058087
10297487
10227892
10226633
13056831
10528481
10794032
10788229
10226167
10031498
10226095
10265654
10297817
10683490
80408219
10387946
10225144
10677793
80406831
10059396
10266375
10227245
10525861
15371129
10810408
10226463
14169657
10387315
10723599
10265066
11822139
11822175
11822173
10031584
10759674
10786727
10760913
10530125
10532031
10093810
10730880
10059052
10225676
10538062
12059200
11646164
10712089
10782416
10226772
10805035
10741560
10059375
10094139
10763135
13243395
10766593
10225018
10688321
10443772
10681199
10093982
10094170
10813100
10443940
11256649
12011147
12011149
10457099
10094464
10770672
10226112
10772284
10782435
10031636
10225808
10093833
11170290
10227713
10799310
10228752
14170850
10031629
10226765
10528177
10225729
10695251
10226632
11758602
10769255
12056680
10031495
10811319
10725217
10723169
11821994
10225328
10226608
10681573
10226774
13381095
10264335
10102312
12682535
10058353
10031477
10226359
10228064
10264511
10792718
10738508
12404684
10701547
10059160
13381096
10775854
12055952
13021611
10226955
10702888
10783544
10226607
13574029
10387598
10058318
10059513
10094001
10705827
10031472
10033102
10785787
10058261
13269079
10059391
10093867
10690285
10225710
10739447
10782753
10800868
10058244
10691333
10094018
11500799
10226983
10226054
10798491
10093865
10058119
10093814
11155196
10736303
10059358
10265406
10059397
10094200
10265416
10817435
13647256
15552563
10226153
10059638
10228836
10059392
10443702
13456851
10506914
15552894
10699298
10059738
10228701
10265403
10265385
10265402
10265383
10265446
10265464
10265448
10265413
10265384
10265387
10265456
10265433
10265463
10265423
10265442
10265421
14223581
10265399
10265407
10265460
10265393
10265424
10265401
10265429
10265427
10265455
10265405
10265437
10265412
10265439
10265388
10265400
10265444
10265422
10265404
10265459
10265434
10265461
10265449
10265408
10265457
10265452
10265453
10265397
10265425
10265417
10704238
10443980
10265411
10265392
10265430
10265426
10265451
10265447
10265390
10265450
12595285
10265438
10265431
10265458
10265391
10265386
10265428
10265398
10265443
10265454
10227383
10265441
10265389
10265462
10265410
10265445
10265440
10265409
10265418
10748141
10265432
10224957
10226310
10540164
10817025
10792797
10058852
10814805
10698617
10530581
10297490
10034448
10094748
10808575
10228284
10226770
10093784
10031606
10265589
10058311
10094101
10804761
10093897
10777446
10225430
10093785
13222803
10461708
11150279
10265073
11310357
10093817
10093980
10058050
10227599
12508320
10810469
10228714
10763913
10794886
10297729
10791937
10812701
10792546
10225482
10794175
10710011
10387797
10224969
10812070
10224978
10224976
10224977
10225823
10226309
10228483
10723081
10094757
10023552
10809953
10093888
10228549
10764039
10226981
10226443
10686891
13021573
11175447
10226896
10737472
10058091
10725156
10058241
10461607
10226139
10093968
10031545
10813174
10226604
10531595
10031547
10031489
10297525
10702746
10798288
10058344
10526387
10533443
10059765
10225075
11500659
10093952
10093859
12500078
10964494
10225723
10226179
10094091
10225805
12334124
10713214
10225088
10694196
10265738
13542658
10810702
10094749
10699589
10760592
10224925
10785452
10094141
10031511
10094128
10226637
10225248
10225256
10058298
10058281
12056127
10226636
10226745
10226696
10225803
10225979
10094146
10031513
10031512
10093805
10226168
10226583
10711578
10059369
10724964
10228456
10761834
10815811
10387809
10225236
10094211
10536951
12736008
10526173
10725971
10793376
10227382
10531528
10226948
10059672
10093783
10226966
10767249
10265807
13394656
11231753
10226635
11244854
10058177
10059086
10226247
10094447
10226807
10227821
13056793
13542652
10387334
10226412
10226775
10706822
10226944
10222271
10793028
10766800
40362909
80411105
80411106
80411107
80411108
10227604
12055893
10265664
10226638
10228476
10031579
10807131
10094531
10093831
10530498
10058401
10297814
10265588
10059727
10265740
10799515
10226180
10424130
10227755
10688534
10225822
10443948
10808880
10265739
10772533
10093928
10701352
10227010
10059293
10297861
10759631
10265743
10265744
10265746
10265747
10265799
10527086
10748898
10226391
10749794
12752887
10059728
10537407
10059065
10722861
10226658
10093760
10529271
10226494
11162008
10536266
10227701
10297805
10031625
10031626
10094644
10059384
10443768
10226324
10809738
10734560
10709319
10059181
10444028
10807977
10527370
10059657
10772546
13284844
11316142
10094546
10226946
10059553
10058088
11500739
10533409
10227052
10058840
10059112
10058352
10093770
13056747
10058095
10225067
13055350
10093860
10227139
10797837
10303853
11500742
10226840
10265821
10225872
10225473
10226861
10812192
12552900
11500672
10225974
10265069
11646165
10799471
10724717
10225464
40551590
10677723
14650702
10265708
10224951
10228162
10094222
10225834
10094061
10537659
10265731
10780644
10263728
10461676
10058992
10226862
11646171
10228175
10227871
10803878
10225688
10094117
10225361
10707324
10058654
10264241
12405178
10226282
10387750
10387721
10031583
10297697
10227602
10226857
10228552
10225584
10226304
10264001
10059185
10225865
10530653
10058285
10754342
10059670
11499138
10226591
10228082
10224981
10161000
10265728
10059206
10677694
10733462
10058910
10031600
10226912
11646198
12288235
10059403
10297818
10228492
10227015
11155130
13540105
90120892
10226404
10265633
10528712
10059539
12552899
10461716
10225128
10093755
11500770
11160571
10058103
10093700
10228771
10297474
10058737
10532380
10058768
10225647
10789347
11500744
10537239
10772970
10226605
10225100
10059178
10225876
10226859
10058192
10297776
10297775
10226156
10537828
10228506
12752661
10297773
10297766
10297768
10297765
10224955
10094747
10226921
10388040
13007935
10387224
40333164
10539668
11500769
10225713
10059159
10058164
10058467
11500783
10533226
10265348
10265722
10687867
11500928
10266547
10058329
10228649
11500887
11646199
12405181
13456925
10058491
10529046
10265934
10059605
10794916
10058074
12405179
90127690
12405180
10265723
10536747
10297856
10388039
12955784
11646172
11189187
10700605
10461616
10807596
10298343
10059462
10227540
11501647
10264281
10265322
10264942
10264306
10730117
14903806
13052282
10264940
10264933
10264317
10264290
10265324
10264288
10264282
12682534
14903804
10093775
10531613
10264935
10264287
10264301
10264279
10264312
10508994
10264305
10444090
10265318
10264316
10264939
10264943
10264313
10264300
10059751
10058642
10093880
10768988
10265314
10265319
10264936
10264293
10264926
10265315
10264928
10265320
10264297
10265325
15005678
10059476
10058403
10264280
10264303
10264298
10264934
10265328
10264929
10264299
10264302
10264278
10265317
10264295
10228321
10264309
10264283
10264937
10264284
10265323
10265327
10264292
10264938
10264285
10265321
10265326
10227676
10264315
10093877
12682532
10265313
10264296
10264310
10264291
10264311
10264314
10264289
10265735
11500741
12682536
10264308
10265316
10264294
14903805
12682533
10264930
10499283
10264931
10264286
10264925
10264304
10264927
10264932
14903807
14903808
10058783
10226503
10031593
10535732
10059733
10387225
10387228
14367938
10387227
10093797
10265750
10059768
10225829
10226842
10225857
10059104
13494368
11500713
10533283
10226013
10059268
10059542
10093767
10094227
10227956
10743143
10443836
10226690
12944099
10807401
10094199
10681509
10803936
11155197
10297770
10526916
11500814
10738547
10526687
11501637
10815647
12228399
10297458
14211065
10708938
10058214
10226154
10226587
10224937
10225271
10226762
10297836
10297516
10020929
11175414
13284831
10059498
10227324
10058325
10387829
10226617
10810812
10387831
10225126
10225025
11500645
10735702
10058327
10059745
10058221
10811065
10811480
10443705
10225595
11170160
10228515
10227458
10228315
10227457
40327994
10804117
10058991
10720689
10226158
10749260
10265921
10225980
10225369
12875552
10058613
10059134
10225356
10226551
10058709
11500766
10058265
10093727
10265711
10225585
10712603
11500699
10093829
11500694
10058243
10226314
11500888
12055518
10813929
10783539
13052199
10770879
14640475
10297501
10265506
10226393
10093925
10799319
10538298
10535204
10683366
10058274
10535244
10225890
10682912
10228038
10725557
12056546
14956903
11500738
10750900
10745240
10808235
10094335
12566022
10318314
10225873
10712211
10093764
10058397
10530698
11167539
10703203
10225871
10225996
10739140
10225359
13992240
10748632
13774474
11447370
10226195
10688737
10531612
10094392
10387753
10225919
10387760
10058355
10226626
10227640
10265607
10058330
11500641
13336002
14172426
13622008
12735944
11500706
11155014
10058380
10790524
10058302
10226288
11155131
10297482
10535429
10796031
10226505
13098934
11262531
10226586
10265534
10533977
10094052
10031652
10093838
10226620
10793257
10499226
10529218
10430462
10386757
13389445
10537022
10386767
10386756
10386780
10386744
10386783
10528911
10265829
14172804
10525644
10386764
10386753
10386749
10386759
10386752
10386768
10386748
10386743
10386773
12058890
10787780
10265834
10227237
10386755
10386765
13389460
13389461
13389479
10539255
10386763
13389486
10386784
14172805
10265830
10386788
13389561
13389562
13389563
13389564
10526038
10093911
10386778
10786049
10811045
10386769
10386771
10386775
11499136
10265837
10978411
10386774
10386786
10386745
10386787
10265831
11234792
10058729
10227236
10386750
10386760
10386782
13389565
10224948
10265833
14172790
10265828
10386751
10386770
13389482
12059212
10265836
10265832
10386777
10386776
14172796
13052238
10796426
10386785
10386746
10386766
10386781
10386779
10386772
10386762
10386758
10386761
14172794
14172807
14172791
14172806
10536273
10444080
10058126
11170379
10735726
10460860
10094734
10225038
10534475
10538591
14172792
14172793
40363363
10386740
10094123
10094151
14172795
10228835
10799833
10225143
10525340
11242655
10729288
10527613
40562901
13447533
10789992
10298300
12944108
10762221
10093735
10225381
10763443
10498098
10754242
10537355
10225379
10226523
10529808
10265508
10226518
90120896
10506428
11045951
11047050
11046631
11046632
11046322
12509261
12509260
12509262
10747060
40362891
10227195
10058381
10682711
10265925
10225810
10226856
10680539
10058634
10533452
10226488
13280362
10795621
10766020
10225677
14650558
10225017
10227402
10224980
10264994
13266495
10059635
10978410
10227994
10058629
10387156
10225839
14198005
10693355
10387761
10812944
10225913
10093822
10812759
10533627
10224964
10297869
10094058
10225484
10225845
10058421
10031564
10531741
10225462
10228525
10225421
10059029
10093917
10694680
10094122
10772321
10526303
10226337
10058770
10388041
10977255
10059521
10525803
10265691
10265596
10531861
11189247
10424103
10226969
10227711
10094015
10226165
10226490
10094152
11404145
10224960
10228803
10058255
10525926
12735915
10758206
10804820
10063003
11646935
10766334
14172798
11646938
11646946
11646937
11646945
11646940
11646944
11501635
11519546
10226692
10227120
10766029
10224998
10094038
10816104
10225332
10094536
10020930
12042355
10540121
10058876
10528398
10508980
10773972
10225440
10731794
10809100
10094003
10807232
10264985
10094072
10031589
10820439
10058115
10059531
10226012
10744027
10387409
10058150
10225419
10225325
10094096
14648858
10225884
10227862
10264879
10226980
10264886
14146111
10264892
10539914
10058400
10264887
12735921
10526929
10785859
10263879
13048737
10031659
10225862
10224975
10225477
10225142
10059125
10225146
10528153
10772549
10059603
10387502
10226682
10059526
10093899
10387498
10805347
10781595
10527398
10789077
10682165
10814588
10752907
10709418
10443699
10387470
10690227
11500647
10031438
10790159
15641259
10059626
10058894
10387500
10460381
80401823
10387501
10093988
10387497
10387473
10094376
10059254
10225694
10225479
10226118
10094185
10265586
10093931
10225329
10225842
10094009
10534343
10536042
10225875
10093858
10228290
13883803
11149921
13540102
10225858
14365945
11500785
13599930
10093875
10058739
10228820
10058984
10093883
10058222
10681073
10799100
10058841
10711077
10227702
10524897
10058334
10093908
12056007
10031493
10264052
10058094
10697466
10059368
10225831
10297907
10228849
10225944
11563612
10226610
10264057
10031516
10031576
10526996
10224956
10796817
10227860
10225712
14649916
12059398
12947577
14504777
10225506
10787324
10093837
10530061
12947578
10723308
10816131
12508276
10387154
10265087
10509005
10094183
10265766
11152127
10744830
11818457
10532296
10227179
10226232
10031550
10263849
10031653
10093812
10093728
11499139
10265749
10794657
10297624
10263863
10263847
10388045
10725985
10461235
10792909
10727499
10801963
10058331
10788892
10682476
10528405
11185650
10540969
10508989
11500660
10263852
10531159
10093907
10749799
10463118
11500765
10537806
10093978
13022257
10227287
10265483
10805894
10717035
10263848
10031590
10031650
10225993
10031553
11500698
10226244
10094676
10782580
10058409
10226522
11500743
13271908
10225878
10794861
10058429
10058101
10809997
10093930
10031548
10059624
10094153
10094084
10227196
10093725
10705382
10094150
10031580
10538566
40304277
10264801
12820154
10226169
10722753
10701183
10809208
10226585
10226003
10224954
10226507
10265605
10094060
10226495
10265894
10225867
10226284
10228725
10387168
10058314
10058905
10058299
10094135
10226038
14061545
10227311
10748132
11558076
10031502
10058312
11543865
10093929
10226746
10058113
10765032
10058315
10226664
12059291
10059506
10746117
10539429
13202855
10059085
11500702
10058305
10226491
10058089
10297874
10784882
10059123
10813336
10033138
10102310
14221851
14367930
10692379
10228844
10809580
10387827
10766718
10744616
10693724
10225478
12056137
10059017
10450144
10094144
10059639
10058416
10540148
10726068
40551616
11124920
10058414
10264999
10058053
10226612
10461597
12528965
10762731
11500767
10265773
10265824
10227241
10059022
10059059
10265228
10265825
10265823
10678030
10684739
10226512
10527196
10265845
14368000
10720152
10802939
10265826
12042317
10738801
10265827
10228537
10717622
10537962
10792612
10226659
10773357
10093958
11500700
10031494
10031473
10224934
10058987
10227299
10059399
10093879
10226395
10034254
10265822
10225977
10226953
10031482
10532261
10801158
10034288
10224922
10298124
10710337
10094461
11517805
10031642
13052205
10792382
10227011
10058924
10094147
10225367
12508370
10094098
10093781
12599737
11185786
13504595
10297682
11500653
10058129
10538368
10225330
10783216
10058157
10034294
10497107
10265906
10059120
10225844
10224971
10094142
10160997
10297772
10226584
10340708
10225336
10059527
10702562
10753135
10706557
10094014
10532987
10058064
10058772
10226295
10678270
13238810
10804475
10226606
11517819
10264544
10226826
10705753
13456812
12610814
10227327
10226161
10226803
10525227
10226510
10694117
10803948
10525626
10263861
10094079
10059014
10388038
10530488
10059477
10757139
10093963
10227735
10094017
10297786
10159948
10225886
10540191
10093813
10094521
10462334
10094161
10094754
10226515
10094545
10758559
10094178
10723013
10748288
10094192
10094134
11646100
10226624
10031632
10816167
10329125
10800891
10796788
10780840
10265791
10444114
10329124
10265552
10540186
10225856
10769629
10059270
10093730
10225827
10265608
10031474
10059748
10059764
10224979
10225465
10226301
10031476
10297477
10226477
10059409
10528236
10226377
10226480
10031633
10265935
10443709
10059532
10226136
10719713
10031492
10227461
10224935
10297508
10226764
10225859
10500964
13542650
10533069
14221875
10093818
10023536
11162010
10058203
10033588
10811434
10059747
10726904
11500768
12056036
10094088
11175326
15371031
11145909
10297978
10538885
10806155
10529076
10534711
10461230
10297970
10531322
10093940
10059283
10736354
10094215
10263911
10298301
40304270
10733208
10225879
11831783
40362901
10094155
10742559
10532557
10265244
10264331
10782744
10059410
10699943
10795585
10226978
10228093
10297455
10227743
10741581
11150678
13010037
10797487
11150677
11150597
11150595
11150596
10794075
10804915
10226189
10811478
10059116
11150600
10094132
11821885
10798639
11150679
10225833
11150598
11150599
10226715
10093863
14079816
10165023
10799727
10031556
12955794
10803461
10226392
10524935
10225005
10265496
10033087
10059163
10265798
10059691
10093738
10265960
10297453
10226951
10387263
10265957
10265970
10265959
10533249
10031496
10265969
10265958
10265956
10387262
10093878
10265953
10225019
10058376
10388128
10093857
10225815
10058993
10782835
10387800
10225869
10059778
10228528
10684749
10297826
10265500
10460680
10058436
10227762
14281960
10265764
10059002
10739139
10764877
10537719
10226744
10320107
10228790
10031468
10809402
10263999
10537644
10263606
10094106
10782691
10804981
13222738
10059357
10094193
10297864
10265910
10058391
10795640
10225848
10058369
10228779
10228267
10225819
11500794
10528659
10783089
10058385
10801407
10228066
10265079
10710671
10058795
10226499
10093975
10782572
10810732
10226460
10058378
10058195
10225509
10094158
10093765
10094066
10228568
13444255
10093795
10059565
10780103
10059637
10742738
10226151
10031566
90127617
10533708
10754253
10443712
13056746
10225807
13148942
11500704
11148895
10532856
10388081
10387833
10538066
11162055
10225889
10265940
10226634
10685638
10388044
10093794
10093932
12735874
10811254
10228536
10698073
80408277
10694230
11499130
10227906
10226352
10224966
10228042
10031497
10094080
10777205
10444074
10227547
11160464
10226616
10713740
10058252
10782155
10058200
12709187
12709188
10784848
11500784
10226702
10226698
10755612
10224936
12550208
10093768
10769052
12641262
12641263
12641264
40551469
12641265
10226841
10265360
10228061
10225272
10094311
10535892
10265145
10531505
10031499
10703400
10297825
10031640
14170846
10226407
10227096
10387808
10758648
10297679
10093954
11479841
13542584
13222739
10793122
10752899
10227001
10094206
10264556
10093792
10093856
10227884
10225849
10681124
10227692
10102311
10537564
10802406
10226390
10688860
10265077
10227691
10265505
11049878
10226569
10226568
10225267
10810056
10524829
10764751
10093734
10058392
10788219
10738531
10093942
10093949
10058775
10058268
10058789
10093947
10226574
10386896
10093948
12877824
10802173
10093941
10264865
10789066
10224958
10225824
10031549
10227190
10772869
10094756
13252316
10093943
10228258
12628313
10031505
12628315
12628316
12628317
12628318
12628319
12605090
12628312
12628314
40362908
10094083
10093961
10529212
10093824
10225472
10225273
10225270
10225861
10225326
10536849
10747517
10093827
10093912
10264489
10058132
10387824
12058599
10787033
14367922
10059033
10789466
10225806
12056679
10809517
10727586
10531572
10226486
12056693
10799401
12377959
12734628
10264986
10684723
10227400
10699977
10225331
10706730
10535232
10224963
10798297
10386806
10265558
11189166
10770062
10093914
10226300
10305004
14245850
10034690
10094013
10226771
10265230
11242523
10228819
10795332
12524473
10093994
10502903
12668598
10810159
10225821
10059411
10093753
10058949
10059169
10265562
10226864
10226625
10094023
10265941
10764966
10766753
10225854
10226172
10058902
14386274
10228353
10538839
10226776
10228352
10226769
10814967
10031594
10526742
10226701
11517808
10532060
10813553
10058997
10265659
10725883
10059044
10058485
10749337
10226343
10226394
10297903
10059418
10560524
10228489
10226927
10798021
10093719
10751178
10094075
10224930
10093736
10802056
10094059
10225365
10058054
10228478
14211158
10226162
10225371
11155191
12253930
10226205
10297809
10226504
10225835
10265658
10228401
10813344
11500701
10094121
10538975
10058471
10225840
10265604
10094261
10297459
10776860
10746726
10094494
10297886
10764284
11447128
10733825
10058360
10811566
10312736
10297628
10225976
10265570
10094204
10228516
10804242
10094143
14856420
10528875
10225415
10093868
10536168
10094344
10225838
10686288
10815762
10058051
10059557
10058141
10058098
10225372
10058300
10540644
10059615
10059509
10296716
10430465
11322064
11501657
10297898
10480649
10798903
10803249
10461757
11500796
10265715
10227729
10226739
10059282
40687213
40314569
10058379
40314276
10094026
10227717
10094196
10094492
10226758
12299632
10226342
10227910
10264993
10340759
13052239
10528394
10093800
10059785
10094217
10225718
12508338
12508287
11646170
10228281
10058824
10540602
10058228
10227798
10499937
10225309
10443713
13448976
10226928
12161582
10058495
10531289
10541676
10789363
10529692
10224918
10225916
10227942
10225868
10801287
10526728
10225148
11242657
10225469
10059111
10530902
10461575
10297620
11146090
13826403
10718686
12508278
10058544
10387260
11500657
15552212
10058543
10265874
10773539
10264991
11500797
12508280
11167408
10102309
10704208
10226689
10228753
10226116
10534581
40316146
10265962
10297734
14211108
14211242
10538488
10297779
10462075
10226855
10225066
10805071
10789551
10265950
12944104
10058211
10297706
10226363
10265485
10265736
10059804
10654832
10536715
10747918
10226307
13021689
10093761
10225362
10227538
12404807
10713308
10265710
11499086
15036096
10227863
40362862
10225373
14211255
14211243
10228534
10226198
10228702
10225843
10094089
10059365
10790308
10226990
10752357
10797290
10767204
10264998
10227635
10531966
10265082
14714833
10735554
10093873
10530541
10534257
10226643
10527076
10689619
12404624
11170385
10059677
10225178
13022297
10779646
10538637
10297981
10529279
10093938
14211251
10058183
10526411
11189250
10225360
12404901
10058515
10525345
10702449
10059432
10388033
10227576
11646202
10775407
10225716
10460882
10227582
10093884
10058469
10094218
10708224
10225014
10387726
10461667
10227648
10297969
13466195
10525754
10225283
15553683
15553837
10058764
10226516
10766731
11252427
10225714
10228000
10058407
10531137
10804225
10810891
11500862
12334100
10227816
14367909
11500541
10058133
10529598
10058114
14363877
10265556
10265555
14211252
10228450
10703119
10770444
10226327
10529250
10531766
10806329
10227700
10058288
10058364
12055295
10499435
10226470
10226345
13545987
15218663
10094242
13459778
13458993
10227874
10091749
10525369
10461970
10225847
12953053
10093920
10058175
10532879
10265517
10532495
10093921
10264989
11501632
10810487
10059474
11154932
10803852
10700546
10228550
10094103
10265070
10297847
13459788
10094750
11234860
10527104
14211272
10539389
10228099
10297610
14211231
10312670
10226114
10718292
11187764
10225589
10296534
11500656
10058263
10227914
10058591
10093916
10340710
10058742
10094507
10533876
10708731
10496484
10387267
10443795
13383409
10225587
10265595
10225366
10265551
10058080
10828581
14211253
10297454
10059701
10297781
10536148
10059113
10265501
10461310
10462337
10539672
10225099
10265498
10265503
10461677
10532516
10227742
13271913
11500654
10058357
10265905
10526219
11500601
10058558
12736688
10058326
10228428
10815367
12955793
10387182
10226349
10225304
10228432
11646276
10387410
10443711
10226768
10228408
13389430
10461869
10226141
10094219
10265497
11500655
10528314
14714820
11500674
10228426
10225719
13337479
40363088
12701544
10059695
10340733
10059694
10265502
10225588
11134471
11500692
14197871
10058370
11563557
10059761
10712441
10297613
10706572
10702849
10773863
10228430
80406840
10228429
10461993
12669766
10227667
10816324
10228425
10227117
10387562
10297683
10226332
14367900
80406838
10810189
10058636
10225877
10228427
10228431
10226561
10058137
10678264
10762275
10094055
13791867
10058377
10880153
10228433
10094254
11134434
10265955
10526313
10225939
10225741
10227464
10226347
10530070
11821570
10387067
10654799
10226790
10227891
10228369
10265660
10297788
10225597
10094220
10093723
11310610
10093862
10228791
10227463
10228422
10227595
12944146
10298299
11646166
10535580
10226865
12508337
11646178
10228734
10228719
10094179
10058865
10769314
10791349
10228424
10059675
13015916
10058441
11250762
11797785
10529375
10678418
10263870
10386913
11143497
10263865
10702751
10227859
14211254
10102308
10225450
10228151
10532187
10059674
10059649
11501644
11501642
11646941
11499114
10762575
11501641
11501639
15001469
11501643
11501640
10444059
12227404
11162009
10526993
10059617
10058110
15004696
12080747
10226489
10058365
10318774
10225837
10508806
10059678
10225883
10059412
10226602
10093971
10093845
10059580
10807317
10525438
11051236
10227894
11162052
11799857
10225684
10227626
10297719
10226483
10225950
10031559
10225975
10265632
10058231
10227318
10817288
10694077
11500693
10058323
10059248
10443789
10728769
10228672
11500709
10387499
10059797
10263594
10525872
10387166
10297493
10533195
10732098
10265885
10387186
11499060
10225264
10880330
10226348
10719452
10811998
10058178
10226220
10804851
10058047
10058881
10093870
11262525
11162011
10265898
10059240
10094342
10059227
10226367
10228657
10093645
10059228
10263593
10059239
10059231
10094320
10059229
10059244
10058494
11519545
12404785
10265895
10058373
10059232
10059238
10059242
10059237
10059230
10059243
10059233
10059245
10059241
10059300
10059235
10059234
10059236
10059246
10227875
10538086
10059380
10530562
10297802
10265395
11646948
10263937
11646947
11646949
11646950
13246429
10227308
10059180
12820375
10536389
10443777
10760064
10537198
10059688
10023492
10225147
10540190
10093692
10226170
10058225
10228843
10224945
11501636
10225068
10265376
10093906
13444224
10226965
10225490
10058256
10540982
12552948
10298101
10225832
10226501
10765610
10534334
10325976
10228738
10225870
10094807
10058296
10795177
10387381
10226341
12482987
10265796
10094107
10297798
10225765
10811989
10226299
15552680
11646185
10787087
11822168
11822167
12483162
10093997
12055442
10443898
10443900
10443894
40363205
10527625
10265585
10533891
80407132
13218325
10058309
11499508
10533143
10761205
12059202
10654804
10227482
10654796
11500863
10298303
10225516
10225699
11501652
11657253
10443892
10059538
13022314
10226737
10880396
10784885
10226330
11501665
10225757
11646181
11646186
10443906
11808076
10739355
10226732
10225748
11501663
10226733
10443902
10541619
10228724
10724354
10226562
10817013
10387178
10265567
10654540
11500795
11242692
10059058
10524941
11646190
10443913
10225007
10654794
10226152
10806213
10059162
12944074
12401140
10386882
10682160
10774429
10387231
10058075
10761757
11646188
11558159
10880327
11558200
10226736
13056794
12318125
12508369
10527589
12675847
10265802
12675852
11155258
11908360
10226178
10527866
10387748
11500876
11149804
10880140
11250550
10225914
10228755
10760386
10880081
10529662
13022245
10226225
12055950
10798025
10227310
10058193
10540078
12944107
11598188
10225125
14650522
10387728
10264997
10387188
10093634
10059792
10530820
12056729
10228452
10228485
10160981
10225825
10387066
10387237
10093644
10782034
10226187
90119722
11170403
12058904
10226243
10225008
10387162
10225850
10226508
10711708
11148442
10058197
10265576
10536773
10313020
10387683
14911243
10265078
10058348
10226957
10770125
10225132
10228778
10905913
10058199
11557921
10093889
10814459
10805459
10226858
11500782
10265250
10789873
10812769
10387752
10387749
13791905
11161998
10263857
10094065
10225642
10225928
10058238
10387649
10094050
10387111
10387471
10387751
10880420
14913625
10059713
10263281
10228359
10716072
11189251
10224947
10481768
10224959
10767366
10265089
10529081
10481743
10481770
10481780
10481779
10481761
10481695
10531912
10481723
10809219
10481764
10481687
10481742
13545991
10228510
10059269
40365142
11149930
10752715
10531666
10793940
10226502
10532836
11500737
10227476
10526353
10815400
11154992
10265086
10225933
11500735
10227745
14896325
10264968
10227175
10225874
10263927
10812716
10059157
10226416
10265947
10525156
10795678
10814856
11544516
10226573
12056063
10225711
10226150
10059480
10809679
11646177
10539275
11544515
12548303
10387472
10263936
11049841
10094871
11413803
10094788
10225717
10093716
10387483
10225910
10880179
10529771
11563202
10228521
12533477
10532520
11146477
10764543
10387979
10094124
10537102
10059370
10387664
10094099
10094806
10387971
10227115
12231624
10058182
10094095
10387486
10094740
10163981
10764526
40551463
40551528
11499158
10225860
10528903
10387966
10461718
10058990
10059301
13218320
10708952
11163565
10678009
10094157
10780387
10093659
10529538
10226576
10461329
10226479
13218329
10058356
11500588
10226741
10227646
10094558
12735879
12675854
10387102
10263856
10387183
10788116
10263928
13025887
10263596
10226735
10443914
11646182
10387476
10093623
11817013
10094933
10093610
10387477
10094102
10264048
10880359
13218327
14198871
10387478
15371042
10226614
11646180
14211244
10058988
10059640
10701595
10525772
10387675
10227087
10094308
13273734
10225924
10526949
10059084
10058619
11646191
10059107
10387567
10228496
11485279
10094350
12058365
10387152
10224961
10387240
10387241
10227486
10058393
10226580
13487436
10387238
10059184
12671388
10880360
10387239
10387242
11155015
10799768
10387648
10387181
10265583
10265705
10263595
10093651
10093960
10723911
10297593
10297538
10460719
12508312
10297554
10297548
10460679
10094891
10297582
10297542
10297578
10297552
10297595
10297537
10297543
10093763
10530924
10297600
10297586
10297539
10297594
10297579
12671390
10297584
10297575
10297585
12671386
10297581
10297599
10460260
10460560
11160836
10297540
10297545
10460529
10297553
10297598
10297596
10297583
11160463
12671391
12482991
12671392
10297576
10297597
10297580
10297601
10297551
10528302
10737541
10297577
10297546
12671389
10297549
10297544
10297602
10297547
10228636
10228372
10297567
10297566
10297572
10297569
10297574
10297571
10297568
12671387
10297573
10297570
10297541
10880152
10297550
10527986
10094303
10225885
10059201
10711880
10228251
10727467
10443908
10228370
10094760
10263874
10325972
10388035
10094927
10265936
10094906
10058223
11557944
10297750
10094109
10094846
10226239
11188989
10226976
10228720
11558009
10387180
10387160
12681188
10161730
10776676
10786881
10387659
10525634
10387494
10228435
10387488
10387487
10228423
14368001
10387496
10094509
10265805
10227320
10059131
10444111
10814220
10228439
10387179
10093622
10812806
10702970
10297797
10094547
11189248
11684950
10228447
10817234
10228445
10226685
10785116
10529777
10224940
10227536
10226403
10226385
10264499
10059547
10225704
10536223
10444311
10508993
10227715
10094795
10059025
10228437
10741987
10228438
10228441
10228443
10228442
10094508
10228718
10094842
10059725
10094137
15370966
11500860
10228440
10265803
10228436
10297835
40317126
10525004
10228448
10094826
10443839
10059620
10058720
10762172
10387235
12996506
10687141
10093876
10702831
10058368
10058297
10811114
10880175
10720657
10059415
10788964
10059130
10094835
11242598
10531695
10810970
10691194
10094833
10225852
10059622
10228578
10387484
10263935
10375425
10093695
10679797
10531904
14571423
10058361
10803015
12508305
10263933
10744728
10263929
10094850
14897894
10880050
10228774
10058109
11500514
10226752
11600098
13551672
13551713
13551728
10387660
11657252
10793891
13510615
10880409
11558196
10059121
10387485
11528429
12334445
10782951
10723667
11558064
10226249
10094053
10059583
11646183
10093581
10228748
11501664
10094070
10227430
11646251
10729261
11500821
10094865
11558072
12059386
10226954
10094571
10227637
10387666
10059427
10387681
10227000
10093777
10525710
10059360
10265609
10386731
10093778
10059554
10225357
10265624
10297533
10226581
10228602
10093974
11175441
11500810
12671397
12671398
12671400
10812476
10388007
12671393
10696244
10725868
10532305
12671401
12671402
12675907
12675906
12675904
12675905
12671394
12675903
12671395
12671396
10715139
10094355
10059247
10094110
10094678
10388006
10781801
15552259
10227567
10305212
10227121
12562072
10059439
10227683
10226579
10226242
10227546
10880397
10526982
10093750
10225221
10536867
10387988
10745210
10688937
10059445
10807822
10527018
13488135
10792613
10786506
10058319
10059739
40318042
10093808
12061007
10537135
10059372
10524746
11175429
10388001
10059371
11563156
10058597
10387993
10226466
10654539
10094931
10265797
10094890
10265879
10443895
10388031
10759883
10387571
10264964
10387991
10524903
10805228
10059563
10094903
11242460
96225408
11250884
10703104
10094560
10387990
10530437
11250702
10264963
10540981
10227738
10526174
10058408
10856791
10094800
10226991
10225880
10297587
12671385
10093749
10786124
10460987
10460556
10297564
10297563
11499129
10059101
13219304
12671383
10297555
10058245
10387756
10387755
10538294
10387176
10461038
10297591
12482992
10297561
10297560
10297558
12671381
12671384
10297565
10225947
12585578
10387757
10461075
10461111
12671382
10297588
10297589
10460493
10460270
10297562
10460293
10460193
13891614
12482989
10297559
10297590
10225176
10297556
10297557
12671380
10059593
10297592
10460233
10297833
10059018
10387754
10059589
10094041
10094528
12057026
10387647
10387992
10387002
10387680
10094837
10533973
10059774
10387656
10094527
11646195
10297456
10228700
12873582
10228513
10387495
10020928
10387673
10226506
10226263
10059253
10093851
10094887
10387672
10807464
10094839
12675849
10790141
10226833
10729711
10800368
11196507
10226553
15635991
10228512
10786482
10527828
10443897
10058190
11046471
13551776
13551749
11046686
13551669
13551670
11045228
13551673
13551671
10226596
10226511
10541494
10094836
10226487
14211073
10094851
10387997
10808247
10528948
11160645
10226155
11268701
10387674
11646209
10228333
10059536
10225349
10059337
10225476
10724033
10265889
10059493
10537382
10265890
11500695
10058367
10059766
10227983
10059621
10388003
10387668
10527097
10537277
10227673
10228556
10058216
10226283
10801431
10226246
10059567
10387998
10059673
10709342
10880329
10059010
10265902
10387676
10793846
10514686
10695647
10786797
10387803
11189489
10759649
10654542
10539664
11500813
10094499
15552890
10228531
10699241
10297692
10265697
10094327
10225751
10058354
11500574
10094539
10226926
10499282
10529895
10263876
10787192
10386734
10443899
10264342
10020931
10265730
11138543
10265883
11568237
10628219
15552218
11568236
11568235
10265882
10461504
10529798
10387671
10094739
12150829
12150781
12150792
12150816
12150818
12150842
12150790
12150807
12150815
12150843
12150845
12150854
12150788
12150789
12150799
12150804
12150835
12150838
12150846
12150849
12150839
12150783
12150791
12150794
12150808
12150806
12150810
12150819
12150822
12150831
12150837
12150848
12150793
12150801
12150785
12150811
12150830
12150834
12150823
12150828
12150856
12150832
12150840
12150851
12150855
12150782
12150847
12150813
12150824
12150825
12150836
12150850
12150803
12150809
12150814
12150817
12150826
12150833
12150841
12150784
12150795
12150786
12150812
12150853
12150787
12150798
12150827
12150852
12150796
12150797
12150800
12150802
12150805
12150844
12150821
12150820
11675561
11192907
10325973
10058287
80407147
10686483
11550858
10880482
12055729
10265484
10225812
10226778
10443893
10094893
10058198
10225988
14515796
10093625
10654541
10730813
10533843
10387128
10059455
10059454
10739321
10058125
10227672
10094894
10059483
10387657
10093635
10265140
11175307
10752819
10715224
10781544
10297971
11500606
10536554
10529132
10297745
10387954
11175437
10059016
10297810
10225986
10058071
10265761
10059497
10297479
10387947
10265616
10058079
10387994
10387995
10059608
10059473
10764618
10226557
12820142
10059660
10059552
10387566
10059297
10443896
10094758
14213140
13551760
13551763
13551664
13551665
13551666
13551694
13551698
13551702
10094563
10228130
10654815
10297901
10225887
10709267
10880176
10059645
10388008
10226356
10654779
10297831
13289025
10059362
13474463
10424216
10227465
10094290
80408276
10265716
10387989
10388000
10796319
10094873
10094934
10297688
10387945
10536378
10541352
10531513
10225768
10228357
11750510
10297819
10058046
10227587
10340678
10387255
10226599
10443903
11646279
10059007
10387984
10094869
15553086
10747591
10094076
10387679
10340763
10225750
10225503
10094522
10059522
10387129
10705252
14185402
12055160
10059630
10226237
10093809
10059475
10059013
10387653
10530795
10305211
10225675
10227887
10528923
40377775
10059450
10227671
10058201
15553080
10228596
10227687
10094543
10685632
10094578
10387119
10765378
10059710
10059294
10224950
10789985
10227475
10094818
13308134
10058398
10228514
10094115
10529517
10387177
12055166
10387987
10693686
10225966
10228126
15770500
10265733
10340722
10743787
10093751
80407944
14886032
10227877
10771167
10059518
10700301
10812093
10093613
10226148
10265717
10225324
11500763
10778827
10264961
10297855
10225863
13781976
10813347
10441974
10225177
10228128
10059644
10228727
10059172
10227474
10265945
10225846
10227876
10387976
10387978
10225917
10387491
12566032
10228497
10058411
10226757
10794178
13551740
13551742
13551759
13551705
13551699
13551701
13551704
13551703
13551774
13551667
13551668
13551695
13551696
13551761
13551762
13551741
13551697
13551700
10059193
10094054
10264000
10297807
10227485
10226140
10094537
10058139
10059767
12528949
10696732
10228703
10264704
12130481
10794559
10540026
10227858
10225938
10225935
11500772
10058105
10801933
10387259
10387651
40333145
40304263
10059663
10059453
10720434
10059525
10303796
10059805
11500811
10094562
10387072
11132942
10226464
10387124
10751756
40304367
10788233
13109989
13484172
10227487
10059704
10535013
10059176
10059576
10227497
10226469
10724237
10094598
10059724
10058202
10059623
10059679
10387220
10059667
10226270
15218637
10340767
10225971
10532374
10684677
10093754
10233731
10059092
14897861
10226994
10387953
10059735
11646278
10059510
10059703
10720030
10534877
10750267
10813399
10224967
10785557
11175424
10094538
10540225
10059434
10703514
10531350
10228756
10058092
10763298
10059079
10228597
10059378
10059614
10059196
10225918
10387996
11501629
11501628
10058167
10747463
10059653
12358819
12358821
10059719
12059380
12358815
12358823
10094790
10059756
12358820
10387116
12358816
12358824
12358817
12358822
12358818
40363490
40315458
40363371
10094823
10225989
13507585
10870211
10526769
10059452
10225673
10540171
10225687
12595984
10059520
10225663
10265071
15553033
10265727
10227478
10226181
10094559
13551730
13551734
13551735
13551738
13551743
13551737
13551732
13551733
13551744
13551745
13551675
13551729
13551731
13551707
13551773
13551682
13551680
13551681
13551674
13551676
13551678
13551683
13551736
13551708
12947565
10540172
10532462
10059132
10226683
10059588
11447047
10059469
10733288
10228658
10094502
10094501
10094902
10093657
10059170
10529457
10526075
10529661
11500864
10534079
10059632
10265938
13052206
14211260
14211261
14211262
14211263
10227903
10059271
12735934
10265646
10226794
10058399
10297885
12528793
10387490
13891642
10227775
10225463
12129059
10228847
10537154
10058304
14260635
14260636
10094932
10227435
10225730
10059780
10224990
10387121
10059609
10059570
10059102
10524685
10353470
10225931
10226245
10094511
11646277
10226619
10227558
10226339
10227721
10094915
14197986
10227477
10059481
10539675
10226829
10059524
11234855
13002265
10225335
10387174
10226558
10265794
11500861
10784389
10264982
10530335
11500658
10094899
10059081
10059619
10225593
10226001
10225592
10532701
10059582
10059566
10225323
10224982
10094514
10226706
10297498
10758150
12133111
10226588
12132783
12132785
12132784
10094819
13551693
13551739
13551748
13551714
13551706
13551710
13551712
13551689
13551768
13551775
13551715
13551718
13551677
13551679
13551767
13551770
13551690
13551772
13551711
13551716
13551717
13551709
10059516
10225697
10810561
10340690
10059714
11500611
11646196
40333125
10226766
10807039
10654802
10059027
13052198
12331626
12331625
12130150
10059705
10059057
10058347
10059485
10731643
10059772
10059519
14211109
10703772
10059546
10227095
11175416
14199292
10059656
10059590
10058349
10059760
10298104
10224996
10224997
10537003
10654446
10535984
10094881
10534987
10340683
11500792
10094577
13489520
10059775
10094956
11242597
10776725
10059740
10059517
10059682
10059784
10535499
10539855
10094907
10532718
13090297
10224944
11040005
10059541
10797441
11500853
10340753
10094467
13056808
10059718
10532616
10494675
10539673
10525891
10737122
11131827
10059106
10810323
11325260
10531409
10729919
11646163
10792539
80406826
10526655
10802270
10059487
10226825
11646157
10227462
10265631
12607103
10340704
13551746
13551719
13551721
13551765
13551723
13551692
13551720
13551747
13551771
13551691
13551764
13551766
13551769
13551722
10654816
10228599
10340703
10059781
10537344
10094572
10059486
10094305
14650251
12675836
10535094
10527588
10226704
10226218
10059535
10695752
10654808
10531111
10813328
10297816
11245990
80407126
10297782
10748262
10059545
10059744
10059683
10059550
11500564
10059569
10094805
12955782
10059734
10444239
10227404
10816506
10340706
10788966
10340768
11558026
10059471
10094789
10525482
12607105
10227614
11500612
10340861
10227438
12055143
10340718
10226613
10706393
10226622
10227764
10541081
10094778
13883805
40315430
11646173
10783007
10226478
10093654
10225591
10225826
10732935
10226313
10059654
13366803
10692031
10227542
10790762
10226832
10059467
10059484
10807857
11040044
11544523
11848693
10265734
10265724
10508979
10699552
10059548
10703169
10265817
10226413
10225915
10059491
10225733
10094838
10094565
12734634
10225926
10265961
11500610
10803923
10226601
13823869
10264976
10529957
10688667
12156441
11853709
11563231
10226236
10225775
10795154
10340712
14225323
11646175
10227548
10265745
10265904
11500764
15552620
15371038
12703207
10795050
10059053
12552895
10265732
14211206
10228794
10059468
10226642
10690801
10225598
10059709
10735356
12055144
10228708
10225599
10387252
11245789
10265900
10529195
10297794
10094594
15371019
14193847
15370995
10227012
10265800
11769589
10770583
10265971
12662170
10528773
10524686
11563024
10059495
10093648
10691036
10788379
10058269
10809641
10225582
10709273
10538240
10535993
10536100
11245772
10225692
40304346
10225828
10806223
10728600
10811899
10297469
10265774
10727541
10058229
13029071
10265872
10353480
10094930
10783893
10790657
10059628
10721325
10525758
12341568
11773568
10225380
12298838
10714750
10265068
10265137
11220216
10532795
10226303
10225683
40363210
10264684
10767400
13507783
11040054
11037082
10059504
11769590
10031464
10808963
80407941
10780641
10227532
80408273
14265481
11848589
12490808
10264990
10226753
11500889
10226974
10340679
10264981
15004831
10226904
10297813
10225925
13891533
12156577
10226157
10340693
10226675
13459916
11497231
10297700
10226358
10297725
11320441
10023535
13055391
11320438
13057656
14211199
10340694
10226280
10340675
10058147
10340691
10227902
10340680
12510386
11848705
10340705
11196748
10537496
10227490
10538235
10525082
13243450
10226400
10226399
10901923
10226401
10901924
10699497
10769714
10901921
10226397
10226398
10901922
10721013
10901920
14188778
10094512
12675848
10536386
10258303
10265903
10340671
10059496
10227556
11135205
10265530
11450180
10340672
10532226
10225954
10225707
10225955
12675838
10093721
10538273
10094533
10227537
10532476
12944105
10225027
11450715
11771721
10297712
10226669
14730471
11854154
10227439
10297880
10228754
11315466
10227856
10227583
12675913
10227545
12376145
12376144
11319543
10263858
11203954
10225600
11848692
15001509
10265712
11036909
10225738
10059758
12340254
10059757
12128361
11040018
10225641
10059049
10298112
10225709
10226548
10744687
10094792
10227440
10225284
10058112
12546399
10226193
12405001
10059618
10226171
10226333
11771793
10529550
10226989
14225350
10226860
12675920
10531054
11317870
10226485
13056809
10226806
10059379
10225302
10226325
10059428
10226186
11318818
10225984
14649821
10059743
10059056
11242564
10225705
10058259
10227590
10226334
10059534
11771338
10532032
10227129
10532334
13024160
14714857
13533221
10387572
10525717
14730503
10340769
10058162
13337480
10225756
15693007
14730504
12057102
10094520
11771620
10526596
10537296
10387564
13024337
11237698
10423480
11450168
11327423
11242470
10537927
10059405
10887645
13465096
10225009
11025226
11789758
15696193
10059592
10226185
10225301
14211176
10264557
10811243
11771256
11768759
10423459
10423660
10265843
10265841
10265842
11773684
10265839
10340692
10059759
10226473
10225735
10228592
11318987
11318986
10226086
10059279
10226798
12566024
10059426
11769282
10340700
10225929
10059382
10532101
14211160
10225290
11769304
10059755
13024346
10225293
11324786
11188715
11543596
10225363
10459964
80401824
14172801
14225214
10094113
10059607
80407139
10264983
10537361
10225292
10226138
11780818
13024355
11544284
10228250
11646194
10093705
10059431
11545808
14198903
10225638
11769525
11245766
10226184
13308442
12057140
11848659
10227437
10059448
10226987
10226988
10059665
11036877
13066371
11769281
10227131
14192645
10226183
12675919
10899616
10059507
10225022
10225722
11317127
10023397
10227658
10094544
14890647
10340751
13055427
10533564
11545806
11316847
12342210
11318798
10388189
13626113
10058055
10530945
10225376
11771488
10227535
10228270
10526091
10227004
11203888
11450182
11245698
11769506
11250562
10058240
10224994
12342156
12152297
12152296
10743435
10228726
10265820
10226067
10227176
14714848
11203856
11203904
10059706
11307960
10226809
11131754
10094534
11040030
10059256
11040031
10887803
10094882
10058340
10227634
10227005
11320439
11200854
11242608
10225774
11242612
10225011
11771398
10225291
10059568
10226196
13024348
11320435
11770972
13057670
10226993
10226759
10226684
11188714
10059393
13024366
10059363
10059367
11250773
11316848
10532958
10225946
10094793
10225725
10225758
11242467
11771214
10227881
10059551
10226754
11150792
10059015
11250770
10225586
11545807
10226996
12057086
10525555
11646280
11188915
11771496
11203858
11245959
11769583
11253693
10059055
10059388
10059258
13057662
10226484
13351491
13351492
13351490
13376397
13376398
13363981
13363982
13366872
13366873
13366891
13366893
13366892
13366894
13381186
13381187
13381182
13381184
15032099
13381183
13381180
13381181
15544068
13388100
13388099
15544069
13388103
13388096
15544067
13388104
13388098
13388095
15544070
13388102
13388097
13388101
13363864
15032303
13363917
13381198
13381197
13381196
13381200
15032354
15032304
13381199
13381201
13381195
13363918
15032116
15032113
15032115
15032114
15032112
15032111
13381191
12987044
12987045
13381194
13381193
13381192
12151537
12151544
12151541
12151536
13466790
13466791
13463924
13463871
13463630
12537452
10539184
13634263
13351519
12987568
12987572
12987573
12987569
13376396
12987038
12987039
12987064
12986698
12986699
12986700
12986701
12986702
12986703
12986704
12986705
12986706
12986707
12986708
12986709
12987566
12987571
12987565
12987567
13634262
12987564
12986694
12986695
12986696
12986697
12987570
13351520
13463618
13466745
13466744
13463632
13366828
13366827
13366826
13364007
13364006
13348024
13381090
13366847
13366846
13366849
13366848
12130594
12986814
12986817
12986818
12986819
13381089
12986820
12986821
12986822
12986823
12986825
12986827
12986828
12986829
12986831
12986832
12986833
12986834
12986835
12986836
12986837
12986838
12986839
12986842
12986844
12986841
13381091
13381092
13366839
13366843
13366840
13366842
13366841
13366838
13466811
13466808
13363992
13466810
13466809
13466812
13381154
13366800
13366802
13381157
13381156
13366801
13351641
13388049
13388050
13381155
13351640
13634253
13634247
13366811
13634250
13366812
13366798
13366876
13366825
13366824
13634248
13634256
13366877
13634254
13634252
13634251
13634255
13634249
13634257
13634258
11286878
10340816
12400911
10227739
12400909
12400910
13388069
13388073
13388075
13388071
13381240
13388072
13010192
13388074
13388070
13388076
13381239
13342072
13366829
13366831
13366830
13366799
13381121
13381124
13381122
13381123
13381110
12986682
12986683
13383356
12986684
12986685
12986686
12986687
12986692
12986693
12987022
12987042
12987043
12987061
12130484
13381070
13752858
13505503
13505504
12130135
13366991
13366990
12130544
12130576
12655953
12656075
12151517
12151521
12151524
12151520
12151516
12100634
12151522
12151518
12151519
12151523
12151525
12151526
12987062
12152340
13339983
13366875
13366874
13383533
12100431
12100433
12100430
13383534
13383532
13376472
13376471
12100432
13388132
13383531
12130138
13383535
12100429
12100428
15692898
10265886
13363857
13363862
13363861
12987034
12987035
13363860
13363858
13383468
13752696
13363859
13381253
12130551
12130669
13383469
13381254
13093109
10871711
13359128
13388036
12100630
12100631
12129327
13342088
10228676
12152343
13366815
13366818
13366817
13366816
12987483
13363920
13347975
13347977
13339910
12500290
12657966
13366916
13339887
13351488
13351487
13367174
13367173
13367170
12987482
13381050
13351489
13466736
13367171
13367175
13367172
13463819
12656108
13347902
10227070
12152938
10265707
12100390
13366823
13366822
12100633
12152217
12152214
12152204
12152206
12152208
12152216
12100388
13381115
13381113
12152215
13383466
12152207
13381114
12100389
12152211
12152213
12152205
12152212
13381116
13381111
12100632
12169812
12100387
12152209
12152210
13381112
12100464
12100386
12100391
12130570
12899304
11544522
13337973
13339906
12641989
14213135
13366807
13366810
13366809
13366808
12152309
12152310
12152308
12987001
12987000
10538989
10900377
12656150
13366898
13366806
13752859
13749414
14046759
12627826
13366896
13366895
13214630
13214629
13214626
13214631
13214628
13214632
13214625
13214627
12899320
14211161
12153115
12642883
15694542
13574447
13376281
13376280
13376289
13376293
13376288
13347907
13214662
13574461
13209638
13010147
10899631
13574525
14223629
11254188
13571269
13571270
13214652
13574431
12653023
13571198
13574459
13574473
13574472
13570990
13347905
13574451
13574456
13574452
13574454
13574455
13574453
13574457
13574450
12614242
13574465
12614245
12515266
12515265
10226975
12123391
13342075
10225020
10226545
10226482
12526134
11750227
11315518
10227886
12342174
11253790
15694546
11792998
12503634
11743301
10226467
12986774
12986769
12986770
12986771
12986772
12986773
12986775
12986776
12986777
12986778
12986779
13781825
10058316
10058317
11307961
12130111
13510656
12130644
12169949
11036891
10226793
14238615
10228827
12057098
10094759
10226820
14515737
12345919
12986744
12986745
12986746
12986747
12986748
12986749
12986750
12986751
12986752
12986753
12986754
12986755
12986756
12986757
12986758
12986759
12986760
12986761
12986762
12986763
15004829
12986764
12986765
12986766
12986767
12986768
12503650
11793749
10225761
10058284
13510585
11242521
12057032
14515799
11253776
11789302
12190157
11236755
12338720
11245719
11245970
11782605
11242614
13647647
11250774
12400898
10226592
11250938
12129449
12129191
13510389
11250939
14211125
14238690
14238689
12324189
10225882
11036854
10527252
10538983
11788526
11450604
13510425
10058332
10387458
10387461
10094525
11789303
12510387
10058122
10387456
14647030
10387449
14211189
12057064
10387451
11788060
10387443
11250670
10387442
10225583
11307958
10387439
12130755
12130759
12130756
12130758
12130757
12130754
14211188
10058372
10226734
11788860
10527218
10225784
12342164
10226550
10226344
10226190
14515806
10225685
10225696
10297642
10530431
10528083
10226026
12503662
11253789
10094518
10094786
10530317
11320982
12344018
10058412
10387077
11040002
10225766
11044345
10524822
11316940
13066353
10228555
10226025
10533161
11782506
10225703
10227649
10058405
12057085
11450184
11316941
11320429
10225747
11316938
10225760
11234809
10526574
10226215
12342173
10059099
10226756
10225378
10059374
10093691
10225370
10059286
10059288
10225744
10529310
10094567
11752953
10225742
12508341
11450169
10059117
10058342
10225308
11544517
10527127
10059687
10228274
10539400
80408278
10059447
10538943
12059370
14515731
10387446
10094549
10094554
10387444
11188990
10094553
10208769
13057676
10094548
10094575
10094550
10525680
10094555
10094551
10094552
10094576
11450186
10227534
10228798
10059444
10226821
10226623
11450175
10297536
10059296
10058160
10530117
14223634
10226786
10058359
10534535
10536784
10226810
10224919
10226703
10226822
10226575
10225749
10225983
10059401
11165334
10538910
10225375
10225678
10225982
15553766
14223633
10226964
12059396
10225960
11755180
11250870
10525804
10226194
10225753
10228775
10541053
10226192
14156623
10539180
11165335
10023366
10024013
10225785
10532865
10059422
10059421
10059423
10225736
10059420
10059419
10059424
11150299
10226546
10225700
10533837
10225972
10265951
10226549
10094477
11545816
10094475
10226197
10094488
10094486
10059221
10059217
10094473
10094487
10094481
10094489
10059223
10094490
10059216
10059215
10094480
10094491
10094479
10059220
10059214
10059207
10094485
10059210
10059209
10094478
10059226
10059225
10094472
10059224
10059211
10059222
10059208
10059218
10094482
10094474
10059213
10059212
10094476
10059219
10094484
10094483
14648849
10228801
11253797
10264485
12607196
15553741
10225970
10226031
12057022
10225743
11316845
10227009
11165330
10387450
10532724
10528528
10535911
10059339
10059344
10059342
10059347
10059345
11450188
11253716
10059346
10264487
10059341
10059352
10226326
10225690
10059351
10059338
10059343
10059340
10059348
10059349
10059350
10534995
11450775
12057067
10225006
10059791
11253747
10059046
11450185
13221915
11039980
10059047
11450187
10535875
10540369
10535596
11768275
14642455
10226521
10226615
10228728
11036809
11771380
10058383
12503596
10227425
12503595
10058230
12326249
13025863
11040032
11242556
13507460
10059456
10461545
10530209
10226213
12449276
10531160
11320437
10226640
10225762
14216335
12057025
10059061
10059024
13507513
11792952
10531227
10541587
10225680
11316943
10227022
10529628
10387074
11320717
10226465
11037177
12057048
14515802
14223625
10058394
10340668
10058258
10228180
10058384
10094568
12057107
11040009
14610819
10227593
12057073
11545845
10059273
10227882
11646184
10059794
12057041
10058303
11037015
14225224
14211122
10226755
10059407
10023376
10225754
10059789
11782461
11317128
11450714
11450181
10529651
10536152
10225643
10023925
11771720
14223593
11253814
11242528
10059800
10059383
10443837
12462815
12059401
14649729
10225686
12326189
11040019
10058217
10059098
10094523
10227652
10059361
10227768
13048744
12462803
10528454
11788688
10226032
14216341
10059202
10228268
10226023
10226789
10059413
11242605
10527922
10937786
14191902
13441098
10539232
11769972
10225300
11450173
10058187
10058415
11771152
13024358
10059359
10226305
10059354
10059021
12342166
12057070
12057054
10529999
11771576
11242522
10225010
11782177
11189033
11450183
10228822
11040033
11771483
10058100
10058043
11237684
12326143
13459068
10380628
10380630
10094496
13025857
11040035
11040034
10380627
12057034
10380626
11200226
11250561
10059716
12297873
10226760
13057672
10227899
11196718
12057043
11771983
10225596
10094787
10059529
11771396
12057119
11193082
13024329
11450170
11250547
11450203
10227006
10225285
10059204
14201495
10228729
10226797
11203899
11200227
11318795
10059054
11773639
10226931
11203857
10228575
10227428
10059114
10058366
11558112
11558005
11557974
11450174
10058301
10444052
11203837
10225691
11771525
10226015
10226251
14909470
11245859
12342157
11203838
11203836
10225994
12342160
11203840
14649885
14910579
11203871
10525157
10226415
11768990
10058341
10226182
11771472
10227002
11450172
10058096
10226027
10225866
11190719
11320981
11242514
10094954
12057020
10059043
10227533
11320433
10225746
11771821
10225368
10058656
11773683
14140185
10059173
15553751
10228570
14223624
10058283
12503651
11545805
13024364
11771782
10094877
11557897
11558215
10058111
10058350
13024359
13057651
10226952
10529669
11768427
11771763
10226763
12057046
10226000
10226823
12056869
10265628
80409645
13366856
13366857
13366855
13366858
13366878
13366881
13366882
13366883
13366886
13366879
13366885
13366880
13366887
13366884
13366845
13366844
13383431
13367109
13367107
13383430
13383429
13383432
13367106
13367108
15533552
15533556
15533544
15533545
15533546
15533543
15533555
15533591
15533542
15533553
15533590
15533554
15032374
13351493
13615182
13615181
13383408
13383419
15544152
15544151
15544153
13366889
13366888
13366890
13383421
13381069
13383422
13383423
13383424
13383522
13363863
13383526
13383464
13383524
13383523
13367191
13383525
13376416
13376415
13376375
13376369
13376370
13376371
13383395
13383486
13376376
13376377
13383394
13376372
13376373
13376378
13383396
13383487
13376302
13376374
12986865
12986866
12986867
12986868
12986869
12986870
12986871
12986872
12986873
12986874
12986875
12986876
12986877
12986878
12986879
12986880
12986881
12986882
12986883
12986884
12986885
12986886
12986887
12986888
12986889
12986890
12986891
12986892
12986893
12986894
12986895
12986896
13388131
15032378
15032377
13381065
15032382
15032381
13381068
15032376
15032383
15032380
13381067
15032379
13367032
15543731
15543729
15543732
13367031
13367028
13367027
13367033
13367029
13367026
13367030
15543733
15032245
13388222
13388228
13351470
13383427
13388229
13388230
13388231
13351480
13388221
13388232
13388227
13388119
13383428
13383426
13388220
13388223
13388224
13388225
13388226
15032373
15032372
15032371
12999483
12999484
12999485
12999486
12999487
12999488
12999489
12999490
12999491
12999492
12999493
12999494
12999495
12999496
12999497
12999498
13381190
13376438
13388135
13376435
15544345
13388133
13376437
13376439
13388136
13388134
15544344
13366804
13366805
13381251
13366832
13383452
13388043
15543252
15543253
13383458
13383460
13383459
15032370
13383461
13363966
13383414
13383415
13388044
13383416
13383413
13383457
13383412
13383417
13366902
13366903
13381252
13383527
13388130
13383528
13383451
13383530
13388129
13381132
13381131
13383434
13383436
15543735
13376468
15544084
13376469
13381250
13381249
13367169
13381077
13381076
13367176
14403141
13381291
13381292
13364028
13363942
13363937
13363939
13363938
13363935
13363940
13363936
13363941
13381133
13381136
13381134
13381138
13381135
13383440
13381137
13383402
13383403
13363990
13617970
13367059
13367117
13367118
13383467
13367120
13367116
13367119
13367181
13367178
13367183
13367182
13367179
13367180
13388124
13388125
13388122
13388128
13388127
13388126
13388123
13388121
13367189
13367188
13367163
13367161
13367162
13367160
13367164
13383519
13383518
14403146
13381035
13381034
13381036
13383400
13381032
13367124
13367125
13381031
13381033
13383398
13383401
13383399
13388042
13388038
13388039
13388041
13388040
13388037
13388215
13388214
13388217
13388213
13388210
13388211
13388212
13388216
13388218
13388219
13376157
13388188
13388195
13388200
13388204
13376190
13376195
13376193
13376194
13376153
13388199
13376154
13376155
13388194
13388205
13376191
13376192
13376156
13388189
14403145
13388203
13388201
13388202
13388206
13388196
13388197
13388198
13388187
13388193
13388190
13388191
13388192
13367177
13463426
13463764
13367111
13367110
13388138
13388137
15032433
15032429
15032422
15032423
15032426
15032416
15032406
15032424
15032431
15032438
15032449
15032439
15032445
15032436
15032442
15032417
15032415
15032430
15032408
15032450
15032446
15032428
15032425
15032451
15032437
15032444
15032432
15032435
15032420
15032434
15032407
15032414
15032441
15032448
15032418
15032421
15032453
15032440
15032443
15032427
15032413
15032447
15032419
15032452
13376222
13376214
13376234
13376259
13376263
13376255
13376261
13376258
13376254
13376256
13376264
13376260
13376262
13376257
13376218
13376220
13376217
13376219
13376159
13376158
13367133
13367128
13367126
13367132
13376169
13376170
13376163
13376162
13376174
13376168
13376167
13376166
13376176
13376185
13376171
13376180
13376177
13376184
13376181
13376186
13376215
13376216
13376253
13376223
13376221
13376175
13376161
13376165
13376172
13376160
13376173
13376179
13376183
13376178
13376182
13376187
13376188
13376189
13367127
13367129
13367130
13367131
13367157
13367156
13367155
13367154
13367220
13367218
13367219
13367217
14598706
14598705
12340702
12340701
13358975
13358974
13383433
14598714
13376248
13376249
13376266
13376265
13376279
13376276
13376267
13376270
13376268
13376269
13376278
13376277
13376076
13376077
13376082
13366948
13366951
13366946
13366949
13366950
13366947
13367194
13367197
13367196
13367193
13367192
13367195
13367158
13367159
13366974
13366973
13366976
13376102
13376103
13367138
13367139
13367140
13367141
14598710
14598709
14598711
12987003
13376098
13376099
13376097
13376096
13376101
13376100
13367199
13367198
13376069
13376070
13367114
13367115
13367113
13367112
14403142
14403154
13388174
13388172
13388171
13388175
13388173
13388176
14403143
15032322
13367222
13367221
96260139
12658545
12658546
96234063
96132525
14961234
12619064
96277497
12677485
10225590
11980662
15004911
11500599
12776189
96277462
96277321
12247265
10226471
11636614
12247178
10226410
14507226
96325579
96320487
96323005
14826875
15004883
11545027
11514720
96111002
96111012
13609761
13614946
13614957
13613293
10023482
13613295
13614941
13614956
13614942
96116810
14263037
10024037
10023495
14301183
12497775
12147299
15543164
15543211
15543214
15543317
15543229
15543321
15543368
15543257
15543258
15543370
15543169
15543939
15543226
15543303
15543314
15543325
15543422
12978039
15018819
12548369
15544078
15543915
15544103
15543995
15543705
15544143
15544073
15543152
15543728
15543771
15544122
15543942
15544131
15543170
15543242
15543217
15543332
15544126
15543962
15543819
15543633
15543373
15543371
15542836
15542837
15542041
15542835
15542839
15542862
15542863
15542866
15542867
15542868
15542869
15542870
15542872
15542873
15542874
15542875
15542876
15542877
15542878
15542879
15544096
15543159
15544095
15544365
15542534
13592611
13381130
13381081
13383539
13383501
13351472
13366814
13366819
13366860
13383407
13383455
13363923
13381140
13381071
13381159
13381139
13388208
13388107
13388109
12516290
12497896
12497921
12497923
12497970
12498037
12498066
12498044
12498048
12498058
12498118
12498121
12498129
12498143
12498113
12498703
12497712
12497781
12497842
12497861
12497975
12498029
12498095
12498114
12498206
12498154
12498158
12498210
12498221
12498353
12498705
12498707
12497753
12497703
12498883
12498884
12498893
12498894
12498895
12498898
12498955
12498958
12498959
12498961
12498965
12498966
12498969
12498970
12498971
12498972
12498973
12498974
12498975
12498977
12498934
12498935
12498936
12498937
12498938
12151276
12340743
13592596
13010189
13010201
13143003
13142985
13142929
13142916
13143008
13143017
13143005
13143001
12359543
13510325
12516273
12516272
13466727
96132531
15004865
10059414
10796439
11545827
11155011
11545031
96090177
13381088
13142978
12510397
10023478
10023331
10024011
10023302
10225073
13613296
13617939
13010158
13010193
13010197
13010173
13463538
13143011
13142958
13143002
13142963
13142915
13142983
13143006
13142982
13142923
13142939
13142999
13504687
12499584
12497681
12497685
12497647
12497656
12497735
12497739
12498260
12498302
12498311
12498312
12498370
12497791
12497808
12497771
12497778
12497972
12498025
12498034
12497985
12497986
12497998
12498067
12498076
12498081
12498085
12497705
12497787
12497790
12497810
12497761
12497848
12497851
12497852
12497830
12497833
12497920
12497925
12497889
12497968
12497944
12498007
12498008
12498015
12498024
12498030
12498070
12648429
12661944
13505523
13505534
13505509
13505522
13510277
13510487
12498374
12516291
12498469
12498484
12498450
12498513
12498515
12497689
12497691
12497658
12497737
12497741
12498296
12498318
12498269
12498340
12498356
12498401
12498409
12498411
12548375
12548376
12548379
12548380
13505510
15543934
15543920
15543858
15543579
15544303
15544310
15543594
15543970
15544368
15543641
15544030
15543941
15544296
15544308
15544061
15544311
15544145
15543155
15543597
15543863
15543671
15544051
15544270
15543767
15544323
15543867
15544085
15544023
15543593
15543986
15544147
15544032
15544139
15544312
15543845
15543742
15543984
15543582
15544343
15543980
15544322
15543997
15544025
15543876
15544314
15543187
15543199
15543222
15543247
15543235
15543267
15542714
15542715
15542716
15542718
15542719
15542720
15542721
15542722
15542723
15542724
15542725
15542726
15542727
15542729
15542730
15542731
15542732
15542733
15542734
15542536
15542537
15542539
15542545
15542548
15542549
15542550
15542551
15542553
15542554
15542556
15542557
15542559
15542560
15542561
15542562
15542564
15542565
15542566
15542568
15542570
15542571
15542572
15542573
15542575
15542576
15542581
15542583
15542584
15542587
15542588
15542591
15542592
15542593
15542595
15542597
15542598
15542599
15542600
15542601
15542602
15542604
15542605
15542606
15542608
15542609
15542610
15542767
15542768
15542769
15542770
15542771
15542773
15543958
15544360
15543329
15543180
15543183
15543190
15543197
15543239
15543220
15543279
15543282
15543313
15543192
15543238
15543261
15543262
15543328
15543361
15543263
15543175
15543194
15543241
15543203
15543216
15543231
15543278
13366866
13366868
13366859
13366850
13366854
13366861
13366864
13366865
13366851
13366863
13363924
13459790
13381280
13381072
13381057
13381278
13381029
13376400
13363915
13363905
13363914
13383462
13388058
13388020
13388054
11545830
11160785
15542555
12572881
13388062
13388018
13376421
13381161
13381078
13376403
13376447
13376446
13376449
13376448
13388145
13388161
15543378
15543364
15544114
15543648
15544021
15544045
15544128
15544327
15544050
15544190
15543844
15543700
15544019
15544313
15544031
15543157
15543184
15543269
15543285
15543319
15543228
15543320
15543367
15543943
15543775
15543753
15543945
15543951
15544134
15544154
15544172
15544339
15543271
15543284
15543377
15543196
15543240
15543312
15543236
15543177
15543186
15543213
15543219
15543375
15543249
15543331
15542774
15542775
15542776
15542777
15542778
15542779
15542780
15542781
15542782
15542784
15542785
15542786
15542787
15542788
15542789
15542790
15542791
15542792
15542793
15542795
15542796
15542797
15542801
15542802
15542803
15542804
15542806
15542807
15542808
15542809
15542810
15542811
15542822
15542823
15542824
15542825
15542826
15542828
15542829
15542830
15542831
15542832
15542833
15542834
15544362
15542533
15544359
15542544
15543330
13367187
13367184
13388066
13366813
13366870
13366862
13366852
13366897
13366972
13367038
13367039
13363906
13381109
13142919
15542631
15542632
15542633
15542634
15542735
15542736
15542737
15542738
15542740
15542741
15542742
15542743
15542744
15542745
15542746
15542747
15542748
15542749
15542751
15542752
15542753
15542754
15542755
15542756
15542757
15542758
15542759
15542760
15542762
15542763
15542764
15542765
15542766
15543957
15543960
15543638
15542542
15542580
12987652
13010169
13010168
12548392
13003310
13003299
13003306
13003303
13003311
13003308
13003309
13003302
13003300
13003307
13003304
13003312
13003319
13003314
13003320
13003318
13003315
13003316
13003317
13003313
13003301
13003305
10023664
10023847
10023360
13609757
13614949
12500073
12340742
12398694
12398707
13510179
13510180
12497515
12498151
12498168
12498544
12498369
13505533
13505528
12516298
12516302
12498053
12498059
12498127
12497704
12497710
12497762
12497826
12497888
12497969
12498009
12498011
12498022
12498062
12498073
12498045
12498194
12498234
12498235
12498249
12498339
12498403
12498379
12498381
12498389
12498674
12497802
12497818
12497831
12497926
12497933
12497947
12498006
12498071
12498051
12498116
12498123
12498174
12498186
12498188
12498196
12498393
12498519
12498536
12498542
12548387
12682643
12247177
15032106
15032276
15032317
15543823
15544081
15543869
15543646
15544297
15544037
15543877
15543826
15543921
15543754
15543644
15543889
15543611
11545030
11545828
10058048
11545025
10023315
10024005
14733851
13613323
13613327
12499308
12498467
12497821
96117723
96085997
14746699
12151291
15032347
15032277
15543643
15543650
15543651
15543652
15543655
15543656
15543657
15543661
15543666
15543667
15543668
15543669
15543670
15543674
15543676
15543677
15543678
15543679
15543681
15543682
15543684
15543692
15543694
15543575
15543578
15543580
15543581
15543583
15543584
13366853
13366869
13366899
13381245
13381286
13381207
13381074
13388140
13388209
13383500
13383463
13376107
13376108
13376490
13376109
13376110
13376491
13376492
96118303
14507041
14507051
14507052
14515738
13351475
13351473
13351476
13289279
13464536
12340739
14403669
14403129
12374112
12151273
13505524
13505508
12151614
12151300
13510373
13510137
13510350
13510324
12516293
12508374
12498299
12498274
12498279
12498355
12497803
12497763
12497766
12497769
12497847
12497854
12497897
12497898
12497951
12497931
12498013
12498018
12498023
12497992
12497994
12498050
12498057
12498142
12498148
12498149
12498179
12498180
12498189
12498232
12498238
12497706
12497798
12497776
12497838
12497860
12497816
12497950
12497956
12497946
12498033
12498060
12498065
12498074
12498119
12497541
12497620
12497629
12497591
12498286
12498306
12498266
12498357
12498358
12498464
12498432
12498433
12498510
12497327
12497585
12497553
12497597
12497601
12498285
12498300
12498308
12498310
12498352
12498868
12498869
12498870
12498871
12498872
12499784
12499820
12499872
12499873
12499875
12497668
12497661
12497733
12497738
12498290
12498307
12498317
12498271
12498326
12498423
12498430
12498392
80408414
12987660
13142966
13142940
13142948
13142944
13143013
12499373
12499346
12499375
12499376
12499377
12499378
12499380
12499360
12499326
12499327
12499328
12499329
12499330
12499331
12499367
12499333
12499334
12499374
12499340
12499341
12499342
12499343
12499344
12499345
12499381
12499403
12499406
12499410
12499411
12499413
12499395
12499417
12499422
12499409
12499382
12546792
12304876
13010159
13010177
15032320
11617648
11355547
11450636
10058174
13614958
13614944
13614943
13614950
13613292
13613290
14165376
13464952
12497652
12152051
12152052
12130519
15544088
15544028
15543890
15543690
15544319
15544108
15544010
15544346
15543978
15544044
15543969
15543883
15543627
15544017
15543919
15544053
15544011
15544079
15542892
15542894
15542895
15542896
15542897
15542898
15542899
15542900
15542901
15542902
15542903
15542905
15542906
15542907
15542908
15542909
15542910
15542911
15542912
15542913
15542914
15542916
15542917
15542918
15542919
15542920
12516288
12497922
12497979
12497980
12497981
12498026
12497987
12497997
12498075
12498039
12498117
12498099
12498365
12498371
12498328
12498704
12497707
12497789
12497796
12497799
12497801
12497770
12497982
12497940
12498012
12498016
12498017
12498027
12498036
12498038
12497983
12497984
12498120
12498178
12498205
12498160
12498166
12498241
12498054
12497785
12497788
12497812
12497813
12516284
12498556
12497575
12497581
12497550
12497624
12497639
12497596
12497672
12497693
12497650
12497657
12498555
12497574
12497638
12497646
12498396
12497684
12498363
12498329
12498330
12498408
13388027
13505532
13510178
13510153
13510138
13510206
12151301
12359544
12548383
14096230
12978065
12978040
13025866
13010209
13024368
13025874
13351478
13351468
13359022
13388117
13388016
13388051
13388021
13388078
13388068
13376459
13376445
13376450
13376451
13376452
13376457
13376458
13376079
13376080
13376078
13376081
13376083
13381204
13381030
13381285
13381144
13381058
13383538
13388180
13388112
13388142
13388156
13388165
15004942
13363911
13142937
13142979
13464915
13464066
96119933
12326922
13142928
13142984
10059126
11318732
12498549
96117679
10228398
14403151
12497469
12497525
12497571
12497573
12497580
12497614
12497641
12498541
12497554
12498470
12498441
12498509
12499771
12499772
12499801
12499802
13510399
13510032
12497546
12497610
12497673
12497654
12497742
12498422
12498388
12498465
12497697
12497666
12498208
12498227
12498284
12498267
12498350
12498351
12499818
12499819
12497595
12498578
12497471
12497527
12497556
12498552
12497578
12497579
12497589
12497540
12497548
12497619
12548384
12152050
12151290
12151297
14914069
14914070
96120042
96118138
96120242
13582365
13230775
13464894
12978055
12548393
13010176
15544107
15544020
15544033
15543940
15543880
15543766
15543784
15544054
15544080
15544101
15544008
15544226
15544074
15543946
15543592
15543843
15544144
15543683
15544034
15543822
15543952
15544348
15543795
15543768
15544324
15543847
15543827
15543596
15543857
15543825
15544113
15544300
15543824
15543949
15544058
15543875
15544326
15543999
15542083
15542093
15542095
15542096
15542097
15542105
15542106
15542107
15542108
15543610
15543612
15543613
15543615
15543616
15543617
15543621
15543622
15543623
15543625
15543628
15543632
15543634
15543635
15543636
13614947
13614952
13614948
10023406
13613294
96119934
13142927
13142935
13142917
13142922
13376495
13376402
13376106
13376304
13376113
13376095
13376305
13376117
13376104
13376105
13376116
13376112
13376118
13383499
13388026
13142986
13142924
15542483
12056694
96120032
14112312
96111010
15542577
40899503
15086368
12304874
12499309
14301185
14300838
15543365
15543376
15543586
15543588
15543589
15543590
15543591
15543595
15543599
15543600
15543602
15543604
15543605
15543606
15543607
15543608
15541972
15541973
15541974
15542016
15542017
12978062
12499385
12499416
12499389
12499390
12499391
12499392
12499393
12499394
12499396
12499398
12498899
12498900
12498901
12498902
12498903
12498904
12498905
12498913
12498914
12498915
12498916
12498919
12498927
12498928
12498933
12516277
12516299
12516304
12516283
12497590
12497539
12497542
12497543
12497555
12497643
12497605
12498460
12498462
12498211
12498359
12498477
12498449
12497607
12498096
12498184
12498251
12498346
12498349
12498354
12498424
12498699
12498702
12498706
12497752
12497715
12497786
12497793
12497764
12497777
12497839
12497850
12497822
12497829
12497832
12497960
12497945
12498005
12498020
12497990
12497993
12498001
12498002
12498068
12498079
12498086
12498124
12498128
12498097
12497711
12497713
12497784
12497767
12497779
12497855
12497892
12497608
12497695
12497730
12497744
12498258
12498209
12498218
12498295
12498265
12498276
12498367
12498372
12498320
12498331
12498338
12498399
12151295
12548368
13505507
13509948
13510152
13510139
12516281
13505529
13505512
13505513
15543327
15543959
13142959
13142918
13143012
13142965
13142946
13153573
13142980
13142921
12059378
11155010
10059093
11335522
13351474
13351466
13367088
13367105
13367122
13367149
13367190
13381094
13376119
13363921
13388108
12498481
10444061
11160622
11160623
11947490
15541689
10023542
10023663
10227083
13614954
13614945
13613322
11251284
13066383
12498182
12498203
12498152
12498165
12498243
12498545
12497330
12497576
12497583
12497547
12497613
12497622
12497636
12498439
12498548
12497343
12498436
12498538
12497326
12498438
12498571
12497316
12498362
12498377
12498380
12498435
12498446
12498517
12498576
12497325
12498410
12498376
12498383
12498398
12500058
12500059
12500081
12500082
12500083
12500095
12500096
12500098
12500053
12500055
12500056
12500057
12500067
12500068
12500069
12500070
15543842
15543811
15544333
15543759
15543860
15544215
15544301
15543846
15544329
15543944
15543779
15543773
15543852
15543891
15543932
15544086
15543968
15544307
15543864
15543603
15544072
15543853
15543755
15544336
15543662
15543981
15543936
15543756
15543894
15543924
15543878
15544001
15544321
15544309
15543172
15543181
15543189
15543251
15543256
15543174
15543198
15543232
15543360
15543176
15543185
15543188
15543207
15543208
15543212
15543323
15543255
15543230
15543268
15543322
15543372
15542880
15542881
15542883
15542884
15541673
15541674
15541675
15541679
15541805
15541806
15542441
15542451
15542458
15542459
15542460
15542461
15542462
15542463
15542467
15542468
15542469
15542473
15542474
15542476
15542885
15541545
15544366
15542889
15543324
15542540
15542520
15542531
15543162
15542890
15542538
15544097
15541546
15542888
15544358
15544364
15544363
96115623
14096222
12398695
13505514
13505511
13505530
13510091
12498327
12498382
12498390
12498476
12498478
12498443
12498444
12498573
12498583
12498546
12516287
12498384
12497886
12497976
12498019
12498031
12498063
12498069
12498082
12498083
12498087
12500054
13142926
12978034
12978058
13142951
13143015
13294005
13143004
13153576
13153574
13367167
13367136
13367146
13367147
13367150
13367135
13367185
13367134
13367143
13367186
13367153
13367144
13367137
13367152
13367089
13367091
13367093
13367094
13367104
12987653
13363910
13381206
13388153
13388139
13388146
13388170
13388028
13388067
13388065
13388115
13388045
13388056
13388151
13388077
13388141
13388155
13388181
13383537
13505531
14914116
12318126
12304875
11500597
10228396
11545026
10444060
10444062
12499423
10024016
10059097
10059094
15544357
12497774
13609774
13609771
12130520
13383439
12497755
12340737
15032308
12498322
12498334
12498335
12498485
12498361
12497572
12497577
12497586
12497545
12497549
12497617
12497632
12497633
12498257
12498431
12498437
12497584
12497538
12497615
12497609
12497669
12497655
12497736
12497740
12498480
12499737
12499761
12499762
12498169
12498236
12498255
12498262
12498212
12498314
12498342
12497811
12497768
12497836
12497858
12497827
12497828
12497894
12497890
12497958
12497974
12497978
12497932
12498010
12498032
12498035
12498077
12498078
12498047
12498049
12498159
12498254
12498256
12498364
12498366
12498323
12498324
12498333
12497758
12497795
12497809
12497841
12497863
12497864
12497815
12497823
12497814
12497772
12497856
12499094
12499123
12499122
12499151
12499152
12499153
12499154
12538887
14384423
12516301
12682641
12682642
13388025
13510388
13510323
13510278
12515263
12497675
12497694
12497649
12497732
12498378
12498474
12498486
12499253
12499254
12499234
12499263
12499264
12499265
12499266
12499267
12499268
12499255
12499221
12499222
12499223
12499224
12499233
12499269
12499291
12499292
12499293
12499294
12499295
12499296
12499276
12499298
12499299
12499300
12499301
12499302
12499303
12499283
12499305
12499306
12499307
12499290
12499313
13010208
12548390
12978057
12978061
12978030
13146626
13142936
13143010
13142943
13142932
13142914
13142934
13142962
13142957
13142938
13142913
13010188
13010155
13010185
13025854
13143014
13142964
13466729
13381205
13381097
13383536
13383449
13388163
13388079
13388149
13388164
13388157
13388143
13376454
13376453
13376455
13381059
13376456
13376462
13143007
13381246
13363903
13363916
13363909
13363919
15544193
15543154
15543861
15543704
15544118
15543937
15543772
15543770
15543923
15543881
15543967
15544015
15544064
15544120
15543991
15544087
15544140
15543866
15543953
15543926
15543808
15543745
15543870
15543761
15544330
15543887
15543727
15544055
15544138
15544328
15544052
15543153
15543158
15543163
15543841
15544119
15544292
15544006
15543854
13592597
13592581
13592598
13592592
15542078
15542079
15542080
15542081
15542082
13010153
13010190
13010171
13614951
13614955
96085772
14099834
96119935
96111019
14263039
14263038
11618730
15032321
14263035
14263036
12498223
12498252
15032101
15032102
15032103
15032104
15032105
15032108
15032109
15032110
15032107
10227200
10265532
14515736
10023428
15032305
14403126
10444067
13613325
13613330
13998458
13230639
12059340
13142960
12498425
12498479
12498992
12498993
12498994
12498995
12499031
12498998
12498999
12499000
12499001
12499038
12499004
12499005
12499008
12499070
12499066
12499088
12499093
12499191
12499171
12499197
12499198
12499241
12499207
12499166
12499167
12499168
12499169
12499170
12499237
12499238
12499239
12499240
12499250
12499251
12499252
12516285
12498701
12498670
12498757
12498758
12498759
12498760
12498761
12497714
12497797
12497804
12497846
12497859
12497862
12497893
12497955
12497977
12497941
12498014
12498021
12498028
12498061
12498064
12498040
12498041
12498046
12498055
12498141
12498112
12498700
13230638
13337910
13337984
13142981
13142956
13388207
13381075
13381279
13381281
13381128
13381061
13381248
13383420
13383450
13383442
13383443
13518519
13010146
13010187
13592583
13592595
13592594
12516295
12516303
13510216
12330324
15543695
15543696
15543698
15543701
15543702
15543703
15543734
15543744
15543749
15543758
15543760
15543762
15543765
15543769
15543782
15543783
13463820
12965627
14099841
13609773
13609772
10226831
10227082
11545028
14099835
14099838
12498345
96111016
11545032
10534355
10024012
10023464
10023429
10023290
10024026
10023421
15032351
15032350
15032306
13010152
13010164
15543205
15543218
15543311
15543318
15543225
15543265
15543374
15544317
15543649
15543938
15544000
15544002
15544090
15543992
15544013
15544347
15543871
15544141
15543855
15543693
15543886
15544325
15544136
15543743
15544056
15544304
15543998
15544057
15544003
15544305
15544299
15543156
12978038
12978060
13010181
14402609
12340741
12340740
13381103
13381125
13381098
13381100
13381289
13381102
13381101
13388105
13388106
13388118
13388111
13388046
13381287
13388120
13388144
13388150
13465238
13367040
13367037
13363908
13363901
12057156
12055428
12055427
13592610
13592591
12497728
12516274
15543982
15544130
15544173
15543689
15543659
15543757
15543764
15544192
15544191
15543931
15544007
15543872
15544029
15544035
15544332
15543828
15543849
15544127
15543660
15543618
15543839
13510486
13510671
12664241
12664194
12664209
12664188
12664229
12664235
13752862
15732424
15732426
15732425
15763360
15760143
15760144
15760142
15763356
15761204
15763357
15763359
15761197
15761219
15761203
15761225
96401121
96401117
96401119
96401120
15770372
15770375
15770374
96401122
15081811
15146986
15076789
15076790
15186929
15454385
15081797
15010200
15086236
15055095
15374585
15230579
15005220
15770384
14268746
14163283
14164694
14183540
14183347
14157045
14274327
14253911
11446746
11384314
13383465
11543403
15543763
10263767
11531681
13142998
15543972
11731572
96358016
96346780
12130408
15692939
13181294
15692941
15692944
15696184
15716280
15716281
13181312
15719400
15692942
15692924
15692923
12342038
13181282
15692945
96323064
13381141
12653067
11242909
96117689
11453405
11315541
12498391
80411978
12498176
15543654
14156548
12498226
13510386
12497552
10444064
11829711
12498319
11335779
12548366
12661187
90122990
96117131
11234908
12730100
15543114
15543838
90121059
14211233
13022227
15543601
11321201
14199304
11271498
13388064
15544306
12559360
10409414
12497644
12498426
11637377
15543787
15507160
12382691
13359020
12497317
12499034
96310948
12852584
12657867
11456822
15544318
15543813
13381142
11531993
13381106
90121945
13510090
13463397
11461650
13383378
15544237
15543917
13022160
15542669
90126411
14183550
13222811
11743690
10444063
15541803
12669277
96111744
13460289
96182760
12498688
12497361
14640457
12653200
11316044
15542668
10264375
15004920
14195955
13142996
12808147
96111926
96124722
11557984
13381082
11671902
15542713
12498473
12498167
14648917
15544316
12498892
13383404
12696925
12499033
12498440
12659036
12497360
12498580
15543642
13383348
12498287
12548367
12498554
15543977
12498940
13381277
13383444
15543810
12498447
15543179
12498448
14403131
11545829
12498575
13613326
90118388
15543697
15543979
15542667
12498551
15543250
13388015
13383498
15543201
90117622
11532214
15032328
13592593
13383376
12498442
13383387
13010170
13383435
13381084
40899523
14917998
12691375
15543948
13359021
14300827
15544111
13510339
12548382
13383385
15543821
12499976
12548372
12498373
15543366
12497602
12499037
10227084
12498482
13510439
13383361
12497634
12497587
12498157
12499021
13383358
12499974
12497102
12820149
13383373
13383345
12498512
12499022
12499035
12497759
15543433
13010138
13383383
12498190
10023353
12544959
15543103
14300840
15544188
15694399
90123356
12696922
13142950
15542677
13383380
15542887
15544042
15543111
15544063
13510265
13388031
15544076
13510241
15542648
12499019
12548363
15543209
15542675
15543326
15543884
11545824
12497611
10059430
11185790
12497953
15542696
15543913
12657865
11673129
15544094
15542659
10444066
12497699
12498200
12498582
12497126
12498593
12499003
13388162
10227027
15542521
12498173
12498570
15543895
12498315
12682645
12498508
12999582
10227378
12516289
10023488
13381087
15543840
12497844
13613289
12498550
12151275
15542678
15543090
15543133
12498156
15544189
15544315
15543797
15542656
12566564
12497376
12653205
12658737
10227453
15543477
13592603
15543976
12498313
13592590
15541804
15004881
12499379
12516280
15542683
12497731
13383390
13376496
15544100
15544014
15543994
15542671
12498192
12497526
11545029
90126422
10059449
12915183
15543719
10227471
13376497
12656638
13383352
13592602
13351469
12499124
96109491
14169727
15542709
15544117
14403124
12498996
15544356
12548377
12497930
12130731
15543119
12498375
13383359
15544024
13142952
12986864
12497621
90121058
12497359
13510302
12658765
15543455
15543510
12318119
10023278
15543121
15543132
15544204
12497544
13381202
10024010
13383339
13381129
15544338
15542670
12152053
14507042
13464535
14403125
12498944
12497927
12677444
12657863
15543210
15542700
15543088
15544361
13510123
13376418
15544066
12498514
12497635
12500016
12497379
96089091
15543234
12497582
12498261
12498511
12151293
13142947
12548370
12548388
12152279
15543363
15543076
13510167
10023291
15543647
15542660
15542672
12497592
14402939
13363907
12499023
12508373
12680152
15543543
12687112
13363904
12497743
12497692
15542661
15542664
12498289
13383406
15543100
12497551
15543916
12986860
12498584
13381160
12497377
12497378
15543554
15544112
15543082
15543120
12498294
13383381
13381283
13388019
12497599
12498183
12497679
15543950
15544160
15543971
12497103
12498950
12387904
96090323
12051945
12755492
15543488
15543083
15543092
15543122
15543131
13383384
13381284
13381288
13381060
13367095
15544302
15544039
15543964
15542886
15544047
15542654
12497680
12497600
12498553
12498487
12498461
12499020
90123354
14471487
12658790
14403128
15542708
15544367
12498213
14300818
12498193
13383362
15543741
15542663
12498207
12497628
12498588
12497101
12498516
14515739
13388060
12498547
12498947
14402650
11545825
13388160
13381085
11813372
15543521
11160840
12516296
15542705
15543128
12516292
11185792
15543071
15542543
15544334
15543935
12986863
12978063
13592600
12497588
12498675
12499018
13010163
90123355
12691397
15543099
12497671
15543072
13367102
13383370
13383347
13383379
15543892
15543906
13010160
12515264
12498451
12499032
13010157
13609759
13388168
13381208
13551794
15543200
15542681
15543095
12497623
15544099
12498222
13381127
13381153
12498163
12498574
12497660
13383350
13388114
12359542
15543673
15544341
15543796
12497659
12986857
12986862
12987488
13383397
15541807
12498689
12499027
13388166
12151292
12691312
15543109
15543117
15543130
12497756
12497618
15544175
12516278
12498259
12498400
13383382
13388080
12516300
12987654
13383341
13383344
15543820
15544124
15543829
15542655
96117688
12978041
12498466
12497104
10024008
15543809
12498170
12498539
13010184
13609763
13634265
13383411
90121057
12497929
12247176
12656460
12820162
13462139
12987033
15543730
15541808
96117692
15542674
15543123
15543129
13010198
96115629
12498468
13383388
13381143
13381079
12516294
15544148
13010172
12170492
15543868
15544110
15542653
96117691
12498270
12497670
12147300
12498989
12499036
14300300
13381105
13388053
12949828
12510389
12497954
90121060
10226982
15542589
11339422
12657866
12130349
12548365
12151289
12151294
12497642
12497612
12497645
12497640
12498325
13510217
96111004
12151274
13510192
12497570
12497606
12498191
12498161
12498164
12498240
12498244
12498181
12498201
12498204
12497674
12498332
12497616
12498202
13509947
13510191
13510092
13510672
13510665
13510664
12498187
12498673
12498708
12498672
12498948
12498949
12499026
11545826
13510398
13510107
12498360
12498368
12498336
12498337
12498397
12498402
12498434
13510670
13510314
12497959
12497971
12498242
12498245
12498669
12498671
12497957
12497973
12498004
12498185
12498162
12498237
12498239
12498762
12498763
12498764
12498765
12498766
12498788
12498789
12498790
12498791
12498792
12498793
12498794
12498795
12498796
12498797
12498798
12498799
12499353
12499319
12499320
12499321
12499322
12499323
12499324
12499349
12499350
12499351
12499352
12499354
12499355
12499356
12499357
12499358
12499359
12499332
12151296
12151299
13613297
13613298
13613291
15210658
12694867
12656695
12658437
12691490
12658595
13464008
14403503
10023449
13464037
13010148
13367092
13388063
13388061
13388052
10023276
13367087
13367096
90117644
10023554
10023549
13367084
90142632
90086506
15543466
15543499
15543532
15543851
13142925
10059096
10023327
15542682
15542676
15542679
15542680
13010165
15543812
12498579
13388148
13363922
13363902
10023307
15004871
12498543
15543778
15544005
15544016
13388057
13592601
15543777
15543947
15543922
15543629
15543933
15543806
15543781
15543961
15543752
15543774
15543785
15543807
15543818
15543862
15543873
15542647
15542649
15542650
15542652
15542657
15542658
15542665
15542666
40899524
12497342
12497678
12497690
12498301
12497524
12499962
13505521
13505535
10023411
10023268
13388116
13388113
13388055
15543928
12498171
12498233
12498581
12499030
12499189
12499190
15032348
13142942
13010200
13613321
13609760
13609762
11318733
10058382
10023306
13613324
10023325
10023314
10023665
13142912
13142920
13388147
13388059
13367090
13367099
13367086
13367098
13367100
13367085
13367097
13367103
13367101
12498405
12497943
12497996
12497999
12498000
12498098
12498115
12498195
12497792
12497942
12498100
12498197
15032349
15032352
14917969
12340738
12340744
15543630
15543954
15543865
15544146
15543874
15544009
15543776
15543925
15543918
15544174
15543750
15544155
15544075
15544004
15543140
15543983
15543204
15543215
15543254
15543260
15543359
15543266
15543264
12499150
12499116
12499117
12499118
12499119
12499120
12499121
12499371
12499372
12849964
13592599
15542480
15542481
15542485
15542487
15542489
15542490
15542498
15542503
15542504
15542515
15542516
15542518
15542522
15542524
15542525
15542526
15542527
15542529
13363994
15543362
12510388
13504584
15542865
14233181
12694868
12687906
12150880
12688075
12153030
12498939
15543631
15543653
15543664
15543675
15543686
15543708
13359018
13359019
14914117
12150879
12498288
13010183
15543639
15543888
15543691
96111014
96086044
12497688
12986855
12986856
12986858
12986859
12986861
12497127
12497099
12497100
13383454
13359107
13359108
12548413
12498518
15032307
13142969
13383441
12497754
12498042
15542535
14886184
15543885
15543882
15543780
15542484
15542492
15542511
15542532
15542510
12150979
15544083
12659040
14099839
12548385
12548362
12548374
10227929
13388167
13388186
13388017
12499288
12548378
12548391
12657857
15541802
15541800
13142945
15542685
15542686
15542687
15542688
15542689
15542690
15542691
15542692
15542693
15542694
15542697
15542698
15542699
15542701
15542702
15542703
15542704
15542707
15542710
15542711
15542712
15543075
15543077
15543078
15543079
15543081
15543084
15543085
15543086
15543087
15543089
15543093
15543094
15543096
15543097
15543098
15543101
15543104
15543105
15543106
15543107
15543108
15543110
15543112
15543115
15543116
15543125
13010180
13142954
12498225
12498268
12498471
13383386
13381290
13381275
13464104
13617935
15544137
15543073
15543074
13010179
13383366
13383360
13383377
13388110
13388030
14403130
15544026
15544259
15544337
15544115
15544022
15543585
15543927
15541547
15543956
15543955
15544187
15543663
15544059
12498298
12498297
12497594
12498445
12497807
13381203
13351477
13388169
13388048
12500017
12498655
12498572
12978042
12978064
12978036
12999575
12999580
12999581
12999583
12999584
13010206
13388152
13388185
13388177
13388182
13351471
15542479
96111013
13376303
13376306
13376307
13376309
13376308
13381276
13388179
13388159
13388183
13388184
13388154
13381282
13388047
13388178
12498472
12498475
12498483
12497800
12497837
12497840
12497853
12497834
12497887
12497708
12497849
12497895
12497924
12498111
13010182
12978056
15543859
15544048
15544046
15543987
15544109
15543619
15543856
15544342
15543672
15543665
15544102
15544171
15544248
15543975
15543680
15544116
15544098
15544018
15543658
15544331
15544320
15544043
15544065
15544281
15541801
15541849
15543283
15543315
15543280
15543316
12655984
12655985
12655986
12499314
12499315
12499316
12499317
12499284
12499285
12499286
12499287
12499289
12499318
12682650
12682646
12682647
12682648
12682649
12682644
12499125
12057155
12153008
12657862
12548386
12548364
12657868
12677319
13010151
13142930
12147298
12687111
12498347
13381080
13383367
13383369
13383371
13383372
13383374
13383346
13383342
13383343
13383349
13383351
13383353
13383354
13383355
13383357
13383375
14403160
12498348
12499025
13142941
13383410
13142933
13142931
13381073
13381083
13381126
13367151
13367165
13367145
13367148
13367166
13367142
14263034
12498052
12498056
12498080
12498253
12498926
12497362
13381086
12677463
13381162
15543126
15543127
13383389
13383340
13143016
12497329
12497506
13383391
13383392
13383393
12500014
14515740
12498003
12498084
14515753
15543281
12664274
12498273
15004935
13463780
12498272
13634264
12499442
12498072
14403137
12990735
13209547
12820192
12662082
13381107
13143009
13381108
14403520
12498463
12498428
12498427
12498429
12498459
12497988
12498945
12498946
14640531
15004859
12658886
10227480
14300836
13592582
13010166
15543996
13376493
13376419
13613332
13376420
13376422
13510312
96150719
96150724
14325076
96081396
96270577
14254105
96132576
96291337
12992210
96291339
15132284
15289173
14733196
12436719
13969646
14711389
96243396
96070876
96061849
12673099
96061850
96087884
96271351
96183839
14597824
96263833
96001911
96248492
96277913
96291413
12624369
14056704
15453460
11677977
12427356
96081277
11884739
13592190
13191914
12067871
96150352
96083755
96243835
96084194
96137838
96166407
13387845
96166247
96176134
13969241
96214328
13878898
96047293
14077511
96234391
96221370
96090350
96090184
96090185
11443369
13981668
96126596
96209711
14950089
96130625
96240141
15312575
96137912
14169525
96237391
96193768
96036109
96038586
14152801
96104007
96003104
13619571
96150737
96083412
96083366
14790131
96085609
96086357
96085607
96085608
96085606
96273300
96268673
96047272
13421798
96042790
15147076
96001354
96135191
13578335
96274435
14183576
14345359
14151606
14469131
96260516
96307598
12248163
96247348
96247063
15158993
96290633
15005616
12713799
12801136
96305814
96033013
12347444
96225511
13933594
14104497
12997161
13064509
13412153
96159154
96308184
96322062
96341876
14833700
96297269
96319139
96367167
96150654
96011612
13452193
14297801
15136791
96344816
96044263
12725231
96121495
96043574
15292428
96342487
96317719
96258849
96281320
96255209
96317616
96357151
96313961
96296280
96345967
96350682
96350683
14995602
96234383
96204027
96290446
96204023
15468549
96223695
15127070
96263849
96305846
15376379
96265063
96108130
14866896
15357198
15189648
96088356
96354860
96281299
15577332
96346063
96271408
15467862
15358994
96128651
15279876
96359162
96296329
15383710
96297754
96268665
15281429
96305969
15306330
96221450
96090339
96127410
96289720
96260481
96229642
96310123
13008001
96339606
13819148
15411818
96317724
15234399
96290917
96214024
96339931
96009304
96234483
96268650
96330059
96297270
96297271
96239326
96129608
14038129
96201690
96089280
96137731
96108096
96033957
14733317
96186810
96080169
96297579
12624830
12662001
12680526
13376858
13400111
13841448
13936778
13936779
13991226
14067473
14253955
15081668
15180770
15284589
15315858
15369030
15522394
15525557
15525567
15525577
15688493
96104380
96111003
96111007
96111009
96111017
96111018
96111021
96118692
96119558
96136418
96150374
96230714
96233506
96234466
96264052
96264054
96264055
96264057
96300957
96320392
96360356
97870306
97870307
97870308
97871222
97871223
97875082
97875335
97875359
97875369
97875478
96296267
96296268
96296269
96296270
96296271
96296272
96264053
96264056
13802507
15076666
14268765
96367736
15088774
15259456
11343318
13782402
96225955
96230579
11760491
11938403
96354866
96354810
13324564
96353088
15399532
15079246
96289721
96307097
13968067
13968068
96269109
96136511
96310152
13355748
12070693
11701386
96263848
96264724
11701384
12479294
96138037
96263858
96225618
96133325
15254663
96264185
13422163
13659305
96326633
96044268
13404478
96045885
96045884
96047676
96045886
11701385
15255092
96263877